# frame: ENU, origin_lat=55.8104, origin_lon=37.4623, origin_alt=168.0, source=GNSS master status 2 of 37 train bags (tools/eval/splits.yaml), tools/pathgraph/build_route.py @ e62fdfc; branch 0 = westbound (east terminal -> west loop), branch 1 = eastbound (west terminal -> east terminal), branch >= 2 = terminal tracks in travel direction, start and/or end on another branch
branch,s_m,x_m,y_m
0,0.000,-0.156,-0.024
0,1.000,0.248,0.891
0,2.000,0.630,1.815
0,3.000,0.980,2.751
0,4.000,1.290,3.702
0,5.000,1.552,4.667
0,6.000,1.765,5.644
0,7.000,1.923,6.632
0,7.999,2.026,7.626
0,8.999,2.072,8.625
0,9.999,2.062,9.625
0,10.999,2.000,10.623
0,11.999,1.892,11.617
0,12.999,1.747,12.606
0,13.999,1.571,13.591
0,14.999,1.367,14.569
0,15.999,1.130,15.541
0,16.999,0.861,16.504
0,17.999,0.563,17.459
0,18.999,0.233,18.403
0,19.999,-0.127,19.335
0,20.999,-0.516,20.256
0,21.999,-0.937,21.163
0,22.998,-1.394,22.053
0,23.998,-1.883,22.925
0,24.998,-2.400,23.781
0,25.998,-2.941,24.622
0,26.998,-3.509,25.445
0,27.998,-4.101,26.250
0,28.998,-4.720,27.036
0,29.998,-5.368,27.797
0,30.998,-6.044,28.534
0,31.998,-6.747,29.245
0,32.998,-7.477,29.929
0,33.998,-8.232,30.584
0,34.998,-9.012,31.210
0,35.998,-9.816,31.804
0,36.997,-10.641,32.370
0,37.997,-11.484,32.908
0,38.997,-12.345,33.415
0,39.997,-13.226,33.888
0,40.997,-14.126,34.325
0,41.997,-15.042,34.726
0,42.997,-15.975,35.084
0,43.997,-16.925,35.397
0,44.997,-17.889,35.664
0,45.997,-18.864,35.883
0,46.997,-19.851,36.042
0,47.997,-20.846,36.147
0,48.997,-21.844,36.205
0,49.997,-22.844,36.232
0,50.997,-23.844,36.240
0,51.996,-24.844,36.235
0,52.996,-25.843,36.221
0,53.996,-26.843,36.204
0,54.996,-27.843,36.188
0,55.996,-28.843,36.179
0,56.996,-29.843,36.174
0,57.996,-30.843,36.180
0,58.996,-31.843,36.187
0,59.996,-32.843,36.198
0,60.996,-33.842,36.211
0,61.996,-34.842,36.231
0,62.996,-35.842,36.249
0,63.996,-36.842,36.260
0,64.996,-37.842,36.248
0,65.996,-38.841,36.206
0,66.995,-39.837,36.125
0,67.995,-40.830,36.002
0,68.995,-41.816,35.837
0,69.995,-42.795,35.635
0,70.995,-43.765,35.391
0,71.995,-44.725,35.112
0,72.995,-45.676,34.803
0,73.995,-46.618,34.467
0,74.995,-47.548,34.100
0,75.995,-48.463,33.696
0,76.995,-49.358,33.252
0,77.995,-50.233,32.767
0,78.995,-51.083,32.240
0,79.995,-51.907,31.674
0,80.995,-52.709,31.077
0,81.994,-53.489,30.451
0,82.994,-54.243,29.794
0,83.994,-54.972,29.110
0,84.994,-55.674,28.398
0,85.994,-56.346,27.657
0,86.994,-56.989,26.892
0,87.994,-57.610,26.108
0,88.994,-58.199,25.300
0,89.994,-58.755,24.468
0,90.994,-59.274,23.614
0,91.994,-59.765,22.743
0,92.994,-60.227,21.856
0,93.994,-60.661,20.955
0,94.994,-61.059,20.038
0,95.993,-61.421,19.106
0,96.993,-61.743,18.159
0,97.993,-62.025,17.200
0,98.993,-62.261,16.228
0,99.993,-62.451,15.246
0,100.993,-62.603,14.258
0,101.993,-62.711,13.264
0,102.993,-62.765,12.266
0,103.993,-62.776,11.266
0,104.993,-62.759,10.266
0,105.993,-62.724,9.267
0,106.993,-62.675,8.268
0,107.993,-62.623,7.269
0,108.993,-62.560,6.271
0,109.993,-62.496,5.274
0,110.992,-62.425,4.276
0,111.992,-62.355,3.279
0,112.992,-62.284,2.281
0,113.992,-62.217,1.284
0,114.992,-62.149,0.286
0,115.992,-62.076,-0.711
0,116.992,-62.002,-1.708
0,117.992,-61.924,-2.705
0,118.992,-61.847,-3.702
0,119.992,-61.768,-4.699
0,120.992,-61.689,-5.696
0,121.992,-61.611,-6.693
0,122.992,-61.529,-7.689
0,123.992,-61.447,-8.686
0,124.992,-61.369,-9.683
0,125.991,-61.293,-10.680
0,126.991,-61.216,-11.677
0,127.991,-61.143,-12.674
0,128.991,-61.070,-13.671
0,129.991,-60.996,-14.669
0,130.991,-60.923,-15.666
0,131.991,-60.847,-16.663
0,132.991,-60.771,-17.660
0,133.991,-60.694,-18.657
0,134.991,-60.620,-19.654
0,135.991,-60.549,-20.652
0,136.991,-60.481,-21.649
0,137.991,-60.413,-22.647
0,138.991,-60.346,-23.644
0,139.991,-60.277,-24.642
0,140.990,-60.204,-25.639
0,141.990,-60.131,-26.637
0,142.990,-60.059,-27.634
0,143.990,-59.987,-28.631
0,144.990,-59.915,-29.629
0,145.990,-59.844,-30.626
0,146.990,-59.770,-31.623
0,147.990,-59.695,-32.620
0,148.990,-59.620,-33.617
0,149.990,-59.545,-34.614
0,150.990,-59.468,-35.611
0,151.990,-59.391,-36.608
0,152.990,-59.315,-37.605
0,153.990,-59.242,-38.603
0,154.990,-59.169,-39.600
0,155.989,-59.095,-40.597
0,156.989,-59.020,-41.594
0,157.989,-58.942,-42.591
0,158.989,-58.864,-43.588
0,159.989,-58.786,-44.585
0,160.989,-58.708,-45.582
0,161.989,-58.631,-46.579
0,162.989,-58.555,-47.576
0,163.989,-58.479,-48.573
0,164.989,-58.405,-49.570
0,165.989,-58.334,-50.567
0,166.989,-58.263,-51.565
0,167.989,-58.190,-52.562
0,168.989,-58.116,-53.559
0,169.988,-58.042,-54.556
0,170.988,-57.971,-55.554
0,171.988,-57.905,-56.552
0,172.988,-57.841,-57.550
0,173.988,-57.779,-58.548
0,174.988,-57.715,-59.545
0,175.988,-57.646,-60.543
0,176.988,-57.575,-61.540
0,177.988,-57.502,-62.538
0,178.988,-57.427,-63.535
0,179.988,-57.350,-64.532
0,180.988,-57.274,-65.529
0,181.988,-57.200,-66.526
0,182.988,-57.132,-67.524
0,183.988,-57.065,-68.521
0,184.987,-57.006,-69.519
0,185.987,-56.946,-70.518
0,186.987,-56.881,-71.515
0,187.987,-56.813,-72.513
0,188.987,-56.748,-73.511
0,189.987,-56.689,-74.509
0,190.987,-56.640,-75.508
0,191.987,-56.600,-76.507
0,192.987,-56.570,-77.506
0,193.987,-56.549,-78.506
0,194.987,-56.545,-79.506
0,195.987,-56.555,-80.506
0,196.987,-56.577,-81.506
0,197.987,-56.613,-82.505
0,198.987,-56.664,-83.503
0,199.986,-56.727,-84.501
0,200.986,-56.802,-85.499
0,201.986,-56.895,-86.494
0,202.986,-57.022,-87.486
0,203.986,-57.190,-88.472
0,204.986,-57.404,-89.448
0,205.986,-57.662,-90.414
0,206.986,-57.966,-91.367
0,207.986,-58.306,-92.307
0,208.986,-58.684,-93.233
0,209.986,-59.097,-94.144
0,210.986,-59.554,-95.033
0,211.986,-60.058,-95.896
0,212.986,-60.597,-96.739
0,213.986,-61.155,-97.569
0,214.985,-61.722,-98.393
0,215.985,-62.289,-99.216
0,216.985,-62.858,-100.038
0,217.985,-63.426,-100.861
0,218.985,-63.992,-101.685
0,219.985,-64.555,-102.512
0,220.985,-65.113,-103.341
0,221.985,-65.668,-104.173
0,222.985,-66.221,-105.006
0,223.985,-66.773,-105.840
0,224.985,-67.329,-106.671
0,225.985,-67.888,-107.501
0,226.985,-68.446,-108.330
0,227.985,-69.005,-109.159
0,228.984,-69.563,-109.989
0,229.984,-70.120,-110.819
0,230.984,-70.678,-111.649
0,231.984,-71.234,-112.480
0,232.984,-71.787,-113.313
0,233.984,-72.339,-114.147
0,234.984,-72.893,-114.979
0,235.984,-73.451,-115.809
0,236.984,-74.010,-116.638
0,237.984,-74.571,-117.467
0,238.984,-75.131,-118.294
0,239.984,-75.690,-119.124
0,240.984,-76.244,-119.956
0,241.984,-76.796,-120.790
0,242.984,-77.348,-121.624
0,243.983,-77.897,-122.459
0,244.983,-78.444,-123.296
0,245.983,-78.993,-124.132
0,246.983,-79.542,-124.968
0,247.983,-80.093,-125.802
0,248.983,-80.648,-126.634
0,249.983,-81.207,-127.463
0,250.983,-81.770,-128.289
0,251.983,-82.335,-129.115
0,252.983,-82.899,-129.940
0,253.983,-83.459,-130.769
0,254.983,-84.015,-131.600
0,255.983,-84.570,-132.432
0,256.983,-85.124,-133.264
0,257.983,-85.677,-134.097
0,258.982,-86.231,-134.929
0,259.982,-86.788,-135.760
0,260.982,-87.342,-136.592
0,261.982,-87.896,-137.425
0,262.982,-88.448,-138.258
0,263.982,-88.997,-139.094
0,264.982,-89.546,-139.930
0,265.982,-90.094,-140.766
0,266.982,-90.642,-141.603
0,267.982,-91.193,-142.438
0,268.982,-91.747,-143.270
0,269.982,-92.304,-144.100
0,270.982,-92.863,-144.929
0,271.982,-93.424,-145.757
0,272.982,-93.983,-146.586
0,273.981,-94.540,-147.417
0,274.981,-95.095,-148.249
0,275.981,-95.645,-149.083
0,276.981,-96.195,-149.918
0,277.981,-96.748,-150.752
0,278.981,-97.304,-151.583
0,279.981,-97.872,-152.406
0,280.981,-98.437,-153.230
0,281.981,-99.001,-154.056
0,282.981,-99.561,-154.885
0,283.981,-100.117,-155.716
0,284.981,-100.671,-156.548
0,285.981,-101.225,-157.380
0,286.981,-101.779,-158.213
0,287.980,-102.335,-159.044
0,288.980,-102.888,-159.877
0,289.980,-103.442,-160.709
0,290.980,-103.999,-161.540
0,291.980,-104.556,-162.371
0,292.980,-105.113,-163.201
0,293.980,-105.669,-164.032
0,294.980,-106.213,-164.871
0,295.980,-106.765,-165.705
0,296.980,-107.318,-166.538
0,297.980,-107.879,-167.366
0,298.980,-108.441,-168.192
0,299.980,-109.007,-169.017
0,300.980,-109.563,-169.848
0,301.980,-110.115,-170.682
0,302.979,-110.663,-171.518
0,303.979,-111.219,-172.349
0,304.979,-111.775,-173.180
0,305.979,-112.327,-174.014
0,306.979,-112.881,-174.847
0,307.979,-113.436,-175.679
0,308.979,-114.005,-176.501
0,309.979,-114.564,-177.330
0,310.979,-115.117,-178.163
0,311.979,-115.678,-178.991
0,312.979,-116.224,-179.829
0,313.979,-116.773,-180.664
0,314.979,-117.317,-181.503
0,315.979,-117.874,-182.334
0,316.979,-118.431,-183.164
0,317.978,-118.988,-183.994
0,318.978,-119.541,-184.828
0,319.978,-120.102,-185.655
0,320.978,-120.661,-186.484
0,321.978,-121.221,-187.313
0,322.978,-121.780,-188.142
0,323.978,-122.333,-188.975
0,324.978,-122.893,-189.803
0,325.978,-123.455,-190.630
0,326.978,-124.007,-191.464
0,327.978,-124.574,-192.288
0,328.978,-125.131,-193.118
0,329.978,-125.689,-193.948
0,330.978,-126.233,-194.787
0,331.978,-126.790,-195.618
0,332.977,-127.337,-196.455
0,333.977,-127.886,-197.290
0,334.977,-128.424,-198.133
0,335.977,-128.986,-198.960
0,336.977,-129.545,-199.789
0,337.977,-130.108,-200.615
0,338.977,-130.670,-201.443
0,339.977,-131.237,-202.266
0,340.977,-131.803,-203.091
0,341.977,-132.371,-203.914
0,342.977,-132.923,-204.747
0,343.977,-133.479,-205.578
0,344.977,-134.032,-206.411
0,345.977,-134.587,-207.243
0,346.977,-135.128,-208.084
0,347.976,-135.679,-208.919
0,348.976,-136.231,-209.753
0,349.976,-136.787,-210.583
0,350.976,-137.330,-211.423
0,351.976,-137.882,-212.257
0,352.976,-138.435,-213.090
0,353.976,-138.989,-213.922
0,354.976,-139.540,-214.757
0,355.976,-140.093,-215.590
0,356.976,-140.644,-216.424
0,357.976,-141.198,-217.256
0,358.976,-141.753,-218.089
0,359.976,-142.306,-218.922
0,360.976,-142.861,-219.753
0,361.975,-143.419,-220.583
0,362.975,-143.975,-221.414
0,363.975,-144.526,-222.249
0,364.975,-145.076,-223.083
0,365.975,-145.629,-223.917
0,366.975,-146.183,-224.749
0,367.975,-146.738,-225.581
0,368.975,-147.294,-226.412
0,369.975,-147.853,-227.242
0,370.975,-148.411,-228.071
0,371.975,-148.967,-228.902
0,372.975,-149.523,-229.733
0,373.975,-150.078,-230.565
0,374.975,-150.635,-231.396
0,375.975,-151.189,-232.228
0,376.974,-151.744,-233.060
0,377.974,-152.298,-233.892
0,378.974,-152.852,-234.724
0,379.974,-153.408,-235.555
0,380.974,-153.962,-236.388
0,381.974,-154.511,-237.224
0,382.974,-155.059,-238.060
0,383.974,-155.606,-238.897
0,384.974,-156.156,-239.732
0,385.974,-156.707,-240.566
0,386.974,-157.262,-241.399
0,387.974,-157.819,-242.229
0,388.974,-158.378,-243.058
0,389.974,-158.937,-243.887
0,390.974,-159.495,-244.717
0,391.973,-160.052,-245.547
0,392.973,-160.605,-246.381
0,393.973,-161.156,-247.215
0,394.973,-161.704,-248.051
0,395.973,-162.256,-248.885
0,396.973,-162.807,-249.719
0,397.973,-163.361,-250.552
0,398.973,-163.915,-251.384
0,399.973,-164.467,-252.218
0,400.973,-165.019,-253.052
0,401.973,-165.575,-253.883
0,402.973,-166.132,-254.713
0,403.973,-166.689,-255.544
0,404.973,-167.247,-256.373
0,405.973,-167.810,-257.200
0,406.972,-168.370,-258.029
0,407.972,-168.924,-258.861
0,408.972,-169.473,-259.697
0,409.972,-170.022,-260.532
0,410.972,-170.569,-261.369
0,411.972,-171.118,-262.205
0,412.972,-171.669,-263.040
0,413.972,-172.236,-263.863
0,414.972,-172.796,-264.692
0,415.972,-173.361,-265.517
0,416.972,-173.915,-266.349
0,417.972,-174.472,-267.180
0,418.972,-175.033,-268.007
0,419.972,-175.584,-268.842
0,420.971,-176.131,-269.679
0,421.971,-176.678,-270.516
0,422.971,-177.231,-271.348
0,423.971,-177.792,-272.176
0,424.971,-178.351,-273.006
0,425.971,-178.909,-273.836
0,426.971,-179.468,-274.665
0,427.971,-180.028,-275.493
0,428.971,-180.580,-276.327
0,429.971,-181.133,-277.160
0,430.971,-181.679,-277.997
0,431.971,-182.230,-278.832
0,432.971,-182.780,-279.667
0,433.971,-183.322,-280.507
0,434.971,-183.875,-281.340
0,435.970,-184.433,-282.170
0,436.970,-184.999,-282.995
0,437.970,-185.564,-283.819
0,438.970,-186.127,-284.646
0,439.970,-186.689,-285.473
0,440.970,-187.249,-286.301
0,441.970,-187.803,-287.134
0,442.970,-188.351,-287.970
0,443.970,-188.890,-288.812
0,444.970,-189.431,-289.653
0,445.970,-189.974,-290.493
0,446.970,-190.520,-291.330
0,447.970,-191.069,-292.166
0,448.970,-191.631,-292.994
0,449.970,-192.202,-293.814
0,450.969,-192.784,-294.627
0,451.969,-193.371,-295.437
0,452.969,-193.959,-296.245
0,453.969,-194.539,-297.060
0,454.969,-195.109,-297.881
0,455.969,-195.655,-298.719
0,456.969,-196.169,-299.577
0,457.969,-196.650,-300.454
0,458.969,-197.115,-301.339
0,459.969,-197.604,-302.211
0,460.969,-198.138,-303.056
0,461.969,-198.723,-303.867
0,462.969,-199.354,-304.643
0,463.969,-200.009,-305.398
0,464.969,-200.662,-306.156
0,465.968,-201.277,-306.944
0,466.968,-201.841,-307.770
0,467.968,-202.358,-308.626
0,468.968,-202.840,-309.502
0,469.968,-203.299,-310.390
0,470.968,-203.775,-311.270
0,471.968,-204.287,-312.128
0,472.968,-204.835,-312.965
0,473.968,-205.411,-313.782
0,474.968,-206.001,-314.589
0,475.968,-206.593,-315.395
0,476.968,-207.178,-316.206
0,477.968,-207.753,-317.024
0,478.968,-208.315,-317.851
0,479.967,-208.866,-318.685
0,480.967,-209.411,-319.524
0,481.967,-209.956,-320.362
0,482.967,-210.502,-321.200
0,483.967,-211.049,-322.037
0,484.967,-211.596,-322.874
0,485.967,-212.145,-323.710
0,486.967,-212.695,-324.545
0,487.967,-213.249,-325.377
0,488.967,-213.805,-326.208
0,489.967,-214.362,-327.039
0,490.967,-214.920,-327.869
0,491.967,-215.477,-328.699
0,492.967,-216.034,-329.530
0,493.967,-216.591,-330.360
0,494.966,-217.149,-331.190
0,495.966,-217.709,-332.018
0,496.966,-218.269,-332.847
0,497.966,-218.827,-333.676
0,498.966,-219.382,-334.508
0,499.966,-219.935,-335.341
0,500.966,-220.488,-336.174
0,501.966,-221.039,-337.009
0,502.966,-221.591,-337.842
0,503.966,-222.142,-338.677
0,504.966,-222.694,-339.510
0,505.966,-223.247,-340.344
0,506.966,-223.800,-341.177
0,507.966,-224.355,-342.008
0,508.966,-224.909,-342.841
0,509.965,-225.464,-343.673
0,510.965,-226.017,-344.506
0,511.965,-226.571,-345.338
0,512.965,-227.126,-346.170
0,513.965,-227.680,-347.002
0,514.965,-228.234,-347.835
0,515.965,-228.787,-348.668
0,516.965,-229.339,-349.502
0,517.965,-229.889,-350.337
0,518.965,-230.442,-351.170
0,519.965,-230.996,-352.002
0,520.965,-231.551,-352.834
0,521.965,-232.105,-353.667
0,522.965,-232.658,-354.500
0,523.965,-233.211,-355.333
0,524.964,-233.764,-356.166
0,525.964,-234.317,-356.999
0,526.964,-234.870,-357.832
0,527.964,-235.423,-358.665
0,528.964,-235.976,-359.498
0,529.964,-236.530,-360.331
0,530.964,-237.085,-361.162
0,531.964,-237.643,-361.992
0,532.964,-238.203,-362.821
0,533.964,-238.764,-363.649
0,534.964,-239.324,-364.477
0,535.964,-239.882,-365.307
0,536.964,-240.439,-366.137
0,537.964,-240.994,-366.969
0,538.964,-241.549,-367.800
0,539.963,-242.105,-368.632
0,540.963,-242.660,-369.464
0,541.963,-243.213,-370.297
0,542.963,-243.765,-371.130
0,543.963,-244.318,-371.964
0,544.963,-244.870,-372.797
0,545.963,-245.422,-373.631
0,546.963,-245.975,-374.464
0,547.963,-246.530,-375.296
0,548.963,-247.085,-376.128
0,549.963,-247.640,-376.959
0,550.963,-248.194,-377.792
0,551.963,-248.750,-378.623
0,552.963,-249.306,-379.454
0,553.962,-249.862,-380.285
0,554.962,-250.420,-381.115
0,555.962,-250.978,-381.945
0,556.962,-251.537,-382.774
0,557.962,-252.095,-383.604
0,558.962,-252.650,-384.435
0,559.962,-253.204,-385.267
0,560.962,-253.759,-386.099
0,561.962,-254.314,-386.931
0,562.962,-254.865,-387.765
0,563.962,-255.413,-388.602
0,564.962,-255.961,-389.439
0,565.962,-256.511,-390.274
0,566.962,-257.063,-391.107
0,567.962,-257.618,-391.939
0,568.961,-258.177,-392.768
0,569.961,-258.738,-393.596
0,570.961,-259.299,-394.424
0,571.961,-259.860,-395.251
0,572.961,-260.424,-396.077
0,573.961,-260.995,-396.898
0,574.961,-261.570,-397.716
0,575.961,-262.146,-398.533
0,576.961,-262.721,-399.351
0,577.961,-263.295,-400.170
0,578.961,-263.867,-400.991
0,579.961,-264.438,-401.811
0,580.961,-265.012,-402.630
0,581.961,-265.589,-403.447
0,582.961,-266.169,-404.261
0,583.960,-266.754,-405.072
0,584.960,-267.343,-405.880
0,585.960,-267.931,-406.689
0,586.960,-268.520,-407.497
0,587.960,-269.110,-408.304
0,588.960,-269.705,-409.108
0,589.960,-270.306,-409.907
0,590.960,-270.912,-410.702
0,591.960,-271.523,-411.494
0,592.960,-272.141,-412.281
0,593.960,-272.763,-413.063
0,594.960,-273.391,-413.841
0,595.960,-274.021,-414.618
0,596.960,-274.656,-415.390
0,597.960,-275.295,-416.159
0,598.959,-275.939,-416.924
0,599.959,-276.588,-417.685
0,600.959,-277.244,-418.439
0,601.959,-277.909,-419.186
0,602.959,-278.579,-419.928
0,603.959,-279.251,-420.669
0,604.959,-279.926,-421.407
0,605.959,-280.603,-422.142
0,606.959,-281.282,-422.877
0,607.959,-281.961,-423.611
0,608.959,-282.638,-424.347
0,609.959,-283.314,-425.084
0,610.959,-283.991,-425.819
0,611.959,-284.671,-426.552
0,612.958,-285.354,-427.283
0,613.958,-286.040,-428.010
0,614.958,-286.729,-428.735
0,615.958,-287.421,-429.457
0,616.958,-288.115,-430.177
0,617.958,-288.812,-430.893
0,618.958,-289.515,-431.605
0,619.958,-290.221,-432.313
0,620.958,-290.930,-433.018
0,621.958,-291.642,-433.720
0,622.958,-292.358,-434.418
0,623.958,-293.074,-435.116
0,624.958,-293.791,-435.813
0,625.958,-294.507,-436.511
0,626.958,-295.223,-437.209
0,627.957,-295.944,-437.902
0,628.957,-296.666,-438.593
0,629.957,-297.391,-439.283
0,630.957,-298.113,-439.974
0,631.957,-298.836,-440.665
0,632.957,-299.561,-441.353
0,633.957,-300.289,-442.039
0,634.957,-301.022,-442.719
0,635.957,-301.761,-443.393
0,636.957,-302.506,-444.060
0,637.957,-303.255,-444.723
0,638.957,-304.008,-445.380
0,639.957,-304.768,-446.030
0,640.957,-305.532,-446.675
0,641.957,-306.301,-447.314
0,642.956,-307.072,-447.951
0,643.956,-307.844,-448.586
0,644.956,-308.618,-449.219
0,645.956,-309.393,-449.852
0,646.956,-310.169,-450.481
0,647.956,-310.948,-451.109
0,648.956,-311.729,-451.733
0,649.956,-312.513,-452.354
0,650.956,-313.299,-452.972
0,651.956,-314.089,-453.585
0,652.956,-314.883,-454.193
0,653.956,-315.681,-454.795
0,654.956,-316.482,-455.395
0,655.956,-317.286,-455.989
0,656.956,-318.094,-456.578
0,657.955,-318.903,-457.165
0,658.955,-319.712,-457.753
0,659.955,-320.521,-458.340
0,660.955,-321.330,-458.928
0,661.955,-322.140,-459.514
0,662.955,-322.952,-460.098
0,663.955,-323.765,-460.680
0,664.955,-324.580,-461.260
0,665.955,-325.394,-461.841
0,666.955,-326.205,-462.425
0,667.955,-327.011,-463.017
0,668.955,-327.814,-463.613
0,669.955,-328.614,-464.213
0,670.955,-329.413,-464.813
0,671.954,-330.214,-465.413
0,672.954,-331.018,-466.007
0,673.954,-331.828,-466.594
0,674.954,-332.645,-467.170
0,675.954,-333.471,-467.734
0,676.954,-334.303,-468.287
0,677.954,-335.141,-468.834
0,678.954,-335.983,-469.373
0,679.954,-336.828,-469.908
0,680.954,-337.677,-470.436
0,681.954,-338.530,-470.958
0,682.954,-339.388,-471.471
0,683.954,-340.250,-471.978
0,684.954,-341.115,-472.480
0,685.954,-341.982,-472.978
0,686.953,-342.849,-473.477
0,687.953,-343.715,-473.975
0,688.953,-344.582,-474.474
0,689.953,-345.450,-474.971
0,690.953,-346.319,-475.466
0,691.953,-347.189,-475.957
0,692.953,-348.061,-476.447
0,693.953,-348.934,-476.935
0,694.953,-349.808,-477.421
0,695.953,-350.684,-477.902
0,696.953,-351.562,-478.381
0,697.953,-352.441,-478.858
0,698.953,-353.322,-479.332
0,699.953,-354.204,-479.803
0,700.953,-355.088,-480.270
0,701.952,-355.975,-480.731
0,702.952,-356.865,-481.187
0,703.952,-357.758,-481.637
0,704.952,-358.652,-482.085
0,705.952,-359.545,-482.534
0,706.952,-360.439,-482.984
0,707.952,-361.332,-483.432
0,708.952,-362.227,-483.878
0,709.952,-363.123,-484.322
0,710.952,-364.020,-484.765
0,711.952,-364.918,-485.203
0,712.952,-365.819,-485.639
0,713.952,-366.722,-486.068
0,714.952,-367.627,-486.493
0,715.952,-368.534,-486.914
0,716.951,-369.442,-487.332
0,717.951,-370.352,-487.747
0,718.951,-371.263,-488.159
0,719.951,-372.176,-488.568
0,720.951,-373.090,-488.973
0,721.951,-374.005,-489.376
0,722.951,-374.921,-489.777
0,723.951,-375.838,-490.176
0,724.951,-376.756,-490.573
0,725.951,-377.673,-490.969
0,726.951,-378.592,-491.365
0,727.951,-379.512,-491.757
0,728.951,-380.432,-492.147
0,729.951,-381.356,-492.531
0,730.951,-382.281,-492.909
0,731.950,-383.210,-493.281
0,732.950,-384.139,-493.650
0,733.950,-385.068,-494.019
0,734.950,-385.997,-494.390
0,735.950,-386.925,-494.763
0,736.950,-387.852,-495.136
0,737.950,-388.780,-495.510
0,738.950,-389.707,-495.884
0,739.950,-390.635,-496.256
0,740.950,-391.565,-496.624
0,741.950,-392.495,-496.991
0,742.950,-393.426,-497.356
0,743.950,-394.359,-497.717
0,744.950,-395.291,-498.078
0,745.949,-396.223,-498.441
0,746.949,-397.154,-498.804
0,747.949,-398.086,-499.168
0,748.949,-399.017,-499.532
0,749.949,-399.949,-499.896
0,750.949,-400.880,-500.260
0,751.949,-401.811,-500.624
0,752.949,-402.743,-500.987
0,753.949,-403.675,-501.349
0,754.949,-404.607,-501.711
0,755.949,-405.539,-502.073
0,756.949,-406.472,-502.433
0,757.949,-407.405,-502.792
0,758.949,-408.340,-503.147
0,759.949,-409.276,-503.498
0,760.948,-410.213,-503.847
0,761.948,-411.152,-504.192
0,762.948,-412.091,-504.535
0,763.948,-413.032,-504.873
0,764.948,-413.975,-505.206
0,765.948,-414.920,-505.533
0,766.948,-415.866,-505.856
0,767.948,-416.814,-506.177
0,768.948,-417.761,-506.496
0,769.948,-418.710,-506.811
0,770.948,-419.660,-507.123
0,771.948,-420.612,-507.430
0,772.948,-421.565,-507.732
0,773.948,-422.519,-508.033
0,774.948,-423.473,-508.333
0,775.947,-424.427,-508.629
0,776.947,-425.384,-508.922
0,777.947,-426.341,-509.209
0,778.947,-427.301,-509.489
0,779.947,-428.262,-509.766
0,780.947,-429.225,-510.035
0,781.947,-430.189,-510.300
0,782.947,-431.156,-510.557
0,783.947,-432.124,-510.808
0,784.947,-433.093,-511.053
0,785.947,-434.064,-511.292
0,786.947,-435.036,-511.526
0,787.947,-436.009,-511.756
0,788.947,-436.983,-511.982
0,789.947,-437.959,-512.203
0,790.946,-438.935,-512.418
0,791.946,-439.912,-512.631
0,792.946,-440.890,-512.842
0,793.946,-441.867,-513.051
0,794.946,-442.846,-513.256
0,795.946,-443.825,-513.460
0,796.946,-444.805,-513.661
0,797.946,-445.784,-513.861
0,798.946,-446.765,-514.057
0,799.946,-447.746,-514.250
0,800.946,-448.727,-514.442
0,801.946,-449.709,-514.633
0,802.946,-450.690,-514.824
0,803.946,-451.672,-515.014
0,804.945,-452.654,-515.203
0,805.945,-453.636,-515.390
0,806.945,-454.619,-515.574
0,807.945,-455.602,-515.757
0,808.945,-456.585,-515.938
0,809.945,-457.569,-516.121
0,810.945,-458.551,-516.306
0,811.945,-459.534,-516.490
0,812.945,-460.517,-516.675
0,813.945,-461.499,-516.863
0,814.945,-462.481,-517.052
0,815.945,-463.463,-517.241
0,816.945,-464.445,-517.428
0,817.945,-465.428,-517.609
0,818.945,-466.413,-517.786
0,819.944,-467.398,-517.955
0,820.944,-468.385,-518.118
0,821.944,-469.372,-518.276
0,822.944,-470.360,-518.432
0,823.944,-471.348,-518.585
0,824.944,-472.336,-518.738
0,825.944,-473.324,-518.894
0,826.944,-474.311,-519.054
0,827.944,-475.297,-519.219
0,828.944,-476.283,-519.383
0,829.944,-477.270,-519.546
0,830.944,-478.257,-519.708
0,831.944,-479.244,-519.866
0,832.944,-480.232,-520.022
0,833.944,-481.220,-520.174
0,834.943,-482.209,-520.323
0,835.943,-483.198,-520.468
0,836.943,-484.188,-520.611
0,837.943,-485.178,-520.753
0,838.943,-486.167,-520.896
0,839.943,-487.157,-521.039
0,840.943,-488.147,-521.182
0,841.943,-489.136,-521.325
0,842.943,-490.126,-521.465
0,843.943,-491.117,-521.604
0,844.943,-492.107,-521.740
0,845.943,-493.098,-521.874
0,846.943,-494.089,-522.008
0,847.943,-495.080,-522.140
0,848.943,-496.072,-522.271
0,849.942,-497.063,-522.402
0,850.942,-498.054,-522.533
0,851.942,-499.046,-522.663
0,852.942,-500.037,-522.791
0,853.942,-501.029,-522.918
0,854.942,-502.021,-523.045
0,855.942,-503.013,-523.172
0,856.942,-504.005,-523.300
0,857.942,-504.996,-523.427
0,858.942,-505.988,-523.554
0,859.942,-506.980,-523.680
0,860.942,-507.972,-523.809
0,861.942,-508.963,-523.941
0,862.942,-509.954,-524.077
0,863.941,-510.944,-524.213
0,864.941,-511.935,-524.346
0,865.941,-512.927,-524.477
0,866.941,-513.918,-524.607
0,867.941,-514.909,-524.739
0,868.941,-515.900,-524.872
0,869.941,-516.891,-525.005
0,870.941,-517.883,-525.136
0,871.941,-518.874,-525.266
0,872.941,-519.865,-525.397
0,873.941,-520.857,-525.528
0,874.941,-521.848,-525.659
0,875.941,-522.839,-525.793
0,876.941,-523.830,-525.929
0,877.941,-524.820,-526.063
0,878.940,-525.811,-526.197
0,879.940,-526.802,-526.330
0,880.940,-527.793,-526.465
0,881.940,-528.784,-526.599
0,882.940,-529.775,-526.732
0,883.940,-530.766,-526.865
0,884.940,-531.757,-526.997
0,885.940,-532.748,-527.130
0,886.940,-533.740,-527.261
0,887.940,-534.731,-527.390
0,888.940,-535.723,-527.518
0,889.940,-536.715,-527.646
0,890.940,-537.706,-527.773
0,891.940,-538.698,-527.901
0,892.940,-539.690,-528.030
0,893.939,-540.681,-528.160
0,894.939,-541.673,-528.290
0,895.939,-542.664,-528.421
0,896.939,-543.656,-528.550
0,897.939,-544.647,-528.680
0,898.939,-545.638,-528.810
0,899.939,-546.630,-528.941
0,900.939,-547.621,-529.072
0,901.939,-548.612,-529.202
0,902.939,-549.604,-529.334
0,903.939,-550.595,-529.467
0,904.939,-551.586,-529.600
0,905.939,-552.577,-529.733
0,906.939,-553.568,-529.867
0,907.939,-554.559,-530.001
0,908.938,-555.549,-530.136
0,909.938,-556.540,-530.271
0,910.938,-557.531,-530.405
0,911.938,-558.522,-530.538
0,912.938,-559.513,-530.670
0,913.938,-560.505,-530.801
0,914.938,-561.496,-530.933
0,915.938,-562.487,-531.064
0,916.938,-563.479,-531.194
0,917.938,-564.470,-531.324
0,918.938,-565.462,-531.454
0,919.938,-566.453,-531.585
0,920.938,-567.444,-531.717
0,921.938,-568.435,-531.849
0,922.937,-569.426,-531.981
0,923.937,-570.418,-532.111
0,924.937,-571.409,-532.242
0,925.937,-572.400,-532.373
0,926.937,-573.392,-532.505
0,927.937,-574.383,-532.637
0,928.937,-575.374,-532.769
0,929.937,-576.365,-532.900
0,930.937,-577.357,-533.032
0,931.937,-578.347,-533.166
0,932.937,-579.338,-533.301
0,933.937,-580.329,-533.437
0,934.937,-581.320,-533.571
0,935.937,-582.311,-533.701
0,936.937,-583.303,-533.831
0,937.936,-584.294,-533.961
0,938.936,-585.286,-534.091
0,939.936,-586.277,-534.221
0,940.936,-587.268,-534.354
0,941.936,-588.259,-534.489
0,942.936,-589.250,-534.624
0,943.936,-590.240,-534.760
0,944.936,-591.231,-534.897
0,945.936,-592.221,-535.035
0,946.936,-593.212,-535.172
0,947.936,-594.202,-535.307
0,948.936,-595.193,-535.440
0,949.936,-596.185,-535.571
0,950.936,-597.176,-535.701
0,951.936,-598.168,-535.828
0,952.935,-599.159,-535.958
0,953.935,-600.151,-536.090
0,954.935,-601.142,-536.224
0,955.935,-602.132,-536.358
0,956.935,-603.123,-536.493
0,957.935,-604.114,-536.626
0,958.935,-605.105,-536.758
0,959.935,-606.097,-536.889
0,960.935,-607.088,-537.019
0,961.935,-608.080,-537.149
0,962.935,-609.071,-537.280
0,963.935,-610.062,-537.412
0,964.935,-611.053,-537.545
0,965.935,-612.044,-537.679
0,966.935,-613.035,-537.816
0,967.934,-614.025,-537.951
0,968.934,-615.016,-538.086
0,969.934,-616.007,-538.223
0,970.934,-616.997,-538.360
0,971.934,-617.988,-538.496
0,972.934,-618.979,-538.628
0,973.934,-619.970,-538.759
0,974.934,-620.962,-538.889
0,975.934,-621.953,-539.019
0,976.934,-622.944,-539.153
0,977.934,-623.934,-539.292
0,978.934,-624.924,-539.434
0,979.934,-625.914,-539.579
0,980.934,-626.903,-539.724
0,981.934,-627.893,-539.865
0,982.933,-628.883,-540.003
0,983.933,-629.874,-540.140
0,984.933,-630.865,-540.273
0,985.933,-631.856,-540.403
0,986.933,-632.848,-540.532
0,987.933,-633.840,-540.660
0,988.933,-634.831,-540.786
0,989.933,-635.824,-540.911
0,990.933,-636.816,-541.037
0,991.933,-637.807,-541.163
0,992.933,-638.799,-541.294
0,993.933,-639.790,-541.427
0,994.933,-640.781,-541.562
0,995.933,-641.771,-541.696
0,996.932,-642.762,-541.833
0,997.932,-643.752,-541.970
0,998.932,-644.743,-542.107
0,999.932,-645.734,-542.240
0,1000.932,-646.725,-542.370
0,1001.932,-647.717,-542.498
0,1002.932,-648.709,-542.624
0,1003.932,-649.701,-542.750
0,1004.932,-650.693,-542.878
0,1005.932,-651.684,-543.008
0,1006.932,-652.676,-543.136
0,1007.932,-653.668,-543.259
0,1008.932,-654.661,-543.380
0,1009.932,-655.654,-543.500
0,1010.932,-656.646,-543.622
0,1011.931,-657.639,-543.743
0,1012.931,-658.631,-543.863
0,1013.931,-659.624,-543.981
0,1014.931,-660.618,-544.095
0,1015.931,-661.612,-544.205
0,1016.931,-662.606,-544.312
0,1017.931,-663.600,-544.416
0,1018.931,-664.595,-544.519
0,1019.931,-665.590,-544.621
0,1020.931,-666.584,-544.724
0,1021.931,-667.579,-544.828
0,1022.931,-668.573,-544.933
0,1023.931,-669.567,-545.040
0,1024.931,-670.562,-545.146
0,1025.931,-671.556,-545.253
0,1026.930,-672.550,-545.360
0,1027.930,-673.544,-545.470
0,1028.930,-674.538,-545.580
0,1029.930,-675.532,-545.690
0,1030.930,-676.526,-545.796
0,1031.930,-677.520,-545.900
0,1032.930,-678.515,-546.001
0,1033.930,-679.510,-546.099
0,1034.930,-680.506,-546.196
0,1035.930,-681.501,-546.292
0,1036.930,-682.496,-546.385
0,1037.930,-683.492,-546.476
0,1038.930,-684.488,-546.563
0,1039.930,-685.485,-546.648
0,1040.930,-686.481,-546.731
0,1041.929,-687.478,-546.810
0,1042.929,-688.475,-546.886
0,1043.929,-689.472,-546.962
0,1044.929,-690.469,-547.039
0,1045.929,-691.466,-547.117
0,1046.929,-692.463,-547.196
0,1047.929,-693.460,-547.274
0,1048.929,-694.457,-547.349
0,1049.929,-695.454,-547.427
0,1050.929,-696.450,-547.506
0,1051.929,-697.447,-547.589
0,1052.929,-698.443,-547.672
0,1053.929,-699.440,-547.758
0,1054.929,-700.436,-547.846
0,1055.928,-701.432,-547.936
0,1056.928,-702.427,-548.026
0,1057.928,-703.424,-548.111
0,1058.928,-704.421,-548.187
0,1059.928,-705.418,-548.258
0,1060.928,-706.416,-548.323
0,1061.928,-707.414,-548.384
0,1062.928,-708.412,-548.443
0,1063.928,-709.410,-548.501
0,1064.928,-710.409,-548.561
0,1065.928,-711.407,-548.624
0,1066.928,-712.404,-548.691
0,1067.928,-713.401,-548.766
0,1068.928,-714.398,-548.848
0,1069.928,-715.394,-548.935
0,1070.927,-716.390,-549.021
0,1071.927,-717.387,-549.106
0,1072.927,-718.383,-549.188
0,1073.927,-719.380,-549.266
0,1074.927,-720.377,-549.341
0,1075.927,-721.374,-549.414
0,1076.927,-722.372,-549.487
0,1077.927,-723.369,-549.560
0,1078.927,-724.366,-549.634
0,1079.927,-725.363,-549.707
0,1080.927,-726.361,-549.778
0,1081.927,-727.358,-549.849
0,1082.927,-728.356,-549.921
0,1083.927,-729.353,-549.996
0,1084.927,-730.350,-550.070
0,1085.926,-731.347,-550.145
0,1086.926,-732.344,-550.220
0,1087.926,-733.341,-550.296
0,1088.926,-734.338,-550.372
0,1089.926,-735.335,-550.445
0,1090.926,-736.333,-550.513
0,1091.926,-737.331,-550.577
0,1092.926,-738.329,-550.639
0,1093.926,-739.327,-550.702
0,1094.926,-740.325,-550.765
0,1095.926,-741.323,-550.831
0,1096.926,-742.320,-550.899
0,1097.926,-743.318,-550.964
0,1098.926,-744.316,-551.025
0,1099.926,-745.314,-551.081
0,1100.925,-746.313,-551.134
0,1101.925,-747.311,-551.196
0,1102.925,-748.309,-551.265
0,1103.925,-749.305,-551.343
0,1104.925,-750.302,-551.425
0,1105.925,-751.298,-551.514
0,1106.925,-752.294,-551.605
0,1107.925,-753.289,-551.699
0,1108.925,-754.285,-551.794
0,1109.925,-755.280,-551.890
0,1110.925,-756.276,-551.983
0,1111.925,-757.272,-552.069
0,1112.925,-758.269,-552.143
0,1113.925,-759.267,-552.202
0,1114.924,-760.266,-552.245
0,1115.924,-761.266,-552.269
0,1116.924,-762.266,-552.268
0,1117.924,-763.265,-552.242
0,1118.924,-764.264,-552.194
0,1119.924,-765.262,-552.129
0,1120.924,-766.258,-552.046
0,1121.924,-767.253,-551.942
0,1122.924,-768.245,-551.821
0,1123.924,-769.237,-551.689
0,1124.924,-770.226,-551.543
0,1125.924,-771.214,-551.388
0,1126.924,-772.200,-551.225
0,1127.924,-773.186,-551.058
0,1128.924,-774.172,-550.890
0,1129.923,-775.158,-550.727
0,1130.923,-776.146,-550.572
0,1131.923,-777.136,-550.431
0,1132.923,-778.128,-550.306
0,1133.923,-779.122,-550.196
0,1134.923,-780.118,-550.104
0,1135.923,-781.115,-550.031
0,1136.923,-782.113,-549.976
0,1137.923,-783.113,-549.939
0,1138.923,-784.112,-549.921
0,1139.923,-785.112,-549.922
0,1140.923,-786.112,-549.939
0,1141.923,-787.111,-549.970
0,1142.923,-788.110,-550.014
0,1143.923,-789.109,-550.065
0,1144.922,-790.107,-550.120
0,1145.922,-791.106,-550.175
0,1146.922,-792.104,-550.233
0,1147.922,-793.102,-550.294
0,1148.922,-794.100,-550.358
0,1149.922,-795.098,-550.421
0,1150.922,-796.096,-550.483
0,1151.922,-797.094,-550.546
0,1152.922,-798.092,-550.609
0,1153.922,-799.090,-550.671
0,1154.922,-800.088,-550.735
0,1155.922,-801.085,-550.803
0,1156.922,-802.083,-550.873
0,1157.922,-803.080,-550.945
0,1158.922,-804.078,-551.017
0,1159.921,-805.075,-551.088
0,1160.921,-806.073,-551.156
0,1161.921,-807.070,-551.223
0,1162.921,-808.068,-551.289
0,1163.921,-809.066,-551.355
0,1164.921,-810.064,-551.420
0,1165.921,-811.061,-551.487
0,1166.921,-812.059,-551.556
0,1167.921,-813.056,-551.628
0,1168.921,-814.054,-551.700
0,1169.921,-815.051,-551.771
0,1170.921,-816.048,-551.843
0,1171.921,-817.046,-551.913
0,1172.921,-818.043,-551.982
0,1173.921,-819.041,-552.050
0,1174.920,-820.039,-552.117
0,1175.920,-821.036,-552.183
0,1176.920,-822.034,-552.250
0,1177.920,-823.032,-552.318
0,1178.920,-824.029,-552.387
0,1179.920,-825.027,-552.458
0,1180.920,-826.024,-552.531
0,1181.920,-827.021,-552.604
0,1182.920,-828.019,-552.676
0,1183.920,-829.016,-552.747
0,1184.920,-830.013,-552.817
0,1185.920,-831.011,-552.886
0,1186.920,-832.009,-552.953
0,1187.920,-833.006,-553.021
0,1188.919,-834.004,-553.089
0,1189.919,-835.001,-553.159
0,1190.919,-835.999,-553.231
0,1191.919,-836.996,-553.302
0,1192.919,-837.994,-553.371
0,1193.919,-838.991,-553.439
0,1194.919,-839.989,-553.503
0,1195.919,-840.987,-553.566
0,1196.919,-841.985,-553.630
0,1197.919,-842.983,-553.695
0,1198.919,-843.980,-553.763
0,1199.919,-844.978,-553.835
0,1200.919,-845.975,-553.908
0,1201.919,-846.972,-553.983
0,1202.919,-847.969,-554.056
0,1203.918,-848.967,-554.128
0,1204.918,-849.964,-554.199
0,1205.918,-850.962,-554.268
0,1206.918,-851.959,-554.335
0,1207.918,-852.957,-554.401
0,1208.918,-853.955,-554.466
0,1209.918,-854.953,-554.533
0,1210.918,-855.950,-554.602
0,1211.918,-856.948,-554.672
0,1212.918,-857.945,-554.743
0,1213.918,-858.942,-554.815
0,1214.918,-859.940,-554.885
0,1215.918,-860.937,-554.953
0,1216.918,-861.935,-555.021
0,1217.918,-862.933,-555.089
0,1218.917,-863.930,-555.157
0,1219.917,-864.928,-555.225
0,1220.917,-865.926,-555.293
0,1221.917,-866.923,-555.361
0,1222.917,-867.921,-555.427
0,1223.917,-868.919,-555.492
0,1224.917,-869.917,-555.555
0,1225.917,-870.914,-555.620
0,1226.917,-871.912,-555.687
0,1227.917,-872.910,-555.754
0,1228.917,-873.907,-555.822
0,1229.917,-874.905,-555.889
0,1230.917,-875.903,-555.957
0,1231.917,-876.900,-556.025
0,1232.917,-877.898,-556.092
0,1233.916,-878.896,-556.160
0,1234.916,-879.893,-556.229
0,1235.916,-880.891,-556.297
0,1236.916,-881.889,-556.364
0,1237.916,-882.886,-556.429
0,1238.916,-883.884,-556.495
0,1239.916,-884.882,-556.564
0,1240.916,-885.879,-556.634
0,1241.916,-886.877,-556.705
0,1242.916,-887.874,-556.776
0,1243.916,-888.872,-556.845
0,1244.916,-889.869,-556.914
0,1245.916,-890.867,-556.984
0,1246.916,-891.864,-557.053
0,1247.915,-892.862,-557.124
0,1248.915,-893.859,-557.195
0,1249.915,-894.856,-557.264
0,1250.915,-895.854,-557.330
0,1251.915,-896.852,-557.396
0,1252.915,-897.850,-557.463
0,1253.915,-898.847,-557.532
0,1254.915,-899.845,-557.599
0,1255.915,-900.843,-557.666
0,1256.915,-901.840,-557.733
0,1257.915,-902.838,-557.801
0,1258.915,-903.835,-557.870
0,1259.915,-904.833,-557.939
0,1260.915,-905.831,-558.007
0,1261.915,-906.828,-558.075
0,1262.914,-907.826,-558.141
0,1263.914,-908.824,-558.205
0,1264.914,-909.822,-558.269
0,1265.914,-910.819,-558.336
0,1266.914,-911.817,-558.406
0,1267.914,-912.814,-558.476
0,1268.914,-913.812,-558.544
0,1269.914,-914.810,-558.610
0,1270.914,-915.808,-558.675
0,1271.914,-916.805,-558.740
0,1272.914,-917.803,-558.805
0,1273.914,-918.801,-558.872
0,1274.914,-919.798,-558.943
0,1275.914,-920.796,-559.014
0,1276.914,-921.793,-559.085
0,1277.913,-922.791,-559.156
0,1278.913,-923.788,-559.224
0,1279.913,-924.786,-559.290
0,1280.913,-925.784,-559.355
0,1281.913,-926.782,-559.418
0,1282.913,-927.780,-559.482
0,1283.913,-928.777,-559.547
0,1284.913,-929.775,-559.617
0,1285.913,-930.772,-559.689
0,1286.913,-931.769,-559.762
0,1287.913,-932.767,-559.832
0,1288.913,-933.764,-559.903
0,1289.913,-934.762,-559.972
0,1290.913,-935.759,-560.040
0,1291.913,-936.757,-560.107
0,1292.912,-937.755,-560.172
0,1293.912,-938.753,-560.238
0,1294.912,-939.751,-560.303
0,1295.912,-940.748,-560.369
0,1296.912,-941.746,-560.436
0,1297.912,-942.743,-560.506
0,1298.912,-943.741,-560.576
0,1299.912,-944.739,-560.643
0,1300.912,-945.736,-560.710
0,1301.912,-946.734,-560.775
0,1302.912,-947.732,-560.840
0,1303.912,-948.730,-560.907
0,1304.912,-949.727,-560.974
0,1305.912,-950.725,-561.043
0,1306.911,-951.722,-561.113
0,1307.911,-952.720,-561.184
0,1308.911,-953.717,-561.256
0,1309.911,-954.714,-561.328
0,1310.911,-955.712,-561.398
0,1311.911,-956.709,-561.469
0,1312.911,-957.707,-561.538
0,1313.911,-958.705,-561.604
0,1314.911,-959.702,-561.669
0,1315.911,-960.700,-561.732
0,1316.911,-961.698,-561.796
0,1317.911,-962.696,-561.862
0,1318.911,-963.694,-561.930
0,1319.911,-964.691,-562.000
0,1320.911,-965.688,-562.072
0,1321.910,-966.686,-562.142
0,1322.910,-967.683,-562.212
0,1323.910,-968.681,-562.283
0,1324.910,-969.678,-562.355
0,1325.910,-970.675,-562.428
0,1326.910,-971.673,-562.499
0,1327.910,-972.670,-562.567
0,1328.910,-973.668,-562.635
0,1329.910,-974.666,-562.700
0,1330.910,-975.664,-562.766
0,1331.910,-976.661,-562.832
0,1332.910,-977.659,-562.900
0,1333.910,-978.656,-562.970
0,1334.910,-979.654,-563.038
0,1335.910,-980.652,-563.105
0,1336.909,-981.649,-563.173
0,1337.909,-982.647,-563.243
0,1338.909,-983.644,-563.313
0,1339.909,-984.642,-563.382
0,1340.909,-985.639,-563.452
0,1341.909,-986.637,-563.522
0,1342.909,-987.634,-563.592
0,1343.909,-988.632,-563.662
0,1344.909,-989.629,-563.733
0,1345.909,-990.627,-563.804
0,1346.909,-991.624,-563.871
0,1347.909,-992.622,-563.935
0,1348.909,-993.620,-563.996
0,1349.909,-994.618,-564.056
0,1350.909,-995.616,-564.117
0,1351.908,-996.614,-564.181
0,1352.908,-997.612,-564.248
0,1353.908,-998.610,-564.318
0,1354.908,-999.607,-564.392
0,1355.908,-1000.604,-564.467
0,1356.908,-1001.601,-564.541
0,1357.908,-1002.598,-564.613
0,1358.908,-1003.596,-564.682
0,1359.908,-1004.594,-564.747
0,1360.908,-1005.592,-564.812
0,1361.908,-1006.589,-564.877
0,1362.908,-1007.587,-564.942
0,1363.908,-1008.585,-565.008
0,1364.908,-1009.582,-565.078
0,1365.908,-1010.580,-565.151
0,1366.907,-1011.577,-565.225
0,1367.907,-1012.574,-565.298
0,1368.907,-1013.571,-565.370
0,1369.907,-1014.569,-565.440
0,1370.907,-1015.567,-565.506
0,1371.907,-1016.564,-565.571
0,1372.907,-1017.562,-565.636
0,1373.907,-1018.560,-565.703
0,1374.907,-1019.558,-565.769
0,1375.907,-1020.556,-565.833
0,1376.907,-1021.554,-565.897
0,1377.907,-1022.551,-565.960
0,1378.907,-1023.549,-566.024
0,1379.907,-1024.547,-566.087
0,1380.906,-1025.545,-566.151
0,1381.906,-1026.543,-566.216
0,1382.906,-1027.541,-566.284
0,1383.906,-1028.538,-566.353
0,1384.906,-1029.536,-566.424
0,1385.906,-1030.533,-566.497
0,1386.906,-1031.530,-566.573
0,1387.906,-1032.527,-566.648
0,1388.906,-1033.524,-566.721
0,1389.906,-1034.522,-566.792
0,1390.906,-1035.519,-566.863
0,1391.906,-1036.517,-566.933
0,1392.906,-1037.514,-567.001
0,1393.906,-1038.512,-567.066
0,1394.906,-1039.510,-567.130
0,1395.905,-1040.508,-567.193
0,1396.905,-1041.506,-567.254
0,1397.905,-1042.504,-567.316
0,1398.905,-1043.502,-567.381
0,1399.905,-1044.499,-567.448
0,1400.905,-1045.497,-567.514
0,1401.905,-1046.495,-567.580
0,1402.905,-1047.493,-567.645
0,1403.905,-1048.490,-567.714
0,1404.905,-1049.488,-567.783
0,1405.905,-1050.485,-567.853
0,1406.905,-1051.483,-567.924
0,1407.905,-1052.480,-567.997
0,1408.905,-1053.477,-568.069
0,1409.905,-1054.475,-568.140
0,1410.904,-1055.472,-568.211
0,1411.904,-1056.469,-568.282
0,1412.904,-1057.467,-568.353
0,1413.904,-1058.465,-568.421
0,1414.904,-1059.462,-568.487
0,1415.904,-1060.460,-568.551
0,1416.904,-1061.458,-568.616
0,1417.904,-1062.456,-568.681
0,1418.904,-1063.454,-568.746
0,1419.904,-1064.451,-568.811
0,1420.904,-1065.449,-568.878
0,1421.904,-1066.447,-568.946
0,1422.904,-1067.444,-569.012
0,1423.904,-1068.442,-569.078
0,1424.904,-1069.440,-569.144
0,1425.903,-1070.438,-569.212
0,1426.903,-1071.435,-569.280
0,1427.903,-1072.433,-569.347
0,1428.903,-1073.431,-569.415
0,1429.903,-1074.428,-569.482
0,1430.903,-1075.426,-569.549
0,1431.903,-1076.424,-569.616
0,1432.903,-1077.421,-569.684
0,1433.903,-1078.419,-569.751
0,1434.903,-1079.417,-569.816
0,1435.903,-1080.414,-569.882
0,1436.903,-1081.412,-569.948
0,1437.903,-1082.410,-570.017
0,1438.903,-1083.407,-570.089
0,1439.902,-1084.404,-570.162
0,1440.902,-1085.402,-570.235
0,1441.902,-1086.399,-570.306
0,1442.902,-1087.397,-570.375
0,1443.902,-1088.394,-570.441
0,1444.902,-1089.392,-570.506
0,1445.902,-1090.390,-570.570
0,1446.902,-1091.388,-570.632
0,1447.902,-1092.386,-570.695
0,1448.902,-1093.384,-570.760
0,1449.902,-1094.381,-570.827
0,1450.902,-1095.379,-570.896
0,1451.902,-1096.376,-570.967
0,1452.902,-1097.374,-571.037
0,1453.902,-1098.371,-571.107
0,1454.901,-1099.369,-571.176
0,1455.901,-1100.367,-571.245
0,1456.901,-1101.364,-571.313
0,1457.901,-1102.362,-571.381
0,1458.901,-1103.359,-571.451
0,1459.901,-1104.357,-571.522
0,1460.901,-1105.354,-571.593
0,1461.901,-1106.351,-571.665
0,1462.901,-1107.349,-571.735
0,1463.901,-1108.347,-571.802
0,1464.901,-1109.344,-571.866
0,1465.901,-1110.342,-571.929
0,1466.901,-1111.340,-571.991
0,1467.901,-1112.338,-572.053
0,1468.901,-1113.336,-572.116
0,1469.900,-1114.334,-572.180
0,1470.900,-1115.332,-572.246
0,1471.900,-1116.329,-572.315
0,1472.900,-1117.327,-572.385
0,1473.900,-1118.324,-572.455
0,1474.900,-1119.322,-572.525
0,1475.900,-1120.319,-572.595
0,1476.900,-1121.317,-572.664
0,1477.900,-1122.315,-572.730
0,1478.900,-1123.312,-572.797
0,1479.900,-1124.310,-572.864
0,1480.900,-1125.308,-572.933
0,1481.900,-1126.305,-573.004
0,1482.900,-1127.302,-573.076
0,1483.900,-1128.300,-573.145
0,1484.899,-1129.298,-573.211
0,1485.899,-1130.296,-573.274
0,1486.899,-1131.293,-573.339
0,1487.899,-1132.291,-573.407
0,1488.899,-1133.289,-573.477
0,1489.899,-1134.286,-573.547
0,1490.899,-1135.284,-573.615
0,1491.899,-1136.281,-573.684
0,1492.899,-1137.279,-573.754
0,1493.899,-1138.276,-573.824
0,1494.899,-1139.274,-573.894
0,1495.899,-1140.271,-573.963
0,1496.899,-1141.269,-574.030
0,1497.899,-1142.267,-574.096
0,1498.898,-1143.264,-574.160
0,1499.898,-1144.262,-574.223
0,1500.898,-1145.260,-574.286
0,1501.898,-1146.258,-574.349
0,1502.898,-1147.256,-574.413
0,1503.898,-1148.254,-574.481
0,1504.898,-1149.251,-574.553
0,1505.898,-1150.248,-574.631
0,1506.898,-1151.245,-574.709
0,1507.898,-1152.242,-574.780
0,1508.898,-1153.240,-574.844
0,1509.898,-1154.238,-574.902
0,1510.898,-1155.237,-574.956
0,1511.898,-1156.236,-575.008
0,1512.898,-1157.234,-575.065
0,1513.897,-1158.232,-575.131
0,1514.897,-1159.229,-575.206
0,1515.897,-1160.225,-575.288
0,1516.897,-1161.222,-575.370
0,1517.897,-1162.218,-575.450
0,1518.897,-1163.216,-575.522
0,1519.897,-1164.214,-575.586
0,1520.897,-1165.212,-575.644
0,1521.897,-1166.210,-575.701
0,1522.897,-1167.209,-575.759
0,1523.897,-1168.207,-575.822
0,1524.897,-1169.204,-575.888
0,1525.897,-1170.202,-575.959
0,1526.897,-1171.199,-576.030
0,1527.897,-1172.197,-576.100
0,1528.896,-1173.194,-576.169
0,1529.896,-1174.192,-576.237
0,1530.896,-1175.189,-576.305
0,1531.896,-1176.187,-576.373
0,1532.896,-1177.185,-576.440
0,1533.896,-1178.182,-576.506
0,1534.896,-1179.180,-576.574
0,1535.896,-1180.177,-576.644
0,1536.896,-1181.175,-576.718
0,1537.896,-1182.172,-576.792
0,1538.896,-1183.169,-576.864
0,1539.896,-1184.167,-576.934
0,1540.896,-1185.165,-576.998
0,1541.896,-1186.163,-577.060
0,1542.896,-1187.161,-577.121
0,1543.895,-1188.159,-577.182
0,1544.895,-1189.157,-577.245
0,1545.895,-1190.154,-577.309
0,1546.895,-1191.152,-577.376
0,1547.895,-1192.150,-577.447
0,1548.895,-1193.147,-577.521
0,1549.895,-1194.144,-577.593
0,1550.895,-1195.142,-577.662
0,1551.895,-1196.139,-577.730
0,1552.895,-1197.137,-577.795
0,1553.895,-1198.135,-577.858
0,1554.895,-1199.133,-577.923
0,1555.895,-1200.131,-577.990
0,1556.895,-1201.128,-578.059
0,1557.894,-1202.126,-578.128
0,1558.894,-1203.123,-578.198
0,1559.894,-1204.121,-578.266
0,1560.894,-1205.118,-578.332
0,1561.894,-1206.116,-578.397
0,1562.894,-1207.114,-578.460
0,1563.894,-1208.112,-578.526
0,1564.894,-1209.110,-578.594
0,1565.894,-1210.107,-578.663
0,1566.894,-1211.105,-578.732
0,1567.894,-1212.102,-578.800
0,1568.894,-1213.100,-578.868
0,1569.894,-1214.098,-578.935
0,1570.894,-1215.095,-579.001
0,1571.894,-1216.093,-579.068
0,1572.893,-1217.091,-579.136
0,1573.893,-1218.088,-579.205
0,1574.893,-1219.086,-579.275
0,1575.893,-1220.083,-579.346
0,1576.893,-1221.080,-579.418
0,1577.893,-1222.078,-579.487
0,1578.893,-1223.076,-579.553
0,1579.893,-1224.074,-579.617
0,1580.893,-1225.072,-579.681
0,1581.893,-1226.069,-579.745
0,1582.893,-1227.067,-579.811
0,1583.893,-1228.065,-579.881
0,1584.893,-1229.062,-579.953
0,1585.893,-1230.059,-580.025
0,1586.893,-1231.057,-580.097
0,1587.892,-1232.054,-580.167
0,1588.892,-1233.052,-580.237
0,1589.892,-1234.049,-580.303
0,1590.892,-1235.048,-580.361
0,1591.892,-1236.046,-580.417
0,1592.892,-1237.044,-580.476
0,1593.892,-1238.042,-580.540
0,1594.892,-1239.039,-580.612
0,1595.892,-1240.036,-580.689
0,1596.892,-1241.033,-580.768
0,1597.892,-1242.030,-580.848
0,1598.892,-1243.027,-580.922
0,1599.892,-1244.025,-580.989
0,1600.892,-1245.023,-581.053
0,1601.892,-1246.021,-581.115
0,1602.891,-1247.019,-581.174
0,1603.891,-1248.017,-581.231
0,1604.891,-1249.015,-581.293
0,1605.891,-1250.013,-581.361
0,1606.891,-1251.010,-581.431
0,1607.891,-1252.008,-581.501
0,1608.891,-1253.005,-581.570
0,1609.891,-1254.003,-581.638
0,1610.891,-1255.001,-581.705
0,1611.891,-1255.998,-581.774
0,1612.891,-1256.995,-581.846
0,1613.891,-1257.993,-581.920
0,1614.891,-1258.990,-581.992
0,1615.891,-1259.988,-582.059
0,1616.891,-1260.985,-582.124
0,1617.890,-1261.983,-582.186
0,1618.890,-1262.981,-582.249
0,1619.890,-1263.979,-582.314
0,1620.890,-1264.977,-582.380
0,1621.890,-1265.975,-582.446
0,1622.890,-1266.972,-582.514
0,1623.890,-1267.970,-582.583
0,1624.890,-1268.967,-582.653
0,1625.890,-1269.965,-582.723
0,1626.890,-1270.963,-582.790
0,1627.890,-1271.960,-582.855
0,1628.890,-1272.958,-582.921
0,1629.890,-1273.956,-582.988
0,1630.890,-1274.954,-583.053
0,1631.889,-1275.951,-583.118
0,1632.889,-1276.949,-583.184
0,1633.889,-1277.947,-583.250
0,1634.889,-1278.945,-583.319
0,1635.889,-1279.942,-583.389
0,1636.889,-1280.939,-583.460
0,1637.889,-1281.937,-583.531
0,1638.889,-1282.934,-583.601
0,1639.889,-1283.932,-583.669
0,1640.889,-1284.930,-583.737
0,1641.889,-1285.927,-583.805
0,1642.889,-1286.925,-583.872
0,1643.889,-1287.923,-583.938
0,1644.889,-1288.920,-584.003
0,1645.889,-1289.918,-584.070
0,1646.888,-1290.916,-584.140
0,1647.888,-1291.913,-584.212
0,1648.888,-1292.910,-584.286
0,1649.888,-1293.907,-584.359
0,1650.888,-1294.905,-584.432
0,1651.888,-1295.902,-584.503
0,1652.888,-1296.900,-584.572
0,1653.888,-1297.897,-584.637
0,1654.888,-1298.895,-584.701
0,1655.888,-1299.893,-584.766
0,1656.888,-1300.891,-584.831
0,1657.888,-1301.889,-584.898
0,1658.888,-1302.886,-584.966
0,1659.888,-1303.884,-585.035
0,1660.888,-1304.881,-585.107
0,1661.887,-1305.878,-585.179
0,1662.887,-1306.876,-585.250
0,1663.887,-1307.873,-585.319
0,1664.887,-1308.871,-585.388
0,1665.887,-1309.869,-585.454
0,1666.887,-1310.866,-585.520
0,1667.887,-1311.864,-585.589
0,1668.887,-1312.861,-585.662
0,1669.887,-1313.858,-585.738
0,1670.887,-1314.855,-585.816
0,1671.887,-1315.852,-585.896
0,1672.887,-1316.849,-585.974
0,1673.887,-1317.846,-586.050
0,1674.887,-1318.843,-586.121
0,1675.887,-1319.841,-586.187
0,1676.886,-1320.839,-586.250
0,1677.886,-1321.837,-586.313
0,1678.886,-1322.835,-586.377
0,1679.886,-1323.832,-586.444
0,1680.886,-1324.830,-586.514
0,1681.886,-1325.827,-586.587
0,1682.886,-1326.824,-586.662
0,1683.886,-1327.821,-586.737
0,1684.886,-1328.818,-586.812
0,1685.886,-1329.816,-586.885
0,1686.886,-1330.813,-586.956
0,1687.886,-1331.811,-587.026
0,1688.886,-1332.808,-587.097
0,1689.886,-1333.805,-587.170
0,1690.885,-1334.802,-587.247
0,1691.885,-1335.799,-587.325
0,1692.885,-1336.796,-587.400
0,1693.885,-1337.794,-587.470
0,1694.885,-1338.792,-587.531
0,1695.885,-1339.790,-587.582
0,1696.885,-1340.789,-587.628
0,1697.885,-1341.788,-587.678
0,1698.885,-1342.786,-587.743
0,1699.885,-1343.782,-587.828
0,1700.885,-1344.777,-587.930
0,1701.885,-1345.770,-588.049
0,1702.885,-1346.762,-588.172
0,1703.885,-1347.756,-588.283
0,1704.885,-1348.753,-588.353
0,1705.884,-1349.753,-588.373
0,1706.884,-1350.753,-588.371
0,1707.884,-1351.752,-588.364
0,1708.884,-1352.752,-588.368
0,1709.884,-1353.751,-588.417
0,1710.884,-1354.745,-588.520
0,1711.884,-1355.737,-588.645
0,1712.884,-1356.730,-588.769
0,1713.884,-1357.723,-588.880
0,1714.884,-1358.719,-588.972
0,1715.884,-1359.717,-589.041
0,1716.884,-1360.715,-589.088
0,1717.884,-1361.715,-589.122
0,1718.884,-1362.714,-589.154
0,1719.884,-1363.713,-589.188
0,1720.883,-1364.713,-589.230
0,1721.883,-1365.711,-589.285
0,1722.883,-1366.708,-589.357
0,1723.883,-1367.705,-589.443
0,1724.883,-1368.699,-589.545
0,1725.883,-1369.692,-589.664
0,1726.883,-1370.682,-589.802
0,1727.883,-1371.670,-589.961
0,1728.883,-1372.653,-590.139
0,1729.883,-1373.633,-590.338
0,1730.883,-1374.609,-590.557
0,1731.883,-1375.582,-590.789
0,1732.883,-1376.552,-591.032
0,1733.883,-1377.518,-591.288
0,1734.883,-1378.483,-591.552
0,1735.882,-1379.446,-591.821
0,1736.882,-1380.408,-592.093
0,1737.882,-1381.369,-592.369
0,1738.882,-1382.330,-592.646
0,1739.882,-1383.291,-592.922
0,1740.882,-1384.252,-593.198
0,1741.882,-1385.214,-593.469
0,1742.882,-1386.179,-593.732
0,1743.882,-1387.147,-593.982
0,1744.882,-1388.120,-594.212
0,1745.882,-1389.099,-594.419
0,1746.882,-1390.081,-594.608
0,1747.882,-1391.066,-594.777
0,1748.882,-1392.054,-594.928
0,1749.881,-1393.046,-595.061
0,1750.881,-1394.039,-595.177
0,1751.881,-1395.034,-595.275
0,1752.881,-1396.030,-595.359
0,1753.881,-1397.027,-595.435
0,1754.881,-1398.025,-595.507
0,1755.881,-1399.022,-595.575
0,1756.881,-1400.020,-595.637
0,1757.881,-1401.019,-595.694
0,1758.881,-1402.017,-595.749
0,1759.881,-1403.015,-595.803
0,1760.881,-1404.014,-595.859
0,1761.881,-1405.012,-595.917
0,1762.881,-1406.010,-595.976
0,1763.881,-1407.008,-596.036
0,1764.880,-1408.006,-596.096
0,1765.880,-1409.005,-596.156
0,1766.880,-1410.003,-596.219
0,1767.880,-1411.000,-596.285
0,1768.880,-1411.998,-596.352
0,1769.880,-1412.996,-596.419
0,1770.880,-1413.993,-596.485
0,1771.880,-1414.991,-596.547
0,1772.880,-1415.990,-596.606
0,1773.880,-1416.988,-596.661
0,1774.880,-1417.987,-596.715
0,1775.880,-1418.985,-596.771
0,1776.880,-1419.983,-596.830
0,1777.880,-1420.981,-596.892
0,1778.880,-1421.979,-596.956
0,1779.879,-1422.977,-597.020
0,1780.879,-1423.975,-597.084
0,1781.879,-1424.973,-597.147
0,1782.879,-1425.971,-597.208
0,1783.879,-1426.969,-597.267
0,1784.879,-1427.967,-597.323
0,1785.879,-1428.966,-597.377
0,1786.879,-1429.964,-597.430
0,1787.879,-1430.963,-597.484
0,1788.879,-1431.961,-597.542
0,1789.879,-1432.959,-597.603
0,1790.879,-1433.957,-597.664
0,1791.879,-1434.955,-597.725
0,1792.879,-1435.953,-597.785
0,1793.879,-1436.952,-597.844
0,1794.878,-1437.950,-597.903
0,1795.878,-1438.948,-597.961
0,1796.878,-1439.946,-598.017
0,1797.878,-1440.945,-598.072
0,1798.878,-1441.943,-598.127
0,1799.878,-1442.942,-598.183
0,1800.878,-1443.940,-598.238
0,1801.878,-1444.938,-598.293
0,1802.878,-1445.937,-598.347
0,1803.878,-1446.936,-598.397
0,1804.878,-1447.934,-598.445
0,1805.878,-1448.933,-598.492
0,1806.878,-1449.932,-598.542
0,1807.878,-1450.930,-598.594
0,1808.878,-1451.929,-598.649
0,1809.877,-1452.927,-598.706
0,1810.877,-1453.925,-598.766
0,1811.877,-1454.923,-598.827
0,1812.877,-1455.921,-598.890
0,1813.877,-1456.919,-598.952
0,1814.877,-1457.917,-599.015
0,1815.877,-1458.915,-599.078
0,1816.877,-1459.913,-599.138
0,1817.877,-1460.911,-599.197
0,1818.877,-1461.910,-599.254
0,1819.877,-1462.908,-599.312
0,1820.877,-1463.906,-599.369
0,1821.877,-1464.905,-599.425
0,1822.877,-1465.903,-599.481
0,1823.876,-1466.902,-599.535
0,1824.876,-1467.900,-599.589
0,1825.876,-1468.899,-599.641
0,1826.876,-1469.897,-599.693
0,1827.876,-1470.896,-599.746
0,1828.876,-1471.894,-599.799
0,1829.876,-1472.893,-599.853
0,1830.876,-1473.891,-599.908
0,1831.876,-1474.889,-599.967
0,1832.876,-1475.887,-600.029
0,1833.876,-1476.885,-600.090
0,1834.876,-1477.884,-600.150
0,1835.876,-1478.882,-600.208
0,1836.876,-1479.880,-600.264
0,1837.876,-1480.878,-600.320
0,1838.875,-1481.877,-600.375
0,1839.875,-1482.875,-600.429
0,1840.875,-1483.874,-600.482
0,1841.875,-1484.872,-600.537
0,1842.875,-1485.871,-600.593
0,1843.875,-1486.869,-600.654
0,1844.875,-1487.867,-600.720
0,1845.875,-1488.864,-600.790
0,1846.875,-1489.861,-600.861
0,1847.875,-1490.859,-600.928
0,1848.875,-1491.857,-600.992
0,1849.875,-1492.855,-601.051
0,1850.875,-1493.853,-601.108
0,1851.875,-1494.852,-601.161
0,1852.875,-1495.851,-601.212
0,1853.874,-1496.849,-601.263
0,1854.874,-1497.848,-601.316
0,1855.874,-1498.846,-601.370
0,1856.874,-1499.845,-601.426
0,1857.874,-1500.843,-601.486
0,1858.874,-1501.841,-601.550
0,1859.874,-1502.838,-601.614
0,1860.874,-1503.836,-601.676
0,1861.874,-1504.835,-601.736
0,1862.874,-1505.833,-601.799
0,1863.874,-1506.830,-601.864
0,1864.874,-1507.828,-601.929
0,1865.874,-1508.826,-601.993
0,1866.874,-1509.824,-602.055
0,1867.874,-1510.822,-602.114
0,1868.873,-1511.821,-602.169
0,1869.873,-1512.819,-602.219
0,1870.873,-1513.818,-602.268
0,1871.873,-1514.817,-602.319
0,1872.873,-1515.815,-602.369
0,1873.873,-1516.814,-602.420
0,1874.873,-1517.813,-602.473
0,1875.873,-1518.811,-602.531
0,1876.873,-1519.809,-602.592
0,1877.873,-1520.807,-602.653
0,1878.873,-1521.805,-602.714
0,1879.873,-1522.803,-602.776
0,1880.873,-1523.801,-602.840
0,1881.873,-1524.799,-602.902
0,1882.872,-1525.797,-602.964
0,1883.872,-1526.795,-603.024
0,1884.872,-1527.793,-603.084
0,1885.872,-1528.791,-603.142
0,1886.872,-1529.790,-603.198
0,1887.872,-1530.788,-603.254
0,1888.872,-1531.787,-603.310
0,1889.872,-1532.785,-603.367
0,1890.872,-1533.783,-603.424
0,1891.872,-1534.781,-603.483
0,1892.872,-1535.779,-603.543
0,1893.872,-1536.778,-603.605
0,1894.872,-1537.776,-603.667
0,1895.872,-1538.773,-603.730
0,1896.872,-1539.771,-603.793
0,1897.871,-1540.769,-603.857
0,1898.871,-1541.767,-603.919
0,1899.871,-1542.765,-603.980
0,1900.871,-1543.764,-604.039
0,1901.871,-1544.762,-604.096
0,1902.871,-1545.760,-604.152
0,1903.871,-1546.759,-604.206
0,1904.871,-1547.757,-604.260
0,1905.871,-1548.756,-604.315
0,1906.871,-1549.754,-604.372
0,1907.871,-1550.752,-604.431
0,1908.871,-1551.750,-604.492
0,1909.871,-1552.748,-604.553
0,1910.871,-1553.746,-604.615
0,1911.871,-1554.744,-604.676
0,1912.870,-1555.742,-604.735
0,1913.870,-1556.741,-604.794
0,1914.870,-1557.739,-604.852
0,1915.870,-1558.737,-604.910
0,1916.870,-1559.735,-604.968
0,1917.870,-1560.734,-605.027
0,1918.870,-1561.732,-605.087
0,1919.870,-1562.730,-605.149
0,1920.870,-1563.728,-605.211
0,1921.870,-1564.726,-605.274
0,1922.870,-1565.724,-605.337
0,1923.870,-1566.722,-605.398
0,1924.870,-1567.720,-605.459
0,1925.870,-1568.718,-605.518
0,1926.870,-1569.716,-605.577
0,1927.869,-1570.715,-605.634
0,1928.869,-1571.713,-605.689
0,1929.869,-1572.711,-605.744
0,1930.869,-1573.710,-605.799
0,1931.869,-1574.708,-605.855
0,1932.869,-1575.706,-605.912
0,1933.869,-1576.705,-605.969
0,1934.869,-1577.703,-606.027
0,1935.869,-1578.701,-606.085
0,1936.869,-1579.699,-606.144
0,1937.869,-1580.698,-606.204
0,1938.869,-1581.696,-606.265
0,1939.869,-1582.694,-606.325
0,1940.869,-1583.692,-606.384
0,1941.868,-1584.690,-606.441
0,1942.868,-1585.689,-606.497
0,1943.868,-1586.687,-606.554
0,1944.868,-1587.685,-606.611
0,1945.868,-1588.683,-606.669
0,1946.868,-1589.682,-606.728
0,1947.868,-1590.680,-606.788
0,1948.868,-1591.678,-606.849
0,1949.868,-1592.676,-606.909
0,1950.868,-1593.674,-606.972
0,1951.868,-1594.672,-607.035
0,1952.868,-1595.670,-607.096
0,1953.868,-1596.668,-607.155
0,1954.868,-1597.666,-607.211
0,1955.868,-1598.665,-607.263
0,1956.867,-1599.664,-607.315
0,1957.867,-1600.662,-607.366
0,1958.867,-1601.661,-607.420
0,1959.867,-1602.659,-607.476
0,1960.867,-1603.657,-607.534
0,1961.867,-1604.655,-607.595
0,1962.867,-1605.653,-607.658
0,1963.867,-1606.651,-607.724
0,1964.867,-1607.649,-607.791
0,1965.867,-1608.647,-607.858
0,1966.867,-1609.644,-607.924
0,1967.867,-1610.642,-607.990
0,1968.867,-1611.640,-608.053
0,1969.867,-1612.638,-608.114
0,1970.867,-1613.636,-608.175
0,1971.866,-1614.634,-608.235
0,1972.866,-1615.632,-608.294
0,1973.866,-1616.631,-608.351
0,1974.866,-1617.629,-608.408
0,1975.866,-1618.627,-608.466
0,1976.866,-1619.625,-608.525
0,1977.866,-1620.624,-608.584
0,1978.866,-1621.622,-608.642
0,1979.866,-1622.620,-608.697
0,1980.866,-1623.619,-608.752
0,1981.866,-1624.617,-608.805
0,1982.866,-1625.616,-608.857
0,1983.866,-1626.614,-608.913
0,1984.866,-1627.612,-608.971
0,1985.866,-1628.610,-609.033
0,1986.865,-1629.608,-609.097
0,1987.865,-1630.606,-609.164
0,1988.865,-1631.604,-609.231
0,1989.865,-1632.601,-609.300
0,1990.865,-1633.599,-609.367
0,1991.865,-1634.597,-609.434
0,1992.865,-1635.594,-609.500
0,1993.865,-1636.592,-609.564
0,1994.865,-1637.590,-609.629
0,1995.865,-1638.588,-609.692
0,1996.865,-1639.586,-609.755
0,1997.865,-1640.584,-609.819
0,1998.865,-1641.582,-609.885
0,1999.865,-1642.579,-609.952
0,2000.865,-1643.577,-610.020
0,2001.864,-1644.574,-610.090
0,2002.864,-1645.572,-610.162
0,2003.864,-1646.569,-610.237
0,2004.864,-1647.566,-610.313
0,2005.864,-1648.563,-610.388
0,2006.864,-1649.560,-610.464
0,2007.864,-1650.557,-610.539
0,2008.864,-1651.554,-610.613
0,2009.864,-1652.552,-610.685
0,2010.864,-1653.549,-610.755
0,2011.864,-1654.547,-610.823
0,2012.864,-1655.544,-610.890
0,2013.864,-1656.542,-610.956
0,2014.864,-1657.540,-611.021
0,2015.863,-1658.538,-611.088
0,2016.863,-1659.535,-611.155
0,2017.863,-1660.533,-611.223
0,2018.863,-1661.530,-611.295
0,2019.863,-1662.527,-611.370
0,2020.863,-1663.524,-611.450
0,2021.863,-1664.521,-611.535
0,2022.863,-1665.517,-611.623
0,2023.863,-1666.512,-611.715
0,2024.863,-1667.508,-611.811
0,2025.863,-1668.503,-611.910
0,2026.863,-1669.497,-612.014
0,2027.863,-1670.491,-612.120
0,2028.863,-1671.485,-612.229
0,2029.863,-1672.479,-612.342
0,2030.862,-1673.472,-612.456
0,2031.862,-1674.466,-612.571
0,2032.862,-1675.459,-612.686
0,2033.862,-1676.452,-612.801
0,2034.862,-1677.446,-612.913
0,2035.862,-1678.439,-613.025
0,2036.862,-1679.433,-613.134
0,2037.862,-1680.427,-613.244
0,2038.862,-1681.421,-613.355
0,2039.862,-1682.415,-613.467
0,2040.862,-1683.408,-613.585
0,2041.862,-1684.400,-613.709
0,2042.862,-1685.391,-613.839
0,2043.862,-1686.382,-613.975
0,2044.862,-1687.372,-614.117
0,2045.861,-1688.361,-614.261
0,2046.861,-1689.351,-614.406
0,2047.861,-1690.340,-614.552
0,2048.861,-1691.329,-614.698
0,2049.861,-1692.318,-614.846
0,2050.861,-1693.307,-614.993
0,2051.861,-1694.296,-615.141
0,2052.861,-1695.285,-615.288
0,2053.861,-1696.274,-615.435
0,2054.861,-1697.263,-615.584
0,2055.861,-1698.252,-615.732
0,2056.861,-1699.241,-615.879
0,2057.861,-1700.230,-616.028
0,2058.861,-1701.218,-616.178
0,2059.861,-1702.207,-616.330
0,2060.860,-1703.194,-616.485
0,2061.860,-1704.181,-616.645
0,2062.860,-1705.168,-616.810
0,2063.860,-1706.152,-616.984
0,2064.860,-1707.136,-617.163
0,2065.860,-1708.119,-617.347
0,2066.860,-1709.101,-617.535
0,2067.860,-1710.082,-617.728
0,2068.860,-1711.063,-617.922
0,2069.860,-1712.044,-618.117
0,2070.860,-1713.025,-618.312
0,2071.860,-1714.005,-618.507
0,2072.860,-1714.986,-618.700
0,2073.860,-1715.968,-618.893
0,2074.859,-1716.949,-619.085
0,2075.859,-1717.931,-619.275
0,2076.859,-1718.912,-619.467
0,2077.859,-1719.893,-619.662
0,2078.859,-1720.873,-619.858
0,2079.859,-1721.853,-620.055
0,2080.859,-1722.833,-620.256
0,2081.859,-1723.812,-620.460
0,2082.859,-1724.791,-620.665
0,2083.859,-1725.768,-620.875
0,2084.859,-1726.745,-621.090
0,2085.859,-1727.721,-621.306
0,2086.859,-1728.697,-621.526
0,2087.859,-1729.671,-621.749
0,2088.859,-1730.646,-621.972
0,2089.858,-1731.621,-622.195
0,2090.858,-1732.595,-622.420
0,2091.858,-1733.570,-622.644
0,2092.858,-1734.544,-622.867
0,2093.858,-1735.519,-623.089
0,2094.858,-1736.494,-623.311
0,2095.858,-1737.469,-623.534
0,2096.858,-1738.444,-623.757
0,2097.858,-1739.418,-623.983
0,2098.858,-1740.392,-624.210
0,2099.858,-1741.365,-624.438
0,2100.858,-1742.338,-624.670
0,2101.858,-1743.310,-624.906
0,2102.858,-1744.281,-625.145
0,2103.858,-1745.250,-625.389
0,2104.857,-1746.219,-625.636
0,2105.857,-1747.188,-625.884
0,2106.857,-1748.156,-626.136
0,2107.857,-1749.123,-626.389
0,2108.857,-1750.090,-626.642
0,2109.857,-1751.057,-626.898
0,2110.857,-1752.024,-627.153
0,2111.857,-1752.990,-627.410
0,2112.857,-1753.957,-627.667
0,2113.857,-1754.922,-627.926
0,2114.857,-1755.887,-628.189
0,2115.857,-1756.851,-628.455
0,2116.857,-1757.814,-628.726
0,2117.857,-1758.775,-629.000
0,2118.857,-1759.736,-629.276
0,2119.856,-1760.697,-629.552
0,2120.856,-1761.658,-629.829
0,2121.856,-1762.620,-630.101
0,2122.856,-1763.584,-630.369
0,2123.856,-1764.548,-630.634
0,2124.856,-1765.513,-630.895
0,2125.856,-1766.479,-631.154
0,2126.856,-1767.445,-631.412
0,2127.856,-1768.411,-631.669
0,2128.856,-1769.378,-631.925
0,2129.856,-1770.345,-632.181
0,2130.856,-1771.311,-632.438
0,2131.856,-1772.277,-632.695
0,2132.856,-1773.243,-632.955
0,2133.855,-1774.208,-633.217
0,2134.855,-1775.172,-633.481
0,2135.855,-1776.136,-633.746
0,2136.855,-1777.100,-634.014
0,2137.855,-1778.063,-634.282
0,2138.855,-1779.026,-634.552
0,2139.855,-1779.989,-634.822
0,2140.855,-1780.951,-635.093
0,2141.855,-1781.914,-635.363
0,2142.855,-1782.877,-635.633
0,2143.855,-1783.840,-635.900
0,2144.855,-1784.804,-636.166
0,2145.855,-1785.769,-636.428
0,2146.855,-1786.735,-636.688
0,2147.855,-1787.701,-636.947
0,2148.854,-1788.666,-637.206
0,2149.854,-1789.631,-637.470
0,2150.854,-1790.595,-637.735
0,2151.854,-1791.558,-638.003
0,2152.854,-1792.521,-638.275
0,2153.854,-1793.483,-638.547
0,2154.854,-1794.446,-638.816
0,2155.854,-1795.410,-639.082
0,2156.854,-1796.375,-639.343
0,2157.854,-1797.341,-639.601
0,2158.854,-1798.307,-639.858
0,2159.854,-1799.274,-640.115
0,2160.854,-1800.239,-640.375
0,2161.854,-1801.204,-640.639
0,2162.854,-1802.168,-640.906
0,2163.853,-1803.130,-641.177
0,2164.853,-1804.092,-641.451
0,2165.853,-1805.053,-641.725
0,2166.853,-1806.016,-641.996
0,2167.853,-1806.979,-642.264
0,2168.853,-1807.944,-642.526
0,2169.853,-1808.911,-642.781
0,2170.853,-1809.879,-643.033
0,2171.853,-1810.846,-643.286
0,2172.853,-1811.813,-643.541
0,2173.853,-1812.779,-643.800
0,2174.853,-1813.743,-644.064
0,2175.853,-1814.706,-644.334
0,2176.853,-1815.668,-644.608
0,2177.853,-1816.629,-644.884
0,2178.852,-1817.590,-645.159
0,2179.852,-1818.552,-645.432
0,2180.852,-1819.515,-645.701
0,2181.852,-1820.479,-645.966
0,2182.852,-1821.445,-646.227
0,2183.852,-1822.411,-646.485
0,2184.852,-1823.377,-646.742
0,2185.852,-1824.343,-646.999
0,2186.852,-1825.309,-647.258
0,2187.852,-1826.274,-647.521
0,2188.852,-1827.238,-647.787
0,2189.852,-1828.201,-648.056
0,2190.852,-1829.163,-648.328
0,2191.852,-1830.126,-648.599
0,2192.852,-1831.089,-648.867
0,2193.851,-1832.052,-649.135
0,2194.851,-1833.016,-649.400
0,2195.851,-1833.981,-649.665
0,2196.851,-1834.945,-649.929
0,2197.851,-1835.910,-650.192
0,2198.851,-1836.874,-650.457
0,2199.851,-1837.837,-650.725
0,2200.851,-1838.801,-650.992
0,2201.851,-1839.764,-651.260
0,2202.851,-1840.728,-651.527
0,2203.851,-1841.691,-651.795
0,2204.851,-1842.655,-652.063
0,2205.851,-1843.619,-652.329
0,2206.851,-1844.583,-652.593
0,2207.850,-1845.547,-652.857
0,2208.850,-1846.512,-653.121
0,2209.850,-1847.477,-653.384
0,2210.850,-1848.441,-653.647
0,2211.850,-1849.407,-653.908
0,2212.850,-1850.372,-654.170
0,2213.850,-1851.336,-654.432
0,2214.850,-1852.301,-654.695
0,2215.850,-1853.266,-654.959
0,2216.850,-1854.229,-655.228
0,2217.850,-1855.191,-655.499
0,2218.850,-1856.153,-655.772
0,2219.850,-1857.115,-656.046
0,2220.850,-1858.077,-656.318
0,2221.850,-1859.040,-656.590
0,2222.849,-1860.003,-656.856
0,2223.849,-1860.968,-657.117
0,2224.849,-1861.935,-657.375
0,2225.849,-1862.902,-657.629
0,2226.849,-1863.869,-657.882
0,2227.849,-1864.836,-658.138
0,2228.849,-1865.802,-658.396
0,2229.849,-1866.766,-658.660
0,2230.849,-1867.730,-658.926
0,2231.849,-1868.694,-659.194
0,2232.849,-1869.657,-659.463
0,2233.849,-1870.619,-659.733
0,2234.849,-1871.583,-660.001
0,2235.849,-1872.547,-660.267
0,2236.849,-1873.511,-660.533
0,2237.848,-1874.475,-660.798
0,2238.848,-1875.439,-661.064
0,2239.848,-1876.402,-661.332
0,2240.848,-1877.365,-661.602
0,2241.848,-1878.326,-661.877
0,2242.848,-1879.289,-662.146
0,2243.848,-1880.253,-662.413
0,2244.848,-1881.217,-662.677
0,2245.848,-1882.183,-662.938
0,2246.848,-1883.148,-663.198
0,2247.848,-1884.114,-663.458
0,2248.848,-1885.079,-663.720
0,2249.848,-1886.042,-663.988
0,2250.848,-1887.004,-664.261
0,2251.848,-1887.965,-664.537
0,2252.847,-1888.926,-664.814
0,2253.847,-1889.888,-665.087
0,2254.847,-1890.852,-665.352
0,2255.847,-1891.818,-665.610
0,2256.847,-1892.786,-665.862
0,2257.847,-1893.754,-666.113
0,2258.847,-1894.721,-666.365
0,2259.847,-1895.687,-666.623
0,2260.847,-1896.651,-666.889
0,2261.847,-1897.613,-667.162
0,2262.847,-1898.573,-667.441
0,2263.847,-1899.533,-667.721
0,2264.847,-1900.494,-667.999
0,2265.847,-1901.457,-668.268
0,2266.846,-1902.423,-668.527
0,2267.846,-1903.390,-668.780
0,2268.846,-1904.359,-669.029
0,2269.846,-1905.326,-669.280
0,2270.846,-1906.292,-669.538
0,2271.846,-1907.256,-669.804
0,2272.846,-1908.217,-670.082
0,2273.846,-1909.176,-670.365
0,2274.846,-1910.135,-670.649
0,2275.846,-1911.095,-670.929
0,2276.846,-1912.056,-671.203
0,2277.846,-1913.021,-671.466
0,2278.846,-1913.988,-671.720
0,2279.846,-1914.957,-671.969
0,2280.846,-1915.925,-672.218
0,2281.845,-1916.893,-672.470
0,2282.845,-1917.859,-672.727
0,2283.845,-1918.823,-672.991
0,2284.845,-1919.786,-673.261
0,2285.845,-1920.748,-673.533
0,2286.845,-1921.710,-673.807
0,2287.845,-1922.672,-674.079
0,2288.845,-1923.635,-674.348
0,2289.845,-1924.600,-674.613
0,2290.845,-1925.565,-674.873
0,2291.845,-1926.531,-675.130
0,2292.845,-1927.498,-675.388
0,2293.845,-1928.463,-675.648
0,2294.845,-1929.428,-675.911
0,2295.845,-1930.392,-676.177
0,2296.844,-1931.354,-676.448
0,2297.844,-1932.317,-676.719
0,2298.844,-1933.279,-676.989
0,2299.844,-1934.243,-677.256
0,2300.844,-1935.208,-677.518
0,2301.844,-1936.174,-677.776
0,2302.844,-1937.141,-678.031
0,2303.844,-1938.108,-678.287
0,2304.844,-1939.073,-678.546
0,2305.844,-1940.038,-678.810
0,2306.844,-1941.000,-679.082
0,2307.844,-1941.961,-679.358
0,2308.844,-1942.922,-679.636
0,2309.844,-1943.882,-679.914
0,2310.844,-1944.844,-680.189
0,2311.843,-1945.806,-680.459
0,2312.843,-1946.771,-680.723
0,2313.843,-1947.737,-680.982
0,2314.843,-1948.703,-681.238
0,2315.843,-1949.670,-681.495
0,2316.843,-1950.636,-681.752
0,2317.843,-1951.602,-682.012
0,2318.843,-1952.567,-682.273
0,2319.843,-1953.531,-682.537
0,2320.843,-1954.496,-682.800
0,2321.843,-1955.460,-683.064
0,2322.843,-1956.425,-683.329
0,2323.843,-1957.388,-683.596
0,2324.843,-1958.352,-683.862
0,2325.842,-1959.316,-684.129
0,2326.842,-1960.280,-684.395
0,2327.842,-1961.243,-684.661
0,2328.842,-1962.207,-684.928
0,2329.842,-1963.171,-685.194
0,2330.842,-1964.135,-685.461
0,2331.842,-1965.098,-685.728
0,2332.842,-1966.062,-685.995
0,2333.842,-1967.025,-686.263
0,2334.842,-1967.989,-686.530
0,2335.842,-1968.953,-686.795
0,2336.842,-1969.918,-687.058
0,2337.842,-1970.883,-687.318
0,2338.842,-1971.849,-687.577
0,2339.842,-1972.815,-687.835
0,2340.841,-1973.781,-688.095
0,2341.841,-1974.746,-688.357
0,2342.841,-1975.710,-688.620
0,2343.841,-1976.674,-688.886
0,2344.841,-1977.638,-689.153
0,2345.841,-1978.602,-689.420
0,2346.841,-1979.565,-689.688
0,2347.841,-1980.528,-689.958
0,2348.841,-1981.491,-690.228
0,2349.841,-1982.454,-690.495
0,2350.841,-1983.418,-690.762
0,2351.841,-1984.382,-691.028
0,2352.841,-1985.346,-691.292
0,2353.841,-1986.311,-691.553
0,2354.841,-1987.277,-691.814
0,2355.840,-1988.242,-692.075
0,2356.840,-1989.207,-692.337
0,2357.840,-1990.171,-692.601
0,2358.840,-1991.135,-692.867
0,2359.840,-1992.099,-693.135
0,2360.840,-1993.062,-693.404
0,2361.840,-1994.025,-693.673
0,2362.840,-1994.989,-693.939
0,2363.840,-1995.953,-694.204
0,2364.840,-1996.918,-694.467
0,2365.840,-1997.883,-694.729
0,2366.840,-1998.847,-694.992
0,2367.840,-1999.812,-695.256
0,2368.840,-2000.776,-695.522
0,2369.840,-2001.739,-695.790
0,2370.839,-2002.703,-696.057
0,2371.839,-2003.666,-696.323
0,2372.839,-2004.631,-696.589
0,2373.839,-2005.595,-696.854
0,2374.839,-2006.558,-697.121
0,2375.839,-2007.522,-697.389
0,2376.839,-2008.484,-697.659
0,2377.839,-2009.447,-697.928
0,2378.839,-2010.411,-698.195
0,2379.839,-2011.375,-698.459
0,2380.839,-2012.341,-698.721
0,2381.839,-2013.306,-698.982
0,2382.839,-2014.271,-699.245
0,2383.839,-2015.235,-699.509
0,2384.838,-2016.199,-699.774
0,2385.838,-2017.163,-700.040
0,2386.838,-2018.126,-700.308
0,2387.838,-2019.090,-700.577
0,2388.838,-2020.053,-700.845
0,2389.838,-2021.016,-701.113
0,2390.838,-2021.980,-701.381
0,2391.838,-2022.943,-701.647
0,2392.838,-2023.908,-701.912
0,2393.838,-2024.872,-702.176
0,2394.838,-2025.837,-702.439
0,2395.838,-2026.802,-702.700
0,2396.838,-2027.767,-702.961
0,2397.838,-2028.733,-703.222
0,2398.838,-2029.698,-703.484
0,2399.837,-2030.662,-703.749
0,2400.837,-2031.625,-704.017
0,2401.837,-2032.588,-704.287
0,2402.837,-2033.551,-704.556
0,2403.837,-2034.514,-704.826
0,2404.837,-2035.477,-705.096
0,2405.837,-2036.440,-705.365
0,2406.837,-2037.403,-705.632
0,2407.837,-2038.367,-705.898
0,2408.837,-2039.332,-706.162
0,2409.837,-2040.296,-706.425
0,2410.837,-2041.261,-706.688
0,2411.837,-2042.226,-706.951
0,2412.837,-2043.191,-707.214
0,2413.837,-2044.156,-707.475
0,2414.836,-2045.121,-707.735
0,2415.836,-2046.087,-707.994
0,2416.836,-2047.053,-708.252
0,2417.836,-2048.019,-708.513
0,2418.836,-2048.983,-708.776
0,2419.836,-2049.947,-709.043
0,2420.836,-2050.909,-709.314
0,2421.836,-2051.872,-709.586
0,2422.836,-2052.834,-709.859
0,2423.836,-2053.796,-710.130
0,2424.836,-2054.759,-710.399
0,2425.836,-2055.723,-710.665
0,2426.836,-2056.688,-710.928
0,2427.836,-2057.653,-711.188
0,2428.836,-2058.619,-711.448
0,2429.835,-2059.584,-711.709
0,2430.835,-2060.548,-711.974
0,2431.835,-2061.511,-712.244
0,2432.835,-2062.473,-712.518
0,2433.835,-2063.433,-712.796
0,2434.835,-2064.394,-713.074
0,2435.835,-2065.354,-713.351
0,2436.835,-2066.316,-713.627
0,2437.835,-2067.278,-713.900
0,2438.835,-2068.240,-714.171
0,2439.835,-2069.204,-714.439
0,2440.835,-2070.168,-714.703
0,2441.835,-2071.133,-714.964
0,2442.835,-2072.098,-715.225
0,2443.835,-2073.063,-715.487
0,2444.834,-2074.028,-715.751
0,2445.834,-2074.992,-716.017
0,2446.834,-2075.955,-716.284
0,2447.834,-2076.919,-716.551
0,2448.834,-2077.883,-716.818
0,2449.834,-2078.846,-717.087
0,2450.834,-2079.808,-717.357
0,2451.834,-2080.771,-717.628
0,2452.834,-2081.734,-717.898
0,2453.834,-2082.697,-718.166
0,2454.834,-2083.661,-718.432
0,2455.834,-2084.625,-718.696
0,2456.834,-2085.590,-718.958
0,2457.834,-2086.556,-719.219
0,2458.833,-2087.521,-719.479
0,2459.833,-2088.486,-719.741
0,2460.833,-2089.451,-720.004
0,2461.833,-2090.415,-720.271
0,2462.833,-2091.378,-720.538
0,2463.833,-2092.341,-720.807
0,2464.833,-2093.304,-721.076
0,2465.833,-2094.268,-721.345
0,2466.833,-2095.231,-721.613
0,2467.833,-2096.194,-721.881
0,2468.833,-2097.158,-722.148
0,2469.833,-2098.121,-722.415
0,2470.833,-2099.086,-722.679
0,2471.833,-2100.051,-722.941
0,2472.833,-2101.017,-723.200
0,2473.832,-2101.982,-723.459
0,2474.832,-2102.948,-723.718
0,2475.832,-2103.914,-723.978
0,2476.832,-2104.879,-724.239
0,2477.832,-2105.844,-724.502
0,2478.832,-2106.808,-724.767
0,2479.832,-2107.772,-725.033
0,2480.832,-2108.735,-725.301
0,2481.832,-2109.698,-725.570
0,2482.832,-2110.661,-725.839
0,2483.832,-2111.625,-726.106
0,2484.832,-2112.589,-726.372
0,2485.832,-2113.553,-726.637
0,2486.832,-2114.518,-726.901
0,2487.832,-2115.482,-727.164
0,2488.831,-2116.447,-727.426
0,2489.831,-2117.412,-727.689
0,2490.831,-2118.377,-727.953
0,2491.831,-2119.340,-728.219
0,2492.831,-2120.303,-728.488
0,2493.831,-2121.266,-728.760
0,2494.831,-2122.228,-729.033
0,2495.831,-2123.191,-729.303
0,2496.831,-2124.154,-729.569
0,2497.831,-2125.119,-729.832
0,2498.831,-2126.085,-730.091
0,2499.831,-2127.052,-730.346
0,2500.831,-2128.019,-730.599
0,2501.831,-2128.987,-730.848
0,2502.831,-2129.956,-731.097
0,2503.830,-2130.925,-731.345
0,2504.830,-2131.893,-731.594
0,2505.830,-2132.862,-731.842
0,2506.830,-2133.831,-732.088
0,2507.830,-2134.801,-732.332
0,2508.830,-2135.771,-732.572
0,2509.830,-2136.743,-732.809
0,2510.830,-2137.714,-733.045
0,2511.830,-2138.687,-733.279
0,2512.830,-2139.659,-733.511
0,2513.830,-2140.633,-733.740
0,2514.830,-2141.607,-733.967
0,2515.830,-2142.581,-734.191
0,2516.830,-2143.556,-734.411
0,2517.829,-2144.533,-734.628
0,2518.829,-2145.510,-734.841
0,2519.829,-2146.487,-735.052
0,2520.829,-2147.465,-735.261
0,2521.829,-2148.443,-735.468
0,2522.829,-2149.422,-735.673
0,2523.829,-2150.401,-735.875
0,2524.829,-2151.381,-736.075
0,2525.829,-2152.361,-736.273
0,2526.829,-2153.342,-736.469
0,2527.829,-2154.323,-736.661
0,2528.829,-2155.305,-736.847
0,2529.829,-2156.289,-737.029
0,2530.829,-2157.273,-737.207
0,2531.829,-2158.257,-737.382
0,2532.828,-2159.242,-737.554
0,2533.828,-2160.228,-737.721
0,2534.828,-2161.215,-737.882
0,2535.828,-2162.203,-738.034
0,2536.828,-2163.193,-738.177
0,2537.828,-2164.183,-738.312
0,2538.828,-2165.175,-738.441
0,2539.828,-2166.167,-738.564
0,2540.828,-2167.160,-738.681
0,2541.828,-2168.154,-738.792
0,2542.828,-2169.148,-738.901
0,2543.828,-2170.142,-739.007
0,2544.828,-2171.137,-739.111
0,2545.828,-2172.132,-739.211
0,2546.828,-2173.127,-739.306
0,2547.827,-2174.123,-739.396
0,2548.827,-2175.119,-739.484
0,2549.827,-2176.115,-739.571
0,2550.827,-2177.112,-739.657
0,2551.827,-2178.108,-739.740
0,2552.827,-2179.105,-739.822
0,2553.827,-2180.102,-739.897
0,2554.827,-2181.099,-739.965
0,2555.827,-2182.098,-740.025
0,2556.827,-2183.096,-740.078
0,2557.827,-2184.095,-740.126
0,2558.827,-2185.094,-740.171
0,2559.827,-2186.093,-740.215
0,2560.827,-2187.092,-740.257
0,2561.827,-2188.091,-740.296
0,2562.826,-2189.090,-740.330
0,2563.826,-2190.090,-740.356
0,2564.826,-2191.090,-740.375
0,2565.826,-2192.089,-740.388
0,2566.826,-2193.089,-740.395
0,2567.826,-2194.089,-740.399
0,2568.826,-2195.089,-740.402
0,2569.826,-2196.089,-740.401
0,2570.826,-2197.089,-740.398
0,2571.826,-2198.089,-740.395
0,2572.826,-2199.089,-740.391
0,2573.826,-2200.089,-740.387
0,2574.826,-2201.089,-740.380
0,2575.826,-2202.089,-740.370
0,2576.825,-2203.088,-740.358
0,2577.825,-2204.088,-740.345
0,2578.825,-2205.088,-740.330
0,2579.825,-2206.088,-740.311
0,2580.825,-2207.088,-740.286
0,2581.825,-2208.087,-740.257
0,2582.825,-2209.086,-740.222
0,2583.825,-2210.086,-740.186
0,2584.825,-2211.085,-740.149
0,2585.825,-2212.084,-740.115
0,2586.825,-2213.084,-740.080
0,2587.825,-2214.083,-740.046
0,2588.825,-2215.082,-740.016
0,2589.825,-2216.082,-739.991
0,2590.825,-2217.082,-739.970
0,2591.824,-2218.081,-739.950
0,2592.824,-2219.081,-739.931
0,2593.824,-2220.081,-739.911
0,2594.824,-2221.081,-739.888
0,2595.824,-2222.080,-739.862
0,2596.824,-2223.080,-739.833
0,2597.824,-2224.079,-739.799
0,2598.824,-2225.078,-739.761
0,2599.824,-2226.077,-739.722
0,2600.824,-2227.077,-739.685
0,2601.824,-2228.076,-739.650
0,2602.824,-2229.075,-739.618
0,2603.824,-2230.075,-739.588
0,2604.824,-2231.074,-739.560
0,2605.824,-2232.074,-739.533
0,2606.823,-2233.074,-739.507
0,2607.823,-2234.073,-739.481
0,2608.823,-2235.073,-739.457
0,2609.823,-2236.072,-739.432
0,2610.823,-2237.072,-739.407
0,2611.823,-2238.072,-739.382
0,2612.823,-2239.071,-739.354
0,2613.823,-2240.071,-739.325
0,2614.823,-2241.070,-739.292
0,2615.823,-2242.069,-739.257
0,2616.823,-2243.069,-739.222
0,2617.823,-2244.068,-739.188
0,2618.823,-2245.068,-739.156
0,2619.823,-2246.067,-739.126
0,2620.823,-2247.067,-739.099
0,2621.822,-2248.066,-739.075
0,2622.822,-2249.066,-739.055
0,2623.822,-2250.066,-739.036
0,2624.822,-2251.065,-739.018
0,2625.822,-2252.065,-739.001
0,2626.822,-2253.065,-738.983
0,2627.822,-2254.065,-738.964
0,2628.822,-2255.065,-738.944
0,2629.822,-2256.064,-738.923
0,2630.822,-2257.064,-738.903
0,2631.822,-2258.064,-738.879
0,2632.822,-2259.063,-738.853
0,2633.822,-2260.063,-738.822
0,2634.822,-2261.062,-738.789
0,2635.822,-2262.061,-738.753
0,2636.821,-2263.061,-738.714
0,2637.821,-2264.060,-738.673
0,2638.821,-2265.059,-738.630
0,2639.821,-2266.058,-738.588
0,2640.821,-2267.057,-738.546
0,2641.821,-2268.056,-738.507
0,2642.821,-2269.055,-738.472
0,2643.821,-2270.055,-738.441
0,2644.821,-2271.054,-738.413
0,2645.821,-2272.054,-738.387
0,2646.821,-2273.053,-738.363
0,2647.821,-2274.053,-738.338
0,2648.821,-2275.053,-738.311
0,2649.821,-2276.052,-738.282
0,2650.820,-2277.051,-738.248
0,2651.820,-2278.051,-738.210
0,2652.820,-2279.050,-738.168
0,2653.820,-2280.049,-738.124
0,2654.820,-2281.048,-738.080
0,2655.820,-2282.047,-738.040
0,2656.820,-2283.046,-738.001
0,2657.820,-2284.045,-737.965
0,2658.820,-2285.045,-737.932
0,2659.820,-2286.044,-737.901
0,2660.820,-2287.043,-737.868
0,2661.820,-2288.043,-737.833
0,2662.820,-2289.042,-737.797
0,2663.820,-2290.041,-737.759
0,2664.820,-2291.040,-737.721
0,2665.819,-2292.040,-737.682
0,2666.819,-2293.039,-737.647
0,2667.819,-2294.038,-737.613
0,2668.819,-2295.038,-737.582
0,2669.819,-2296.037,-737.548
0,2670.819,-2297.036,-737.509
0,2671.819,-2298.035,-737.466
0,2672.819,-2299.034,-737.417
0,2673.819,-2300.032,-737.361
0,2674.819,-2301.030,-737.299
0,2675.819,-2302.028,-737.234
0,2676.819,-2303.026,-737.167
0,2677.819,-2304.024,-737.101
0,2678.819,-2305.021,-737.035
0,2679.819,-2306.019,-736.968
0,2680.818,-2307.017,-736.904
0,2681.818,-2308.015,-736.840
0,2682.818,-2309.013,-736.774
0,2683.818,-2310.010,-736.706
0,2684.818,-2311.008,-736.639
0,2685.818,-2312.006,-736.572
0,2686.818,-2313.003,-736.502
0,2687.818,-2314.001,-736.433
0,2688.818,-2314.998,-736.364
0,2689.818,-2315.996,-736.295
0,2690.818,-2316.993,-736.225
0,2691.818,-2317.991,-736.156
0,2692.818,-2318.988,-736.085
0,2693.818,-2319.986,-736.015
0,2694.818,-2320.983,-735.945
0,2695.817,-2321.981,-735.875
0,2696.817,-2322.978,-735.802
0,2697.817,-2323.975,-735.729
0,2698.817,-2324.972,-735.654
0,2699.817,-2325.969,-735.578
0,2700.817,-2326.966,-735.502
0,2701.817,-2327.964,-735.428
0,2702.817,-2328.961,-735.355
0,2703.817,-2329.958,-735.283
0,2704.817,-2330.955,-735.211
0,2705.817,-2331.953,-735.138
0,2706.817,-2332.950,-735.063
0,2707.817,-2333.947,-734.987
0,2708.817,-2334.944,-734.911
0,2709.816,-2335.941,-734.831
0,2710.816,-2336.937,-734.750
0,2711.816,-2337.934,-734.669
0,2712.816,-2338.931,-734.587
0,2713.816,-2339.927,-734.508
0,2714.816,-2340.924,-734.432
0,2715.816,-2341.922,-734.358
0,2716.816,-2342.919,-734.286
0,2717.816,-2343.916,-734.211
0,2718.816,-2344.913,-734.136
0,2719.816,-2345.910,-734.056
0,2720.816,-2346.906,-733.974
0,2721.816,-2347.903,-733.889
0,2722.816,-2348.899,-733.801
0,2723.816,-2349.895,-733.712
0,2724.815,-2350.891,-733.623
0,2725.815,-2351.886,-733.531
0,2726.815,-2352.882,-733.435
0,2727.815,-2353.877,-733.334
0,2728.815,-2354.871,-733.228
0,2729.815,-2355.864,-733.114
0,2730.815,-2356.857,-732.996
0,2731.815,-2357.850,-732.873
0,2732.815,-2358.841,-732.747
0,2733.815,-2359.833,-732.618
0,2734.815,-2360.825,-732.490
0,2735.815,-2361.816,-732.362
0,2736.815,-2362.808,-732.235
0,2737.815,-2363.800,-732.106
0,2738.815,-2364.791,-731.971
0,2739.814,-2365.781,-731.834
0,2740.814,-2366.771,-731.690
0,2741.814,-2367.759,-731.541
0,2742.814,-2368.748,-731.388
0,2743.814,-2369.735,-731.230
0,2744.814,-2370.722,-731.068
0,2745.814,-2371.708,-730.904
0,2746.814,-2372.694,-730.737
0,2747.814,-2373.680,-730.569
0,2748.814,-2374.665,-730.397
0,2749.814,-2375.649,-730.220
0,2750.814,-2376.633,-730.041
0,2751.814,-2377.616,-729.858
0,2752.814,-2378.598,-729.672
0,2753.814,-2379.580,-729.484
0,2754.813,-2380.562,-729.294
0,2755.813,-2381.543,-729.101
0,2756.813,-2382.524,-728.906
0,2757.813,-2383.504,-728.711
0,2758.813,-2384.486,-728.519
0,2759.813,-2385.468,-728.331
0,2760.813,-2386.450,-728.145
0,2761.813,-2387.434,-727.962
0,2762.813,-2388.417,-727.783
0,2763.813,-2389.401,-727.605
0,2764.813,-2390.385,-727.426
0,2765.813,-2391.368,-727.244
0,2766.813,-2392.350,-727.056
0,2767.813,-2393.332,-726.865
0,2768.812,-2394.313,-726.670
0,2769.812,-2395.292,-726.469
0,2770.812,-2396.271,-726.267
0,2771.812,-2397.251,-726.065
0,2772.812,-2398.231,-725.866
0,2773.812,-2399.211,-725.670
0,2774.812,-2400.193,-725.479
0,2775.812,-2401.176,-725.295
0,2776.812,-2402.159,-725.113
0,2777.812,-2403.142,-724.929
0,2778.812,-2404.124,-724.741
0,2779.812,-2405.104,-724.545
0,2780.812,-2406.084,-724.344
0,2781.812,-2407.062,-724.137
0,2782.812,-2408.040,-723.928
0,2783.811,-2409.018,-723.721
0,2784.811,-2409.997,-723.517
0,2785.811,-2410.977,-723.318
0,2786.811,-2411.958,-723.123
0,2787.811,-2412.938,-722.927
0,2788.811,-2413.919,-722.730
0,2789.811,-2414.898,-722.527
0,2790.811,-2415.875,-722.313
0,2791.811,-2416.850,-722.094
0,2792.811,-2417.824,-721.869
0,2793.811,-2418.798,-721.641
0,2794.811,-2419.772,-721.414
0,2795.811,-2420.747,-721.192
0,2796.811,-2421.723,-720.975
0,2797.811,-2422.700,-720.764
0,2798.810,-2423.679,-720.557
0,2799.810,-2424.657,-720.351
0,2800.810,-2425.634,-720.140
0,2801.810,-2426.610,-719.922
0,2802.810,-2427.585,-719.700
0,2803.810,-2428.560,-719.475
0,2804.810,-2429.535,-719.253
0,2805.810,-2430.511,-719.038
0,2806.810,-2431.489,-718.831
0,2807.810,-2432.469,-718.628
0,2808.810,-2433.448,-718.427
0,2809.810,-2434.426,-718.219
0,2810.810,-2435.402,-718.002
0,2811.810,-2436.376,-717.776
0,2812.810,-2437.349,-717.545
0,2813.809,-2438.321,-717.311
0,2814.809,-2439.294,-717.081
0,2815.809,-2440.269,-716.857
0,2816.809,-2441.245,-716.639
0,2817.809,-2442.222,-716.427
0,2818.809,-2443.200,-716.217
0,2819.809,-2444.177,-716.008
0,2820.809,-2445.154,-715.795
0,2821.809,-2446.131,-715.578
0,2822.809,-2447.106,-715.358
0,2823.809,-2448.081,-715.134
0,2824.809,-2449.054,-714.908
0,2825.809,-2450.028,-714.681
0,2826.809,-2451.003,-714.456
0,2827.809,-2451.977,-714.233
0,2828.808,-2452.953,-714.013
0,2829.808,-2453.929,-713.796
0,2830.808,-2454.906,-713.584
0,2831.808,-2455.884,-713.375
0,2832.808,-2456.862,-713.168
0,2833.808,-2457.840,-712.959
0,2834.808,-2458.818,-712.748
0,2835.808,-2459.794,-712.532
0,2836.808,-2460.769,-712.312
0,2837.808,-2461.744,-712.087
0,2838.808,-2462.717,-711.860
0,2839.808,-2463.692,-711.636
0,2840.808,-2464.667,-711.416
0,2841.808,-2465.644,-711.200
0,2842.807,-2466.621,-710.988
0,2843.807,-2467.599,-710.781
0,2844.807,-2468.578,-710.578
0,2845.807,-2469.557,-710.374
0,2846.807,-2470.535,-710.165
0,2847.807,-2471.512,-709.954
0,2848.807,-2472.489,-709.739
0,2849.807,-2473.465,-709.520
0,2850.807,-2474.440,-709.299
0,2851.807,-2475.414,-709.075
0,2852.807,-2476.388,-708.846
0,2853.807,-2477.361,-708.616
0,2854.807,-2478.334,-708.386
0,2855.807,-2479.307,-708.154
0,2856.807,-2480.279,-707.923
0,2857.806,-2481.253,-707.693
0,2858.806,-2482.226,-707.465
0,2859.806,-2483.201,-707.241
0,2860.806,-2484.177,-707.023
0,2861.806,-2485.154,-706.812
0,2862.806,-2486.132,-706.605
0,2863.806,-2487.111,-706.398
0,2864.806,-2488.089,-706.193
0,2865.806,-2489.067,-705.984
0,2866.806,-2490.044,-705.770
0,2867.806,-2491.020,-705.555
0,2868.806,-2491.996,-705.337
0,2869.806,-2492.971,-705.116
0,2870.806,-2493.946,-704.892
0,2871.806,-2494.920,-704.667
0,2872.805,-2495.895,-704.442
0,2873.805,-2496.869,-704.218
0,2874.805,-2497.844,-703.995
0,2875.805,-2498.819,-703.773
0,2876.805,-2499.794,-703.553
0,2877.805,-2500.770,-703.335
0,2878.805,-2501.746,-703.118
0,2879.805,-2502.723,-702.902
0,2880.805,-2503.699,-702.688
0,2881.805,-2504.676,-702.473
0,2882.805,-2505.652,-702.257
0,2883.805,-2506.628,-702.039
0,2884.805,-2507.604,-701.820
0,2885.805,-2508.579,-701.600
0,2886.805,-2509.555,-701.381
0,2887.804,-2510.530,-701.162
0,2888.804,-2511.506,-700.945
0,2889.804,-2512.483,-700.728
0,2890.804,-2513.459,-700.512
0,2891.804,-2514.435,-700.296
0,2892.804,-2515.412,-700.080
0,2893.804,-2516.388,-699.864
0,2894.804,-2517.364,-699.648
0,2895.804,-2518.340,-699.431
0,2896.804,-2519.316,-699.213
0,2897.804,-2520.292,-698.994
0,2898.804,-2521.267,-698.773
0,2899.804,-2522.242,-698.550
0,2900.804,-2523.216,-698.325
0,2901.803,-2524.190,-698.100
0,2902.803,-2525.165,-697.878
0,2903.803,-2526.141,-697.660
0,2904.803,-2527.118,-697.445
0,2905.803,-2528.094,-697.231
0,2906.803,-2529.071,-697.017
0,2907.803,-2530.048,-696.803
0,2908.803,-2531.024,-696.585
0,2909.803,-2531.999,-696.365
0,2910.803,-2532.975,-696.144
0,2911.803,-2533.950,-695.922
0,2912.803,-2534.925,-695.701
0,2913.803,-2535.900,-695.481
0,2914.803,-2536.876,-695.261
0,2915.803,-2537.851,-695.042
0,2916.802,-2538.827,-694.825
0,2917.802,-2539.804,-694.608
0,2918.802,-2540.780,-694.391
0,2919.802,-2541.756,-694.174
0,2920.802,-2542.732,-693.957
0,2921.802,-2543.708,-693.741
0,2922.802,-2544.685,-693.526
0,2923.802,-2545.662,-693.313
0,2924.802,-2546.639,-693.101
0,2925.802,-2547.616,-692.887
0,2926.802,-2548.591,-692.667
0,2927.802,-2549.565,-692.441
0,2928.802,-2550.538,-692.211
0,2929.802,-2551.511,-691.980
0,2930.802,-2552.484,-691.749
0,2931.801,-2553.458,-691.521
0,2932.801,-2554.432,-691.296
0,2933.801,-2555.407,-691.074
0,2934.801,-2556.383,-690.855
0,2935.801,-2557.359,-690.640
0,2936.801,-2558.336,-690.427
0,2937.801,-2559.313,-690.215
0,2938.801,-2560.290,-690.003
0,2939.801,-2561.267,-689.789
0,2940.801,-2562.243,-689.572
0,2941.801,-2563.219,-689.352
0,2942.801,-2564.193,-689.127
0,2943.801,-2565.167,-688.901
0,2944.801,-2566.141,-688.673
0,2945.801,-2567.115,-688.447
0,2946.800,-2568.089,-688.222
0,2947.800,-2569.064,-687.999
0,2948.800,-2570.039,-687.780
0,2949.800,-2571.015,-687.563
0,2950.800,-2571.992,-687.347
0,2951.800,-2572.968,-687.131
0,2952.800,-2573.944,-686.914
0,2953.800,-2574.920,-686.695
0,2954.800,-2575.895,-686.476
0,2955.800,-2576.871,-686.256
0,2956.800,-2577.847,-686.037
0,2957.800,-2578.823,-685.819
0,2958.800,-2579.799,-685.603
0,2959.800,-2580.776,-685.390
0,2960.799,-2581.753,-685.177
0,2961.799,-2582.730,-684.963
0,2962.799,-2583.706,-684.746
0,2963.799,-2584.681,-684.526
0,2964.799,-2585.656,-684.303
0,2965.799,-2586.630,-684.076
0,2966.799,-2587.603,-683.847
0,2967.799,-2588.576,-683.618
0,2968.799,-2589.550,-683.391
0,2969.799,-2590.525,-683.168
0,2970.799,-2591.501,-682.951
0,2971.799,-2592.478,-682.738
0,2972.799,-2593.455,-682.527
0,2973.799,-2594.432,-682.313
0,2974.799,-2595.408,-682.097
0,2975.798,-2596.384,-681.877
0,2976.798,-2597.359,-681.657
0,2977.798,-2598.334,-681.435
0,2978.798,-2599.309,-681.213
0,2979.798,-2600.284,-680.990
0,2980.798,-2601.259,-680.767
0,2981.798,-2602.234,-680.544
0,2982.798,-2603.209,-680.324
0,2983.798,-2604.185,-680.105
0,2984.798,-2605.161,-679.887
0,2985.798,-2606.136,-679.668
0,2986.798,-2607.112,-679.448
0,2987.798,-2608.087,-679.229
0,2988.798,-2609.063,-679.012
0,2989.798,-2610.039,-678.794
0,2990.797,-2611.015,-678.576
0,2991.797,-2611.991,-678.358
0,2992.797,-2612.967,-678.139
0,2993.797,-2613.942,-677.919
0,2994.797,-2614.918,-677.701
0,2995.797,-2615.894,-677.484
0,2996.797,-2616.870,-677.266
0,2997.797,-2617.846,-677.048
0,2998.797,-2618.821,-676.827
0,2999.797,-2619.797,-676.607
0,3000.797,-2620.772,-676.388
0,3001.797,-2621.748,-676.168
0,3002.797,-2622.723,-675.947
0,3003.797,-2623.698,-675.726
0,3004.797,-2624.674,-675.507
0,3005.796,-2625.649,-675.289
0,3006.796,-2626.626,-675.072
0,3007.796,-2627.602,-674.854
0,3008.796,-2628.577,-674.635
0,3009.796,-2629.552,-674.414
0,3010.796,-2630.528,-674.193
0,3011.796,-2631.503,-673.973
0,3012.796,-2632.480,-673.758
0,3013.796,-2633.457,-673.547
0,3014.796,-2634.435,-673.338
0,3015.796,-2635.412,-673.127
0,3016.796,-2636.389,-672.911
0,3017.796,-2637.364,-672.692
0,3018.796,-2638.339,-672.470
0,3019.795,-2639.315,-672.250
0,3020.795,-2640.290,-672.029
0,3021.795,-2641.265,-671.808
0,3022.795,-2642.240,-671.585
0,3023.795,-2643.214,-671.360
0,3024.795,-2644.188,-671.133
0,3025.795,-2645.162,-670.908
0,3026.795,-2646.138,-670.688
0,3027.795,-2647.114,-670.472
0,3028.795,-2648.091,-670.257
0,3029.795,-2649.067,-670.042
0,3030.795,-2650.044,-669.828
0,3031.795,-2651.021,-669.616
0,3032.795,-2651.998,-669.404
0,3033.795,-2652.975,-669.191
0,3034.794,-2653.952,-668.977
0,3035.794,-2654.928,-668.760
0,3036.794,-2655.903,-668.539
0,3037.794,-2656.878,-668.315
0,3038.794,-2657.852,-668.090
0,3039.794,-2658.826,-667.865
0,3040.794,-2659.801,-667.640
0,3041.794,-2660.775,-667.414
0,3042.794,-2661.749,-667.189
0,3043.794,-2662.724,-666.966
0,3044.794,-2663.699,-666.746
0,3045.794,-2664.675,-666.527
0,3046.794,-2665.650,-666.308
0,3047.794,-2666.626,-666.089
0,3048.794,-2667.602,-665.870
0,3049.793,-2668.578,-665.652
0,3050.793,-2669.554,-665.435
0,3051.793,-2670.530,-665.220
0,3052.793,-2671.507,-665.006
0,3053.793,-2672.484,-664.794
0,3054.793,-2673.462,-664.582
0,3055.793,-2674.439,-664.371
0,3056.793,-2675.416,-664.158
0,3057.793,-2676.393,-663.943
0,3058.793,-2677.369,-663.727
0,3059.793,-2678.344,-663.507
0,3060.793,-2679.319,-663.286
0,3061.793,-2680.294,-663.064
0,3062.793,-2681.269,-662.841
0,3063.793,-2682.244,-662.618
0,3064.792,-2683.219,-662.395
0,3065.792,-2684.193,-662.172
0,3066.792,-2685.168,-661.950
0,3067.792,-2686.143,-661.728
0,3068.792,-2687.118,-661.507
0,3069.792,-2688.093,-661.285
0,3070.792,-2689.068,-661.062
0,3071.792,-2690.043,-660.839
0,3072.792,-2691.018,-660.616
0,3073.792,-2691.993,-660.394
0,3074.792,-2692.968,-660.173
0,3075.792,-2693.944,-659.954
0,3076.792,-2694.920,-659.738
0,3077.792,-2695.896,-659.523
0,3078.792,-2696.873,-659.310
0,3079.791,-2697.850,-659.097
0,3080.791,-2698.828,-658.885
0,3081.791,-2699.804,-658.672
0,3082.791,-2700.781,-658.457
0,3083.791,-2701.757,-658.240
0,3084.791,-2702.733,-658.021
0,3085.791,-2703.707,-657.797
0,3086.791,-2704.681,-657.570
0,3087.791,-2705.654,-657.339
0,3088.791,-2706.626,-657.106
0,3089.791,-2707.599,-656.874
0,3090.791,-2708.572,-656.643
0,3091.791,-2709.546,-656.415
0,3092.791,-2710.520,-656.192
0,3093.790,-2711.496,-655.973
0,3094.790,-2712.472,-655.757
0,3095.790,-2713.450,-655.545
0,3096.790,-2714.427,-655.334
0,3097.790,-2715.404,-655.123
0,3098.790,-2716.382,-654.913
0,3099.790,-2717.359,-654.701
0,3100.790,-2718.336,-654.486
0,3101.790,-2719.312,-654.269
0,3102.790,-2720.287,-654.049
0,3103.790,-2721.263,-653.829
0,3104.790,-2722.238,-653.607
0,3105.790,-2723.213,-653.385
0,3106.790,-2724.188,-653.165
0,3107.790,-2725.164,-652.945
0,3108.789,-2726.139,-652.726
0,3109.789,-2727.115,-652.507
0,3110.789,-2728.091,-652.290
0,3111.789,-2729.067,-652.072
0,3112.789,-2730.042,-651.853
0,3113.789,-2731.017,-651.631
0,3114.789,-2731.992,-651.407
0,3115.789,-2732.966,-651.181
0,3116.789,-2733.940,-650.956
0,3117.789,-2734.915,-650.731
0,3118.789,-2735.889,-650.508
0,3119.789,-2736.864,-650.287
0,3120.789,-2737.840,-650.068
0,3121.789,-2738.816,-649.850
0,3122.789,-2739.793,-649.635
0,3123.788,-2740.769,-649.420
0,3124.788,-2741.746,-649.206
0,3125.788,-2742.722,-648.990
0,3126.788,-2743.698,-648.773
0,3127.788,-2744.674,-648.553
0,3128.788,-2745.649,-648.330
0,3129.788,-2746.623,-648.106
0,3130.788,-2747.597,-647.880
0,3131.788,-2748.571,-647.652
0,3132.788,-2749.544,-647.423
0,3133.788,-2750.517,-647.193
0,3134.788,-2751.491,-646.966
0,3135.788,-2752.465,-646.741
0,3136.788,-2753.440,-646.518
0,3137.788,-2754.416,-646.298
0,3138.787,-2755.391,-646.080
0,3139.787,-2756.368,-645.863
0,3140.787,-2757.344,-645.648
0,3141.787,-2758.321,-645.433
0,3142.787,-2759.297,-645.219
0,3143.787,-2760.274,-645.006
0,3144.787,-2761.251,-644.791
0,3145.787,-2762.227,-644.576
0,3146.787,-2763.204,-644.359
0,3147.787,-2764.179,-644.140
0,3148.787,-2765.155,-643.921
0,3149.787,-2766.131,-643.702
0,3150.787,-2767.106,-643.483
0,3151.787,-2768.081,-643.262
0,3152.786,-2769.056,-643.039
0,3153.786,-2770.030,-642.813
0,3154.786,-2771.004,-642.586
0,3155.786,-2771.977,-642.357
0,3156.786,-2772.950,-642.127
0,3157.786,-2773.923,-641.896
0,3158.786,-2774.897,-641.667
0,3159.786,-2775.870,-641.438
0,3160.786,-2776.844,-641.213
0,3161.786,-2777.819,-640.991
0,3162.786,-2778.795,-640.772
0,3163.786,-2779.771,-640.555
0,3164.786,-2780.747,-640.338
0,3165.786,-2781.723,-640.120
0,3166.786,-2782.699,-639.901
0,3167.785,-2783.674,-639.678
0,3168.785,-2784.648,-639.455
0,3169.785,-2785.623,-639.230
0,3170.785,-2786.597,-639.006
0,3171.785,-2787.572,-638.782
0,3172.785,-2788.546,-638.560
0,3173.785,-2789.521,-638.337
0,3174.785,-2790.496,-638.115
0,3175.785,-2791.471,-637.894
0,3176.785,-2792.447,-637.673
0,3177.785,-2793.422,-637.452
0,3178.785,-2794.397,-637.230
0,3179.785,-2795.372,-637.008
0,3180.785,-2796.347,-636.786
0,3181.785,-2797.322,-636.564
0,3182.784,-2798.297,-636.342
0,3183.784,-2799.272,-636.122
0,3184.784,-2800.247,-635.901
0,3185.784,-2801.223,-635.680
0,3186.784,-2802.198,-635.458
0,3187.784,-2803.172,-635.235
0,3188.784,-2804.147,-635.010
0,3189.784,-2805.121,-634.785
0,3190.784,-2806.095,-634.558
0,3191.784,-2807.068,-634.329
0,3192.784,-2808.042,-634.101
0,3193.784,-2809.015,-633.873
0,3194.784,-2809.990,-633.648
0,3195.784,-2810.965,-633.427
0,3196.784,-2811.940,-633.208
0,3197.783,-2812.916,-632.988
0,3198.783,-2813.891,-632.766
0,3199.783,-2814.865,-632.540
0,3200.783,-2815.839,-632.313
0,3201.783,-2816.813,-632.088
0,3202.783,-2817.788,-631.865
0,3203.783,-2818.763,-631.644
0,3204.783,-2819.738,-631.422
0,3205.783,-2820.712,-631.196
0,3206.783,-2821.685,-630.967
0,3207.783,-2822.658,-630.736
0,3208.783,-2823.631,-630.504
0,3209.783,-2824.603,-630.272
0,3210.783,-2825.576,-630.038
0,3211.782,-2826.548,-629.806
0,3212.782,-2827.521,-629.575
0,3213.782,-2828.495,-629.348
0,3214.782,-2829.469,-629.121
0,3215.782,-2830.443,-628.895
0,3216.782,-2831.417,-628.668
0,3217.782,-2832.390,-628.439
0,3218.782,-2833.363,-628.209
0,3219.782,-2834.337,-627.980
0,3220.782,-2835.310,-627.753
0,3221.782,-2836.284,-627.527
0,3222.782,-2837.259,-627.302
0,3223.782,-2838.233,-627.076
0,3224.782,-2839.207,-626.851
0,3225.782,-2840.181,-626.625
0,3226.781,-2841.154,-626.396
0,3227.781,-2842.127,-626.164
0,3228.781,-2843.099,-625.928
0,3229.781,-2844.071,-625.692
0,3230.781,-2845.042,-625.455
0,3231.781,-2846.013,-625.218
0,3232.781,-2846.985,-624.981
0,3233.781,-2847.957,-624.747
0,3234.781,-2848.929,-624.514
0,3235.781,-2849.902,-624.283
0,3236.781,-2850.875,-624.053
0,3237.781,-2851.848,-623.823
0,3238.781,-2852.821,-623.590
0,3239.781,-2853.793,-623.354
0,3240.781,-2854.763,-623.114
0,3241.780,-2855.733,-622.871
0,3242.780,-2856.703,-622.628
0,3243.780,-2857.673,-622.386
0,3244.780,-2858.644,-622.144
0,3245.780,-2859.614,-621.902
0,3246.780,-2860.584,-621.662
0,3247.780,-2861.555,-621.420
0,3248.780,-2862.525,-621.179
0,3249.780,-2863.495,-620.937
0,3250.780,-2864.465,-620.693
0,3251.780,-2865.435,-620.449
0,3252.780,-2866.404,-620.205
0,3253.780,-2867.375,-619.962
0,3254.780,-2868.345,-619.723
0,3255.780,-2869.317,-619.485
0,3256.779,-2870.288,-619.249
0,3257.779,-2871.260,-619.015
0,3258.779,-2872.233,-618.781
0,3259.779,-2873.205,-618.547
0,3260.779,-2874.177,-618.311
0,3261.779,-2875.148,-618.073
0,3262.779,-2876.118,-617.832
0,3263.779,-2877.087,-617.586
0,3264.779,-2878.056,-617.339
0,3265.779,-2879.025,-617.090
0,3266.779,-2879.993,-616.839
0,3267.779,-2880.960,-616.586
0,3268.779,-2881.928,-616.334
0,3269.779,-2882.896,-616.083
0,3270.779,-2883.864,-615.835
0,3271.778,-2884.834,-615.590
0,3272.778,-2885.805,-615.351
0,3273.778,-2886.777,-615.117
0,3274.778,-2887.750,-614.888
0,3275.778,-2888.724,-614.662
0,3276.778,-2889.699,-614.437
0,3277.778,-2890.673,-614.213
0,3278.778,-2891.647,-613.987
0,3279.778,-2892.621,-613.759
0,3280.778,-2893.594,-613.530
0,3281.778,-2894.568,-613.301
0,3282.778,-2895.541,-613.071
0,3283.778,-2896.513,-612.839
0,3284.778,-2897.485,-612.602
0,3285.777,-2898.456,-612.363
0,3286.777,-2899.426,-612.120
0,3287.777,-2900.395,-611.874
0,3288.777,-2901.363,-611.624
0,3289.777,-2902.331,-611.374
0,3290.777,-2903.299,-611.122
0,3291.777,-2904.266,-610.869
0,3292.777,-2905.233,-610.614
0,3293.777,-2906.200,-610.358
0,3294.777,-2907.166,-610.101
0,3295.777,-2908.133,-609.845
0,3296.777,-2909.100,-609.592
0,3297.777,-2910.068,-609.342
0,3298.777,-2911.038,-609.097
0,3299.777,-2912.008,-608.857
0,3300.776,-2912.980,-608.620
0,3301.776,-2913.952,-608.385
0,3302.776,-2914.924,-608.150
0,3303.776,-2915.895,-607.914
0,3304.776,-2916.867,-607.678
0,3305.776,-2917.839,-607.442
0,3306.776,-2918.810,-607.206
0,3307.776,-2919.782,-606.968
0,3308.776,-2920.752,-606.728
0,3309.776,-2921.723,-606.487
0,3310.776,-2922.693,-606.246
0,3311.776,-2923.663,-606.003
0,3312.776,-2924.633,-605.759
0,3313.776,-2925.603,-605.516
0,3314.776,-2926.573,-605.274
0,3315.775,-2927.543,-605.031
0,3316.775,-2928.513,-604.787
0,3317.775,-2929.482,-604.543
0,3318.775,-2930.453,-604.303
0,3319.775,-2931.423,-604.061
0,3320.775,-2932.394,-603.821
0,3321.775,-2933.365,-603.581
0,3322.775,-2934.336,-603.344
0,3323.775,-2935.308,-603.109
0,3324.775,-2936.280,-602.876
0,3325.775,-2937.253,-602.643
0,3326.775,-2938.226,-602.412
0,3327.775,-2939.199,-602.181
0,3328.775,-2940.171,-601.947
0,3329.775,-2941.142,-601.711
0,3330.774,-2942.114,-601.474
0,3331.774,-2943.085,-601.234
0,3332.774,-2944.055,-600.993
0,3333.774,-2945.025,-600.750
0,3334.774,-2945.994,-600.503
0,3335.774,-2946.963,-600.255
0,3336.774,-2947.931,-600.006
0,3337.774,-2948.900,-599.758
0,3338.774,-2949.869,-599.511
0,3339.774,-2950.838,-599.266
0,3340.774,-2951.808,-599.024
0,3341.774,-2952.780,-598.786
0,3342.774,-2953.752,-598.551
0,3343.774,-2954.724,-598.318
0,3344.773,-2955.696,-598.085
0,3345.773,-2956.668,-597.849
0,3346.773,-2957.639,-597.611
0,3347.773,-2958.610,-597.371
0,3348.773,-2959.580,-597.128
0,3349.773,-2960.550,-596.885
0,3350.773,-2961.520,-596.641
0,3351.773,-2962.489,-596.398
0,3352.773,-2963.459,-596.155
0,3353.773,-2964.430,-595.914
0,3354.773,-2965.401,-595.675
0,3355.773,-2966.372,-595.437
0,3356.773,-2967.343,-595.200
0,3357.773,-2968.315,-594.965
0,3358.773,-2969.287,-594.729
0,3359.772,-2970.259,-594.495
0,3360.772,-2971.231,-594.261
0,3361.772,-2972.203,-594.027
0,3362.772,-2973.175,-593.792
0,3363.772,-2974.147,-593.556
0,3364.772,-2975.119,-593.321
0,3365.772,-2976.090,-593.084
0,3366.772,-2977.061,-592.844
0,3367.772,-2978.032,-592.603
0,3368.772,-2979.002,-592.361
0,3369.772,-2979.972,-592.119
0,3370.772,-2980.943,-591.878
0,3371.772,-2981.914,-591.639
0,3372.772,-2982.885,-591.403
0,3373.772,-2983.858,-591.170
0,3374.771,-2984.830,-590.937
0,3375.771,-2985.802,-590.704
0,3376.771,-2986.774,-590.469
0,3377.771,-2987.746,-590.231
0,3378.771,-2988.716,-589.989
0,3379.771,-2989.684,-589.741
0,3380.771,-2990.652,-589.490
0,3381.771,-2991.620,-589.239
0,3382.771,-2992.589,-588.992
0,3383.771,-2993.560,-588.752
0,3384.771,-2994.532,-588.518
0,3385.771,-2995.505,-588.286
0,3386.771,-2996.477,-588.054
0,3387.771,-2997.449,-587.820
0,3388.771,-2998.421,-587.581
0,3389.770,-2999.391,-587.341
0,3390.770,-3000.361,-587.099
0,3391.770,-3001.331,-586.856
0,3392.770,-3002.301,-586.610
0,3393.770,-3003.270,-586.364
0,3394.770,-3004.240,-586.121
0,3395.770,-3005.211,-585.885
0,3396.770,-3006.186,-585.660
0,3397.770,-3007.161,-585.441
0,3398.770,-3008.137,-585.221
0,3399.770,-3009.111,-584.994
0,3400.770,-3010.081,-584.755
0,3401.770,-3011.048,-584.501
0,3402.770,-3012.012,-584.233
0,3403.769,-3012.974,-583.962
0,3404.769,-3013.938,-583.696
0,3405.769,-3014.905,-583.441
0,3406.769,-3015.876,-583.201
0,3407.769,-3016.850,-582.977
0,3408.769,-3017.827,-582.763
0,3409.769,-3018.804,-582.549
0,3410.769,-3019.779,-582.327
0,3411.769,-3020.751,-582.094
0,3412.769,-3021.721,-581.849
0,3413.769,-3022.689,-581.598
0,3414.769,-3023.656,-581.344
0,3415.769,-3024.623,-581.091
0,3416.769,-3025.591,-580.841
0,3417.769,-3026.560,-580.594
0,3418.768,-3027.529,-580.348
0,3419.768,-3028.500,-580.107
0,3420.768,-3029.471,-579.870
0,3421.768,-3030.444,-579.637
0,3422.768,-3031.417,-579.407
0,3423.768,-3032.390,-579.179
0,3424.768,-3033.363,-578.949
0,3425.768,-3034.335,-578.712
0,3426.768,-3035.306,-578.472
0,3427.768,-3036.276,-578.231
0,3428.768,-3037.247,-577.991
0,3429.768,-3038.218,-577.752
0,3430.768,-3039.189,-577.514
0,3431.768,-3040.161,-577.278
0,3432.768,-3041.133,-577.043
0,3433.767,-3042.105,-576.811
0,3434.767,-3043.078,-576.580
0,3435.767,-3044.051,-576.351
0,3436.767,-3045.025,-576.122
0,3437.767,-3045.997,-575.889
0,3438.767,-3046.969,-575.653
0,3439.767,-3047.940,-575.415
0,3440.767,-3048.911,-575.174
0,3441.767,-3049.881,-574.932
0,3442.767,-3050.851,-574.690
0,3443.767,-3051.821,-574.447
0,3444.767,-3052.791,-574.205
0,3445.767,-3053.762,-573.964
0,3446.767,-3054.732,-573.723
0,3447.767,-3055.702,-573.481
0,3448.766,-3056.672,-573.237
0,3449.766,-3057.641,-572.991
0,3450.766,-3058.610,-572.745
0,3451.766,-3059.580,-572.501
0,3452.766,-3060.550,-572.259
0,3453.766,-3061.521,-572.020
0,3454.766,-3062.493,-571.784
0,3455.766,-3063.465,-571.551
0,3456.766,-3064.437,-571.316
0,3457.766,-3065.409,-571.080
0,3458.766,-3066.380,-570.844
0,3459.766,-3067.352,-570.605
0,3460.766,-3068.322,-570.366
0,3461.766,-3069.293,-570.127
0,3462.766,-3070.264,-569.888
0,3463.765,-3071.236,-569.651
0,3464.765,-3072.207,-569.415
0,3465.765,-3073.179,-569.180
0,3466.765,-3074.151,-568.945
0,3467.765,-3075.123,-568.708
0,3468.765,-3076.094,-568.469
0,3469.765,-3077.064,-568.226
0,3470.765,-3078.033,-567.981
0,3471.765,-3079.003,-567.737
0,3472.765,-3079.973,-567.495
0,3473.765,-3080.944,-567.256
0,3474.765,-3081.915,-567.019
0,3475.765,-3082.887,-566.782
0,3476.765,-3083.858,-566.544
0,3477.764,-3084.829,-566.306
0,3478.764,-3085.800,-566.064
0,3479.764,-3086.770,-565.822
0,3480.764,-3087.740,-565.579
0,3481.764,-3088.710,-565.338
0,3482.764,-3089.681,-565.097
0,3483.764,-3090.651,-564.857
0,3484.764,-3091.622,-564.616
0,3485.764,-3092.592,-564.374
0,3486.764,-3093.562,-564.132
0,3487.764,-3094.532,-563.889
0,3488.764,-3095.502,-563.645
0,3489.764,-3096.472,-563.402
0,3490.764,-3097.442,-563.159
0,3491.764,-3098.412,-562.917
0,3492.763,-3099.382,-562.676
0,3493.763,-3100.353,-562.437
0,3494.763,-3101.324,-562.197
0,3495.763,-3102.295,-561.958
0,3496.763,-3103.266,-561.719
0,3497.763,-3104.237,-561.482
0,3498.763,-3105.209,-561.246
0,3499.763,-3106.181,-561.010
0,3500.763,-3107.152,-560.773
0,3501.763,-3108.123,-560.535
0,3502.763,-3109.094,-560.296
0,3503.763,-3110.065,-560.055
0,3504.763,-3111.035,-559.813
0,3505.763,-3112.005,-559.570
0,3506.763,-3112.975,-559.327
0,3507.762,-3113.945,-559.084
0,3508.762,-3114.915,-558.842
0,3509.762,-3115.886,-558.602
0,3510.762,-3116.857,-558.364
0,3511.762,-3117.829,-558.128
0,3512.762,-3118.801,-557.893
0,3513.762,-3119.773,-557.658
0,3514.762,-3120.744,-557.422
0,3515.762,-3121.715,-557.184
0,3516.762,-3122.686,-556.943
0,3517.762,-3123.656,-556.699
0,3518.762,-3124.625,-556.456
0,3519.762,-3125.595,-556.213
0,3520.762,-3126.566,-555.971
0,3521.762,-3127.536,-555.730
0,3522.761,-3128.507,-555.490
0,3523.761,-3129.478,-555.251
0,3524.761,-3130.449,-555.012
0,3525.761,-3131.420,-554.774
0,3526.761,-3132.391,-554.535
0,3527.761,-3133.361,-554.294
0,3528.761,-3134.332,-554.052
0,3529.761,-3135.302,-553.809
0,3530.761,-3136.272,-553.567
0,3531.761,-3137.242,-553.325
0,3532.761,-3138.212,-553.084
0,3533.761,-3139.183,-552.844
0,3534.761,-3140.154,-552.607
0,3535.761,-3141.126,-552.371
0,3536.760,-3142.098,-552.135
0,3537.760,-3143.069,-551.899
0,3538.760,-3144.041,-551.663
0,3539.760,-3145.013,-551.428
0,3540.760,-3145.985,-551.192
0,3541.760,-3146.956,-550.955
0,3542.760,-3147.927,-550.716
0,3543.760,-3148.898,-550.478
0,3544.760,-3149.870,-550.240
0,3545.760,-3150.841,-550.003
0,3546.760,-3151.813,-549.767
0,3547.760,-3152.784,-549.530
0,3548.760,-3153.755,-549.292
0,3549.760,-3154.726,-549.052
0,3550.760,-3155.696,-548.809
0,3551.759,-3156.666,-548.566
0,3552.759,-3157.636,-548.323
0,3553.759,-3158.606,-548.081
0,3554.759,-3159.576,-547.839
0,3555.759,-3160.547,-547.597
0,3556.759,-3161.517,-547.358
0,3557.759,-3162.489,-547.120
0,3558.759,-3163.461,-546.885
0,3559.759,-3164.433,-546.651
0,3560.759,-3165.405,-546.417
0,3561.759,-3166.377,-546.182
0,3562.759,-3167.349,-545.946
0,3563.759,-3168.320,-545.709
0,3564.759,-3169.291,-545.472
0,3565.759,-3170.263,-545.235
0,3566.758,-3171.234,-544.998
0,3567.758,-3172.205,-544.759
0,3568.758,-3173.176,-544.519
0,3569.758,-3174.147,-544.280
0,3570.758,-3175.118,-544.041
0,3571.758,-3176.089,-543.803
0,3572.758,-3177.061,-543.567
0,3573.758,-3178.032,-543.330
0,3574.758,-3179.004,-543.093
0,3575.758,-3179.975,-542.855
0,3576.758,-3180.946,-542.615
0,3577.758,-3181.917,-542.376
0,3578.758,-3182.888,-542.139
0,3579.758,-3183.859,-541.902
0,3580.758,-3184.831,-541.665
0,3581.757,-3185.802,-541.426
0,3582.757,-3186.773,-541.188
0,3583.757,-3187.744,-540.950
0,3584.757,-3188.715,-540.711
0,3585.757,-3189.686,-540.472
0,3586.757,-3190.656,-540.229
0,3587.757,-3191.624,-539.979
0,3588.757,-3192.591,-539.724
0,3589.757,-3193.557,-539.464
0,3590.757,-3194.521,-539.200
0,3591.757,-3195.484,-538.932
0,3592.757,-3196.447,-538.662
0,3593.757,-3197.411,-538.394
0,3594.757,-3198.376,-538.135
0,3595.756,-3199.346,-537.891
0,3596.756,-3200.320,-537.663
0,3597.756,-3201.297,-537.450
0,3598.756,-3202.277,-537.255
0,3599.756,-3203.261,-537.076
0,3600.756,-3204.248,-536.913
0,3601.756,-3205.237,-536.770
0,3602.756,-3206.230,-536.652
0,3603.756,-3207.225,-536.559
0,3604.756,-3208.223,-536.487
0,3605.756,-3209.221,-536.434
0,3606.756,-3210.221,-536.401
0,3607.756,-3211.220,-536.388
0,3608.756,-3212.220,-536.394
0,3609.756,-3213.220,-536.420
0,3610.755,-3214.219,-536.466
0,3611.755,-3215.216,-536.533
0,3612.755,-3216.213,-536.617
0,3613.755,-3217.208,-536.713
0,3614.755,-3218.203,-536.815
0,3615.755,-3219.197,-536.922
0,3616.755,-3220.190,-537.035
0,3617.755,-3221.183,-537.153
0,3618.755,-3222.175,-537.282
0,3619.755,-3223.164,-537.426
0,3620.755,-3224.150,-537.594
0,3621.755,-3225.131,-537.788
0,3622.755,-3226.104,-538.016
0,3623.755,-3227.069,-538.280
0,3624.755,-3228.020,-538.586
0,3625.754,-3228.957,-538.936
0,3626.754,-3229.875,-539.332
0,3627.754,-3230.773,-539.770
0,3628.754,-3231.654,-540.243
0,3629.754,-3232.518,-540.746
0,3630.754,-3233.369,-541.271
0,3631.754,-3234.208,-541.815
0,3632.754,-3235.041,-542.368
0,3633.754,-3235.870,-542.927
0,3634.754,-3236.699,-543.487
0,3635.754,-3237.529,-544.044
0,3636.754,-3238.362,-544.597
0,3637.754,-3239.198,-545.146
0,3638.754,-3240.033,-545.696
0,3639.754,-3240.865,-546.251
0,3640.753,-3241.689,-546.818
0,3641.753,-3242.501,-547.400
0,3642.753,-3243.300,-548.001
0,3643.753,-3244.085,-548.621
0,3644.753,-3244.855,-549.259
0,3645.753,-3245.609,-549.916
0,3646.753,-3246.347,-550.590
0,3647.753,-3247.070,-551.281
0,3648.753,-3247.779,-551.985
0,3649.753,-3248.474,-552.704
0,3650.753,-3249.156,-553.436
0,3651.753,-3249.825,-554.179
0,3652.753,-3250.483,-554.932
0,3653.753,-3251.128,-555.696
0,3654.753,-3251.763,-556.469
0,3655.752,-3252.387,-557.250
0,3656.752,-3252.999,-558.041
0,3657.752,-3253.598,-558.841
0,3658.752,-3254.181,-559.653
0,3659.752,-3254.747,-560.478
0,3660.752,-3255.295,-561.314
0,3661.752,-3255.824,-562.163
0,3662.752,-3256.333,-563.023
0,3663.752,-3256.821,-563.896
0,3664.752,-3257.287,-564.780
0,3665.752,-3257.730,-565.677
0,3666.752,-3258.150,-566.584
0,3667.752,-3258.550,-567.501
0,3668.752,-3258.933,-568.424
0,3669.751,-3259.303,-569.353
0,3670.751,-3259.666,-570.285
0,3671.751,-3260.026,-571.218
0,3672.751,-3260.383,-572.152
0,3673.751,-3260.741,-573.085
0,3674.751,-3261.101,-574.018
0,3675.751,-3261.464,-574.950
0,3676.751,-3261.831,-575.880
0,3677.751,-3262.201,-576.809
0,3678.751,-3262.572,-577.737
0,3679.751,-3262.944,-578.666
0,3680.751,-3263.315,-579.594
0,3681.751,-3263.685,-580.523
0,3682.751,-3264.054,-581.453
0,3683.751,-3264.422,-582.382
0,3684.750,-3264.790,-583.312
0,3685.750,-3265.156,-584.243
0,3686.750,-3265.520,-585.174
0,3687.750,-3265.881,-586.107
0,3688.750,-3266.239,-587.040
0,3689.750,-3266.595,-587.975
0,3690.750,-3266.951,-588.909
0,3691.750,-3267.309,-589.842
0,3692.750,-3267.671,-590.775
0,3693.750,-3268.038,-591.705
0,3694.750,-3268.412,-592.632
0,3695.750,-3268.792,-593.557
0,3696.750,-3269.174,-594.481
0,3697.750,-3269.549,-595.408
0,3698.750,-3269.914,-596.339
0,3699.749,-3270.267,-597.275
0,3700.749,-3270.610,-598.214
0,3701.749,-3270.949,-599.154
0,3702.749,-3271.294,-600.093
0,3703.749,-3271.647,-601.029
0,3704.749,-3272.009,-601.961
0,3705.749,-3272.375,-602.891
0,3706.749,-3272.738,-603.823
0,3707.749,-3273.097,-604.756
0,3708.749,-3273.447,-605.693
0,3709.749,-3273.790,-606.632
0,3710.749,-3274.132,-607.572
0,3711.749,-3274.481,-608.509
0,3712.749,-3274.842,-609.441
0,3713.749,-3275.213,-610.370
0,3714.748,-3275.590,-611.296
0,3715.748,-3275.969,-612.222
0,3716.748,-3276.341,-613.150
0,3717.748,-3276.702,-614.082
0,3718.748,-3277.054,-615.018
0,3719.748,-3277.402,-615.955
0,3720.748,-3277.749,-616.893
0,3721.748,-3278.097,-617.831
0,3722.748,-3278.446,-618.768
0,3723.748,-3278.799,-619.703
0,3724.748,-3279.155,-620.637
0,3725.748,-3279.513,-621.571
0,3726.748,-3279.869,-622.505
0,3727.748,-3280.226,-623.440
0,3728.747,-3280.582,-624.374
0,3729.747,-3280.939,-625.308
0,3730.747,-3281.296,-626.242
0,3731.747,-3281.655,-627.175
0,3732.747,-3282.015,-628.108
0,3733.747,-3282.373,-629.042
0,3734.747,-3282.726,-629.977
0,3735.747,-3283.073,-630.915
0,3736.747,-3283.421,-631.853
0,3737.747,-3283.776,-632.788
0,3738.747,-3284.139,-633.719
0,3739.747,-3284.513,-634.647
0,3740.747,-3284.897,-635.570
0,3741.747,-3285.284,-636.492
0,3742.747,-3285.656,-637.420
0,3743.746,-3286.000,-638.358
0,3744.746,-3286.323,-639.305
0,3745.746,-3286.639,-640.254
0,3746.746,-3286.957,-641.202
0,3747.746,-3287.288,-642.145
0,3748.746,-3287.645,-643.079
0,3749.746,-3288.023,-644.005
0,3750.746,-3288.404,-644.929
0,3751.746,-3288.780,-645.856
0,3752.746,-3289.146,-646.786
0,3753.746,-3289.503,-647.720
0,3754.746,-3289.855,-648.656
0,3755.746,-3290.205,-649.593
0,3756.746,-3290.558,-650.529
0,3757.746,-3290.916,-651.462
0,3758.745,-3291.279,-652.394
0,3759.745,-3291.644,-653.325
0,3760.745,-3292.009,-654.256
0,3761.745,-3292.374,-655.186
0,3762.745,-3292.736,-656.119
0,3763.745,-3293.094,-657.053
0,3764.745,-3293.443,-657.989
0,3765.745,-3293.782,-658.930
0,3766.745,-3294.109,-659.875
0,3767.745,-3294.427,-660.823
0,3768.745,-3294.747,-661.770
0,3769.745,-3295.081,-662.713
0,3770.745,-3295.436,-663.647
0,3771.745,-3295.816,-664.572
0,3772.745,-3296.217,-665.488
0,3773.744,-3296.626,-666.401
0,3774.744,-3297.024,-667.318
0,3775.744,-3297.401,-668.244
0,3776.744,-3297.757,-669.179
0,3777.744,-3298.092,-670.121
0,3778.744,-3298.415,-671.067
0,3779.744,-3298.738,-672.013
0,3780.744,-3299.070,-672.956
0,3781.744,-3299.414,-673.895
0,3782.744,-3299.768,-674.830
0,3783.744,-3300.129,-675.763
0,3784.744,-3300.494,-676.694
0,3785.744,-3300.859,-677.625
0,3786.744,-3301.223,-678.556
0,3787.743,-3301.586,-679.488
0,3788.743,-3301.946,-680.421
0,3789.743,-3302.304,-681.354
0,3790.743,-3302.660,-682.289
0,3791.743,-3303.016,-683.223
0,3792.743,-3303.369,-684.159
0,3793.743,-3303.721,-685.095
0,3794.743,-3304.071,-686.031
0,3795.743,-3304.420,-686.969
0,3796.743,-3304.767,-687.906
0,3797.743,-3305.117,-688.843
0,3798.743,-3305.472,-689.778
0,3799.743,-3305.835,-690.710
0,3800.743,-3306.202,-691.640
0,3801.743,-3306.572,-692.569
0,3802.742,-3306.941,-693.498
0,3803.742,-3307.303,-694.430
0,3804.742,-3307.651,-695.367
0,3805.742,-3307.986,-696.310
0,3806.742,-3308.323,-697.251
0,3807.742,-3308.673,-698.187
0,3808.742,-3309.033,-699.120
0,3809.742,-3309.402,-700.050
0,3810.742,-3309.780,-700.975
0,3811.742,-3310.152,-701.904
0,3812.742,-3310.507,-702.838
0,3813.742,-3310.851,-703.777
0,3814.742,-3311.192,-704.717
0,3815.742,-3311.536,-705.656
0,3816.742,-3311.887,-706.592
0,3817.741,-3312.244,-707.526
0,3818.741,-3312.605,-708.459
0,3819.741,-3312.969,-709.390
0,3820.741,-3313.327,-710.324
0,3821.741,-3313.679,-711.260
0,3822.741,-3314.026,-712.198
0,3823.741,-3314.373,-713.135
0,3824.741,-3314.723,-714.072
0,3825.741,-3315.078,-715.007
0,3826.741,-3315.438,-715.940
0,3827.741,-3315.801,-716.871
0,3828.741,-3316.166,-717.802
0,3829.741,-3316.530,-718.734
0,3830.741,-3316.890,-719.667
0,3831.741,-3317.247,-720.601
0,3832.740,-3317.601,-721.536
0,3833.740,-3317.952,-722.472
0,3834.740,-3318.303,-723.409
0,3835.740,-3318.652,-724.345
0,3836.740,-3319.002,-725.282
0,3837.740,-3319.352,-726.219
0,3838.740,-3319.704,-727.155
0,3839.740,-3320.057,-728.090
0,3840.740,-3320.413,-729.025
0,3841.740,-3320.770,-729.959
0,3842.740,-3321.128,-730.892
0,3843.740,-3321.486,-731.826
0,3844.740,-3321.844,-732.760
0,3845.740,-3322.202,-733.694
0,3846.739,-3322.559,-734.628
0,3847.739,-3322.915,-735.562
0,3848.739,-3323.271,-736.496
0,3849.739,-3323.627,-737.431
0,3850.739,-3323.983,-738.365
0,3851.739,-3324.341,-739.299
0,3852.739,-3324.700,-740.232
0,3853.739,-3325.060,-741.165
0,3854.739,-3325.420,-742.098
0,3855.739,-3325.779,-743.031
0,3856.739,-3326.136,-743.965
0,3857.739,-3326.492,-744.899
0,3858.739,-3326.847,-745.834
0,3859.739,-3327.202,-746.769
0,3860.739,-3327.556,-747.704
0,3861.738,-3327.911,-748.639
0,3862.738,-3328.264,-749.574
0,3863.738,-3328.618,-750.510
0,3864.738,-3328.973,-751.444
0,3865.738,-3329.332,-752.378
0,3866.738,-3329.696,-753.309
0,3867.738,-3330.063,-754.239
0,3868.738,-3330.432,-755.168
0,3869.738,-3330.800,-756.098
0,3870.738,-3331.163,-757.030
0,3871.738,-3331.521,-757.964
0,3872.738,-3331.873,-758.900
0,3873.738,-3332.220,-759.837
0,3874.738,-3332.567,-760.775
0,3875.738,-3332.916,-761.712
0,3876.737,-3333.271,-762.647
0,3877.737,-3333.633,-763.579
0,3878.737,-3333.998,-764.510
0,3879.737,-3334.363,-765.441
0,3880.737,-3334.724,-766.373
0,3881.737,-3335.077,-767.309
0,3882.737,-3335.422,-768.248
0,3883.737,-3335.761,-769.188
0,3884.737,-3336.100,-770.129
0,3885.737,-3336.445,-771.068
0,3886.737,-3336.799,-772.002
0,3887.737,-3337.165,-772.933
0,3888.737,-3337.541,-773.860
0,3889.737,-3337.923,-774.784
0,3890.737,-3338.301,-775.709
0,3891.736,-3338.670,-776.639
0,3892.736,-3339.026,-777.573
0,3893.736,-3339.372,-778.511
0,3894.736,-3339.711,-779.452
0,3895.736,-3340.047,-780.394
0,3896.736,-3340.388,-781.334
0,3897.736,-3340.737,-782.271
0,3898.736,-3341.096,-783.204
0,3899.736,-3341.463,-784.134
0,3900.736,-3341.838,-785.061
0,3901.736,-3342.223,-785.984
0,3902.736,-3342.615,-786.904
0,3903.736,-3343.013,-787.821
0,3904.736,-3343.416,-788.736
0,3905.736,-3343.812,-789.654
0,3906.735,-3344.182,-790.583
0,3907.735,-3344.508,-791.528
0,3908.735,-3344.786,-792.489
0,3909.735,-3345.027,-793.459
0,3910.735,-3345.258,-794.432
0,3911.735,-3345.520,-795.396
0,3912.735,-3345.860,-796.335
0,3913.735,-3346.310,-797.226
0,3914.735,-3346.848,-798.069
0,3915.735,-3347.414,-798.893
0,3916.735,-3347.939,-799.742
0,3917.735,-3348.355,-800.649
0,3918.735,-3348.626,-801.609
0,3919.735,-3348.793,-802.595
0,3920.734,-3348.937,-803.584
0,3921.734,-3349.136,-804.563
0,3922.734,-3349.429,-805.518
0,3923.734,-3349.815,-806.440
0,3924.734,-3350.261,-807.334
0,3925.734,-3350.728,-808.219
0,3926.734,-3351.183,-809.109
0,3927.734,-3351.602,-810.017
0,3928.734,-3351.977,-810.943
0,3929.734,-3352.318,-811.883
0,3930.734,-3352.643,-812.829
0,3931.734,-3352.966,-813.775
0,3932.734,-3353.299,-814.718
0,3933.734,-3353.643,-815.657
0,3934.734,-3353.998,-816.592
0,3935.733,-3354.360,-817.524
0,3936.733,-3354.724,-818.455
0,3937.733,-3355.087,-819.387
0,3938.733,-3355.447,-820.320
0,3939.733,-3355.807,-821.253
0,3940.733,-3356.165,-822.186
0,3941.733,-3356.523,-823.120
0,3942.733,-3356.881,-824.054
0,3943.733,-3357.239,-824.987
0,3944.733,-3357.598,-825.920
0,3945.733,-3357.961,-826.852
0,3946.733,-3358.326,-827.783
0,3947.733,-3358.693,-828.713
0,3948.733,-3359.059,-829.644
0,3949.733,-3359.421,-830.576
0,3950.732,-3359.778,-831.510
0,3951.732,-3360.132,-832.445
0,3952.732,-3360.485,-833.381
0,3953.732,-3360.840,-834.316
0,3954.732,-3361.196,-835.250
0,3955.732,-3361.555,-836.183
0,3956.732,-3361.915,-837.116
0,3957.732,-3362.276,-838.049
0,3958.732,-3362.639,-838.980
0,3959.732,-3363.003,-839.912
0,3960.732,-3363.366,-840.843
0,3961.732,-3363.729,-841.775
0,3962.732,-3364.090,-842.707
0,3963.732,-3364.452,-843.640
0,3964.732,-3364.815,-844.571
0,3965.731,-3365.178,-845.503
0,3966.731,-3365.542,-846.434
0,3967.731,-3365.905,-847.366
0,3968.731,-3366.267,-848.298
0,3969.731,-3366.627,-849.231
0,3970.731,-3366.985,-850.165
0,3971.731,-3367.342,-851.099
0,3972.731,-3367.699,-852.033
0,3973.731,-3368.054,-852.968
0,3974.731,-3368.410,-853.902
0,3975.731,-3368.767,-854.836
0,3976.731,-3369.127,-855.769
0,3977.731,-3369.489,-856.701
0,3978.731,-3369.851,-857.633
0,3979.730,-3370.214,-858.565
0,3980.730,-3370.578,-859.496
0,3981.730,-3370.941,-860.428
0,3982.730,-3371.305,-861.359
0,3983.730,-3371.667,-862.291
0,3984.730,-3372.028,-863.224
0,3985.730,-3372.388,-864.157
0,3986.730,-3372.748,-865.090
0,3987.730,-3373.107,-866.023
0,3988.730,-3373.467,-866.956
0,3989.730,-3373.827,-867.889
0,3990.730,-3374.187,-868.821
0,3991.730,-3374.547,-869.754
0,3992.730,-3374.907,-870.687
0,3993.730,-3375.267,-871.620
0,3994.729,-3375.630,-872.552
0,3995.729,-3375.993,-873.483
0,3996.729,-3376.357,-874.415
0,3997.729,-3376.720,-875.347
0,3998.729,-3377.082,-876.278
0,3999.729,-3377.445,-877.210
0,4000.729,-3377.809,-878.142
0,4001.729,-3378.173,-879.073
0,4002.729,-3378.538,-880.004
0,4003.729,-3378.903,-880.935
0,4004.729,-3379.267,-881.866
0,4005.729,-3379.630,-882.798
0,4006.729,-3379.991,-883.730
0,4007.729,-3380.350,-884.664
0,4008.729,-3380.708,-885.598
0,4009.728,-3381.065,-886.532
0,4010.728,-3381.422,-887.465
0,4011.728,-3381.780,-888.399
0,4012.728,-3382.139,-889.332
0,4013.728,-3382.499,-890.265
0,4014.728,-3382.861,-891.197
0,4015.728,-3383.222,-892.130
0,4016.728,-3383.584,-893.062
0,4017.728,-3383.947,-893.994
0,4018.728,-3384.310,-894.925
0,4019.728,-3384.675,-895.856
0,4020.728,-3385.041,-896.787
0,4021.728,-3385.409,-897.716
0,4022.728,-3385.778,-898.646
0,4023.728,-3386.146,-899.576
0,4024.727,-3386.511,-900.506
0,4025.727,-3386.875,-901.438
0,4026.727,-3387.236,-902.370
0,4027.727,-3387.596,-903.303
0,4028.727,-3387.956,-904.236
0,4029.727,-3388.315,-905.170
0,4030.727,-3388.674,-906.103
0,4031.727,-3389.033,-907.036
0,4032.727,-3389.394,-907.969
0,4033.727,-3389.755,-908.901
0,4034.727,-3390.118,-909.833
0,4035.727,-3390.482,-910.764
0,4036.727,-3390.848,-911.695
0,4037.727,-3391.214,-912.625
0,4038.726,-3391.581,-913.555
0,4039.726,-3391.949,-914.485
0,4040.726,-3392.316,-915.415
0,4041.726,-3392.681,-916.346
0,4042.726,-3393.045,-917.277
0,4043.726,-3393.409,-918.209
0,4044.726,-3393.772,-919.140
0,4045.726,-3394.136,-920.072
0,4046.726,-3394.500,-921.003
0,4047.726,-3394.865,-921.934
0,4048.726,-3395.232,-922.864
0,4049.726,-3395.601,-923.793
0,4050.726,-3395.969,-924.723
0,4051.726,-3396.333,-925.654
0,4052.726,-3396.694,-926.587
0,4053.725,-3397.050,-927.521
0,4054.725,-3397.403,-928.457
0,4055.725,-3397.756,-929.393
0,4056.725,-3398.110,-930.328
0,4057.725,-3398.469,-931.261
0,4058.725,-3398.831,-932.193
0,4059.725,-3399.195,-933.124
0,4060.725,-3399.562,-934.055
0,4061.725,-3399.929,-934.985
0,4062.725,-3400.295,-935.915
0,4063.725,-3400.658,-936.847
0,4064.725,-3401.019,-937.779
0,4065.725,-3401.379,-938.713
0,4066.725,-3401.739,-939.645
0,4067.725,-3402.100,-940.578
0,4068.724,-3402.462,-941.510
0,4069.724,-3402.824,-942.442
0,4070.724,-3403.186,-943.374
0,4071.724,-3403.547,-944.306
0,4072.724,-3403.906,-945.240
0,4073.724,-3404.265,-946.173
0,4074.724,-3404.626,-947.106
0,4075.724,-3404.990,-948.037
0,4076.724,-3405.360,-948.966
0,4077.724,-3405.733,-949.894
0,4078.724,-3406.106,-950.821
0,4079.724,-3406.476,-951.751
0,4080.724,-3406.839,-952.682
0,4081.724,-3407.195,-953.617
0,4082.724,-3407.542,-954.554
0,4083.723,-3407.887,-955.493
0,4084.723,-3408.235,-956.430
0,4085.723,-3408.596,-957.363
0,4086.723,-3408.974,-958.288
0,4087.723,-3409.363,-959.210
0,4088.723,-3409.752,-960.130
0,4089.723,-3410.133,-961.055
0,4090.723,-3410.496,-961.987
0,4091.723,-3410.839,-962.926
0,4092.723,-3411.169,-963.870
0,4093.723,-3411.497,-964.815
0,4094.723,-3411.837,-965.755
0,4095.723,-3412.199,-966.687
0,4096.723,-3412.582,-967.610
0,4097.723,-3412.974,-968.530
0,4098.722,-3413.364,-969.451
0,4099.722,-3413.741,-970.377
0,4100.722,-3414.100,-971.310
0,4101.722,-3414.447,-972.248
0,4102.722,-3414.793,-973.186
0,4103.722,-3415.148,-974.121
0,4104.722,-3415.513,-975.052
0,4105.722,-3415.886,-975.980
0,4106.722,-3416.262,-976.906
0,4107.722,-3416.638,-977.833
0,4108.722,-3417.009,-978.761
0,4109.722,-3417.375,-979.692
0,4110.722,-3417.738,-980.624
0,4111.722,-3418.098,-981.557
0,4112.721,-3418.458,-982.489
0,4113.721,-3418.821,-983.421
0,4114.721,-3419.186,-984.352
0,4115.721,-3419.553,-985.282
0,4116.721,-3419.920,-986.213
0,4117.721,-3420.286,-987.143
0,4118.721,-3420.652,-988.074
0,4119.721,-3421.016,-989.005
0,4120.721,-3421.378,-989.937
0,4121.721,-3421.739,-990.869
0,4122.721,-3422.099,-991.802
0,4123.721,-3422.458,-992.735
0,4124.721,-3422.817,-993.669
0,4125.721,-3423.177,-994.602
0,4126.721,-3423.537,-995.535
0,4127.720,-3423.898,-996.467
0,4128.720,-3424.260,-997.399
0,4129.720,-3424.623,-998.331
0,4130.720,-3424.985,-999.263
0,4131.720,-3425.347,-1000.195
0,4132.720,-3425.710,-1001.127
0,4133.720,-3426.072,-1002.059
0,4134.720,-3426.435,-1002.991
0,4135.720,-3426.799,-1003.922
0,4136.720,-3427.164,-1004.853
0,4137.720,-3427.530,-1005.784
0,4138.720,-3427.897,-1006.714
0,4139.720,-3428.265,-1007.643
0,4140.720,-3428.633,-1008.573
0,4141.720,-3429.000,-1009.503
0,4142.719,-3429.366,-1010.434
0,4143.719,-3429.732,-1011.364
0,4144.719,-3430.097,-1012.295
0,4145.719,-3430.462,-1013.226
0,4146.719,-3430.826,-1014.157
0,4147.719,-3431.190,-1015.089
0,4148.719,-3431.554,-1016.020
0,4149.719,-3431.916,-1016.952
0,4150.719,-3432.278,-1017.884
0,4151.719,-3432.640,-1018.817
0,4152.719,-3433.001,-1019.749
0,4153.719,-3433.362,-1020.681
0,4154.719,-3433.725,-1021.613
0,4155.719,-3434.090,-1022.544
0,4156.719,-3434.456,-1023.475
0,4157.718,-3434.824,-1024.405
0,4158.718,-3435.191,-1025.335
0,4159.718,-3435.558,-1026.265
0,4160.718,-3435.924,-1027.195
0,4161.718,-3436.288,-1028.127
0,4162.718,-3436.650,-1029.059
0,4163.718,-3437.010,-1029.991
0,4164.718,-3437.369,-1030.925
0,4165.718,-3437.728,-1031.858
0,4166.718,-3438.087,-1032.792
0,4167.718,-3438.448,-1033.724
0,4168.718,-3438.812,-1034.655
0,4169.718,-3439.178,-1035.586
0,4170.718,-3439.546,-1036.515
0,4171.717,-3439.915,-1037.445
0,4172.717,-3440.284,-1038.374
0,4173.717,-3440.652,-1039.304
0,4174.717,-3441.018,-1040.234
0,4175.717,-3441.383,-1041.165
0,4176.717,-3441.747,-1042.097
0,4177.717,-3442.109,-1043.029
0,4178.717,-3442.470,-1043.961
0,4179.717,-3442.830,-1044.894
0,4180.717,-3443.188,-1045.828
0,4181.717,-3443.547,-1046.761
0,4182.717,-3443.907,-1047.694
0,4183.717,-3444.269,-1048.626
0,4184.717,-3444.633,-1049.558
0,4185.717,-3444.998,-1050.488
0,4186.716,-3445.367,-1051.418
0,4187.716,-3445.737,-1052.347
0,4188.716,-3446.107,-1053.276
0,4189.716,-3446.476,-1054.205
0,4190.716,-3446.845,-1055.134
0,4191.716,-3447.213,-1056.064
0,4192.716,-3447.578,-1056.995
0,4193.716,-3447.941,-1057.927
0,4194.716,-3448.303,-1058.859
0,4195.716,-3448.663,-1059.792
0,4196.716,-3449.024,-1060.724
0,4197.716,-3449.385,-1061.657
0,4198.716,-3449.747,-1062.589
0,4199.716,-3450.110,-1063.520
0,4200.716,-3450.475,-1064.451
0,4201.715,-3450.840,-1065.383
0,4202.715,-3451.204,-1066.314
0,4203.715,-3451.568,-1067.245
0,4204.715,-3451.934,-1068.176
0,4205.715,-3452.299,-1069.107
0,4206.715,-3452.664,-1070.038
0,4207.715,-3453.030,-1070.968
0,4208.715,-3453.396,-1071.899
0,4209.715,-3453.761,-1072.829
0,4210.715,-3454.127,-1073.760
0,4211.715,-3454.492,-1074.691
0,4212.715,-3454.855,-1075.623
0,4213.715,-3455.218,-1076.554
0,4214.715,-3455.581,-1077.486
0,4215.715,-3455.943,-1078.418
0,4216.714,-3456.307,-1079.350
0,4217.714,-3456.672,-1080.281
0,4218.714,-3457.036,-1081.212
0,4219.714,-3457.401,-1082.143
0,4220.714,-3457.765,-1083.074
0,4221.714,-3458.128,-1084.006
0,4222.714,-3458.491,-1084.938
0,4223.714,-3458.854,-1085.869
0,4224.714,-3459.216,-1086.801
0,4225.714,-3459.577,-1087.734
0,4226.714,-3459.938,-1088.666
0,4227.714,-3460.300,-1089.598
0,4228.714,-3460.664,-1090.530
0,4229.714,-3461.029,-1091.461
0,4230.713,-3461.395,-1092.391
0,4231.713,-3461.762,-1093.322
0,4232.713,-3462.129,-1094.252
0,4233.713,-3462.496,-1095.182
0,4234.713,-3462.862,-1096.112
0,4235.713,-3463.228,-1097.043
0,4236.713,-3463.593,-1097.974
0,4237.713,-3463.956,-1098.905
0,4238.713,-3464.319,-1099.837
0,4239.713,-3464.683,-1100.769
0,4240.713,-3465.048,-1101.700
0,4241.713,-3465.413,-1102.630
0,4242.713,-3465.780,-1103.561
0,4243.713,-3466.146,-1104.491
0,4244.713,-3466.510,-1105.422
0,4245.712,-3466.873,-1106.354
0,4246.712,-3467.235,-1107.286
0,4247.712,-3467.594,-1108.219
0,4248.712,-3467.951,-1109.153
0,4249.712,-3468.305,-1110.089
0,4250.712,-3468.658,-1111.024
0,4251.712,-3469.011,-1111.960
0,4252.712,-3469.363,-1112.896
0,4253.712,-3469.715,-1113.831
0,4254.712,-3470.068,-1114.767
0,4255.712,-3470.422,-1115.702
0,4256.712,-3470.777,-1116.637
0,4257.712,-3471.135,-1117.571
0,4258.712,-3471.495,-1118.504
0,4259.712,-3471.858,-1119.435
0,4260.711,-3472.227,-1120.365
0,4261.711,-3472.604,-1121.291
0,4262.711,-3472.987,-1122.214
0,4263.711,-3473.377,-1123.135
0,4264.711,-3473.775,-1124.053
0,4265.711,-3474.179,-1124.967
0,4266.711,-3474.592,-1125.878
0,4267.711,-3475.013,-1126.785
0,4268.711,-3475.444,-1127.687
0,4269.711,-3475.881,-1128.586
0,4270.711,-3476.324,-1129.483
0,4271.711,-3476.770,-1130.378
0,4272.711,-3477.220,-1131.271
0,4273.711,-3477.676,-1132.161
0,4274.711,-3478.137,-1133.048
0,4275.710,-3478.603,-1133.933
0,4276.710,-3479.074,-1134.815
0,4277.710,-3479.550,-1135.694
0,4278.710,-3480.035,-1136.568
0,4279.710,-3480.530,-1137.438
0,4280.710,-3481.034,-1138.301
0,4281.710,-3481.548,-1139.159
0,4282.710,-3482.069,-1140.012
0,4283.710,-3482.596,-1140.862
0,4284.710,-3483.130,-1141.708
0,4285.710,-3483.670,-1142.549
0,4286.710,-3484.218,-1143.385
0,4287.710,-3484.771,-1144.218
0,4288.710,-3485.330,-1145.048
0,4289.710,-3485.895,-1145.873
0,4290.709,-3486.467,-1146.693
0,4291.709,-3487.049,-1147.506
0,4292.709,-3487.640,-1148.312
0,4293.709,-3488.242,-1149.111
0,4294.709,-3488.850,-1149.904
0,4295.709,-3489.463,-1150.694
0,4296.709,-3490.079,-1151.482
0,4297.709,-3490.697,-1152.268
0,4298.709,-3491.319,-1153.051
0,4299.709,-3491.945,-1153.831
0,4300.709,-3492.575,-1154.608
0,4301.709,-3493.208,-1155.381
0,4302.709,-3493.847,-1156.150
0,4303.709,-3494.494,-1156.913
0,4304.708,-3495.148,-1157.670
0,4305.708,-3495.809,-1158.420
0,4306.708,-3496.475,-1159.165
0,4307.708,-3497.145,-1159.908
0,4308.708,-3497.816,-1160.649
0,4309.708,-3498.488,-1161.390
0,4310.708,-3499.160,-1162.130
0,4311.708,-3499.834,-1162.869
0,4312.708,-3500.510,-1163.605
0,4313.708,-3501.190,-1164.339
0,4314.708,-3501.873,-1165.069
0,4315.708,-3502.559,-1165.796
0,4316.708,-3503.252,-1166.518
0,4317.708,-3503.951,-1167.233
0,4318.708,-3504.656,-1167.942
0,4319.707,-3505.366,-1168.645
0,4320.707,-3506.083,-1169.343
0,4321.707,-3506.804,-1170.035
0,4322.707,-3507.529,-1170.724
0,4323.707,-3508.258,-1171.409
0,4324.707,-3508.991,-1172.089
0,4325.707,-3509.728,-1172.765
0,4326.707,-3510.467,-1173.438
0,4327.707,-3511.209,-1174.109
0,4328.707,-3511.951,-1174.778
0,4329.707,-3512.696,-1175.445
0,4330.707,-3513.444,-1176.110
0,4331.707,-3514.194,-1176.771
0,4332.707,-3514.945,-1177.431
0,4333.707,-3515.697,-1178.090
0,4334.706,-3516.450,-1178.747
0,4335.706,-3517.205,-1179.403
0,4336.706,-3517.963,-1180.055
0,4337.706,-3518.726,-1180.701
0,4338.706,-3519.494,-1181.342
0,4339.706,-3520.267,-1181.977
0,4340.706,-3521.043,-1182.607
0,4341.706,-3521.824,-1183.231
0,4342.706,-3522.611,-1183.849
0,4343.706,-3523.402,-1184.459
0,4344.706,-3524.199,-1185.064
0,4345.706,-3524.998,-1185.665
0,4346.706,-3525.799,-1186.263
0,4347.706,-3526.604,-1186.857
0,4348.706,-3527.412,-1187.446
0,4349.705,-3528.223,-1188.030
0,4350.705,-3529.037,-1188.611
0,4351.705,-3529.852,-1189.190
0,4352.705,-3530.668,-1189.769
0,4353.705,-3531.483,-1190.348
0,4354.705,-3532.300,-1190.925
0,4355.705,-3533.120,-1191.497
0,4356.705,-3533.943,-1192.064
0,4357.705,-3534.769,-1192.628
0,4358.705,-3535.598,-1193.187
0,4359.705,-3536.431,-1193.740
0,4360.705,-3537.269,-1194.286
0,4361.705,-3538.112,-1194.824
0,4362.705,-3538.959,-1195.355
0,4363.704,-3539.810,-1195.880
0,4364.704,-3540.665,-1196.399
0,4365.704,-3541.522,-1196.914
0,4366.704,-3542.381,-1197.426
0,4367.704,-3543.243,-1197.932
0,4368.704,-3544.111,-1198.429
0,4369.704,-3544.982,-1198.920
0,4370.704,-3545.855,-1199.408
0,4371.704,-3546.729,-1199.893
0,4372.704,-3547.605,-1200.375
0,4373.704,-3548.483,-1200.854
0,4374.704,-3549.364,-1201.327
0,4375.704,-3550.248,-1201.794
0,4376.704,-3551.136,-1202.255
0,4377.704,-3552.026,-1202.710
0,4378.703,-3552.920,-1203.158
0,4379.703,-3553.818,-1203.598
0,4380.703,-3554.719,-1204.031
0,4381.703,-3555.624,-1204.457
0,4382.703,-3556.531,-1204.878
0,4383.703,-3557.440,-1205.294
0,4384.703,-3558.351,-1205.705
0,4385.703,-3559.265,-1206.111
0,4386.703,-3560.182,-1206.510
0,4387.703,-3561.101,-1206.904
0,4388.703,-3562.022,-1207.294
0,4389.703,-3562.944,-1207.681
0,4390.703,-3563.867,-1208.065
0,4391.703,-3564.792,-1208.446
0,4392.703,-3565.719,-1208.820
0,4393.702,-3566.649,-1209.189
0,4394.702,-3567.580,-1209.553
0,4395.702,-3568.512,-1209.915
0,4396.702,-3569.446,-1210.272
0,4397.702,-3570.382,-1210.625
0,4398.702,-3571.319,-1210.972
0,4399.702,-3572.259,-1211.314
0,4400.702,-3573.200,-1211.651
0,4401.702,-3574.144,-1211.982
0,4402.702,-3575.090,-1212.306
0,4403.702,-3576.039,-1212.619
0,4404.702,-3576.993,-1212.921
0,4405.702,-3577.950,-1213.211
0,4406.702,-3578.910,-1213.490
0,4407.702,-3579.872,-1213.762
0,4408.701,-3580.836,-1214.030
0,4409.701,-3581.800,-1214.294
0,4410.701,-3582.765,-1214.555
0,4411.701,-3583.732,-1214.811
0,4412.701,-3584.700,-1215.062
0,4413.701,-3585.669,-1215.308
0,4414.701,-3586.639,-1215.550
0,4415.701,-3587.611,-1215.786
0,4416.701,-3588.584,-1216.015
0,4417.701,-3589.559,-1216.237
0,4418.701,-3590.536,-1216.451
0,4419.701,-3591.515,-1216.655
0,4420.701,-3592.495,-1216.853
0,4421.701,-3593.477,-1217.043
0,4422.700,-3594.460,-1217.226
0,4423.700,-3595.444,-1217.401
0,4424.700,-3596.430,-1217.568
0,4425.700,-3597.417,-1217.730
0,4426.700,-3598.404,-1217.886
0,4427.700,-3599.393,-1218.038
0,4428.700,-3600.382,-1218.186
0,4429.700,-3601.371,-1218.328
0,4430.700,-3602.362,-1218.465
0,4431.700,-3603.353,-1218.599
0,4432.700,-3604.344,-1218.732
0,4433.700,-3605.335,-1218.868
0,4434.700,-3606.325,-1219.006
0,4435.700,-3607.315,-1219.145
0,4436.700,-3608.305,-1219.285
0,4437.699,-3609.295,-1219.426
0,4438.699,-3610.285,-1219.570
0,4439.699,-3611.274,-1219.716
0,4440.699,-3612.263,-1219.864
0,4441.699,-3613.252,-1220.012
0,4442.699,-3614.241,-1220.160
0,4443.699,-3615.230,-1220.307
0,4444.699,-3616.219,-1220.454
0,4445.699,-3617.208,-1220.601
0,4446.699,-3618.197,-1220.748
0,4447.699,-3619.186,-1220.894
0,4448.699,-3620.175,-1221.039
0,4449.699,-3621.165,-1221.184
0,4450.699,-3622.154,-1221.328
0,4451.699,-3623.144,-1221.473
0,4452.698,-3624.133,-1221.618
0,4453.698,-3625.123,-1221.761
0,4454.698,-3626.113,-1221.903
0,4455.698,-3627.103,-1222.044
0,4456.698,-3628.093,-1222.183
0,4457.698,-3629.083,-1222.322
0,4458.698,-3630.073,-1222.461
0,4459.698,-3631.063,-1222.602
0,4460.698,-3632.053,-1222.745
0,4461.698,-3633.042,-1222.889
0,4462.698,-3634.032,-1223.034
0,4463.698,-3635.021,-1223.180
0,4464.698,-3636.010,-1223.325
0,4465.698,-3637.000,-1223.469
0,4466.698,-3637.989,-1223.612
0,4467.697,-3638.979,-1223.755
0,4468.697,-3639.969,-1223.898
0,4469.697,-3640.959,-1224.040
0,4470.697,-3641.948,-1224.182
0,4471.697,-3642.938,-1224.324
0,4472.697,-3643.928,-1224.467
0,4473.697,-3644.917,-1224.610
0,4474.697,-3645.907,-1224.754
0,4475.697,-3646.896,-1224.899
0,4476.697,-3647.886,-1225.043
0,4477.697,-3648.875,-1225.188
0,4478.697,-3649.864,-1225.333
0,4479.697,-3650.854,-1225.478
0,4480.697,-3651.843,-1225.623
0,4481.697,-3652.833,-1225.768
0,4482.696,-3653.822,-1225.913
0,4483.696,-3654.811,-1226.058
0,4484.696,-3655.801,-1226.203
0,4485.696,-3656.790,-1226.348
0,4486.696,-3657.779,-1226.493
0,4487.696,-3658.769,-1226.638
0,4488.696,-3659.758,-1226.782
0,4489.696,-3660.748,-1226.926
0,4490.696,-3661.737,-1227.069
0,4491.696,-3662.727,-1227.212
0,4492.696,-3663.717,-1227.355
0,4493.696,-3664.706,-1227.497
0,4494.696,-3665.696,-1227.640
0,4495.696,-3666.686,-1227.782
0,4496.695,-3667.676,-1227.924
0,4497.695,-3668.666,-1228.064
0,4498.695,-3669.656,-1228.205
0,4499.695,-3670.646,-1228.345
0,4500.695,-3671.636,-1228.484
0,4501.695,-3672.626,-1228.625
0,4502.695,-3673.616,-1228.766
0,4503.695,-3674.605,-1228.910
0,4504.695,-3675.595,-1229.055
0,4505.695,-3676.584,-1229.201
0,4506.695,-3677.573,-1229.347
0,4507.695,-3678.563,-1229.493
0,4508.695,-3679.552,-1229.638
0,4509.695,-3680.542,-1229.780
0,4510.695,-3681.532,-1229.921
0,4511.694,-3682.522,-1230.060
0,4512.694,-3683.512,-1230.199
0,4513.694,-3684.502,-1230.339
0,4514.694,-3685.492,-1230.481
0,4515.694,-3686.481,-1230.626
0,4516.694,-3687.470,-1230.774
0,4517.694,-3688.459,-1230.923
0,4518.694,-3689.448,-1231.072
0,4519.694,-3690.437,-1231.220
0,4520.694,-3691.426,-1231.366
0,4521.694,-3692.416,-1231.509
0,4522.694,-3693.406,-1231.649
0,4523.694,-3694.396,-1231.788
0,4524.694,-3695.386,-1231.925
0,4525.694,-3696.377,-1232.063
0,4526.693,-3697.367,-1232.203
0,4527.693,-3698.357,-1232.343
0,4528.693,-3699.347,-1232.484
0,4529.693,-3700.337,-1232.626
0,4530.693,-3701.326,-1232.768
0,4531.693,-3702.316,-1232.909
0,4532.693,-3703.307,-1233.048
0,4533.693,-3704.297,-1233.189
0,4534.693,-3705.287,-1233.329
0,4535.693,-3706.277,-1233.469
0,4536.693,-3707.267,-1233.609
0,4537.693,-3708.257,-1233.751
0,4538.693,-3709.246,-1233.894
0,4539.693,-3710.236,-1234.038
0,4540.693,-3711.225,-1234.181
0,4541.692,-3712.215,-1234.323
0,4542.692,-3713.205,-1234.465
0,4543.692,-3714.195,-1234.607
0,4544.692,-3715.185,-1234.749
0,4545.692,-3716.174,-1234.891
0,4546.692,-3717.164,-1235.035
0,4547.692,-3718.154,-1235.178
0,4548.692,-3719.144,-1235.319
0,4549.692,-3720.134,-1235.457
0,4550.692,-3721.124,-1235.595
0,4551.692,-3722.115,-1235.734
0,4552.692,-3723.105,-1235.872
0,4553.692,-3724.095,-1236.011
0,4554.692,-3725.085,-1236.150
0,4555.691,-3726.075,-1236.289
0,4556.691,-3727.065,-1236.431
0,4557.691,-3728.055,-1236.576
0,4558.691,-3729.044,-1236.721
0,4559.691,-3730.033,-1236.867
0,4560.691,-3731.023,-1237.012
0,4561.691,-3732.012,-1237.156
0,4562.691,-3733.002,-1237.298
0,4563.691,-3733.992,-1237.441
0,4564.691,-3734.981,-1237.583
0,4565.691,-3735.971,-1237.727
0,4566.691,-3736.960,-1237.871
0,4567.691,-3737.950,-1238.014
0,4568.691,-3738.940,-1238.157
0,4569.691,-3739.930,-1238.298
0,4570.690,-3740.920,-1238.437
0,4571.690,-3741.910,-1238.575
0,4572.690,-3742.900,-1238.714
0,4573.690,-3743.891,-1238.854
0,4574.690,-3744.880,-1238.995
0,4575.690,-3745.870,-1239.139
0,4576.690,-3746.859,-1239.284
0,4577.690,-3747.849,-1239.429
0,4578.690,-3748.838,-1239.573
0,4579.690,-3749.828,-1239.717
0,4580.690,-3750.817,-1239.860
0,4581.690,-3751.807,-1240.003
0,4582.690,-3752.797,-1240.145
0,4583.690,-3753.786,-1240.289
0,4584.690,-3754.776,-1240.434
0,4585.689,-3755.765,-1240.579
0,4586.689,-3756.754,-1240.724
0,4587.689,-3757.744,-1240.868
0,4588.689,-3758.734,-1241.011
0,4589.689,-3759.723,-1241.153
0,4590.689,-3760.713,-1241.295
0,4591.689,-3761.703,-1241.436
0,4592.689,-3762.693,-1241.580
0,4593.689,-3763.682,-1241.725
0,4594.689,-3764.671,-1241.870
0,4595.689,-3765.661,-1242.014
0,4596.689,-3766.651,-1242.157
0,4597.689,-3767.640,-1242.298
0,4598.689,-3768.630,-1242.438
0,4599.689,-3769.621,-1242.578
0,4600.688,-3770.611,-1242.718
0,4601.688,-3771.601,-1242.858
0,4602.688,-3772.591,-1242.997
0,4603.688,-3773.581,-1243.134
0,4604.688,-3774.572,-1243.271
0,4605.688,-3775.562,-1243.409
0,4606.688,-3776.552,-1243.549
0,4607.688,-3777.542,-1243.692
0,4608.688,-3778.531,-1243.837
0,4609.688,-3779.520,-1243.985
0,4610.688,-3780.509,-1244.133
0,4611.688,-3781.498,-1244.281
0,4612.688,-3782.488,-1244.425
0,4613.688,-3783.478,-1244.565
0,4614.687,-3784.468,-1244.704
0,4615.687,-3785.459,-1244.840
0,4616.687,-3786.449,-1244.975
0,4617.687,-3787.440,-1245.110
0,4618.687,-3788.431,-1245.246
0,4619.687,-3789.421,-1245.384
0,4620.687,-3790.411,-1245.525
0,4621.687,-3791.401,-1245.669
0,4622.687,-3792.390,-1245.815
0,4623.687,-3793.379,-1245.963
0,4624.687,-3794.368,-1246.109
0,4625.687,-3795.357,-1246.255
0,4626.687,-3796.347,-1246.400
0,4627.687,-3797.336,-1246.546
0,4628.687,-3798.325,-1246.692
0,4629.686,-3799.315,-1246.836
0,4630.686,-3800.305,-1246.977
0,4631.686,-3801.295,-1247.114
0,4632.686,-3802.286,-1247.249
0,4633.686,-3803.277,-1247.384
0,4634.686,-3804.267,-1247.518
0,4635.686,-3805.258,-1247.654
0,4636.686,-3806.249,-1247.790
0,4637.686,-3807.239,-1247.928
0,4638.686,-3808.229,-1248.070
0,4639.686,-3809.218,-1248.214
0,4640.686,-3810.208,-1248.361
0,4641.686,-3811.196,-1248.509
0,4642.686,-3812.186,-1248.655
0,4643.686,-3813.175,-1248.801
0,4644.685,-3814.164,-1248.946
0,4645.685,-3815.154,-1249.089
0,4646.685,-3816.143,-1249.232
0,4647.685,-3817.133,-1249.374
0,4648.685,-3818.123,-1249.515
0,4649.685,-3819.113,-1249.654
0,4650.685,-3820.104,-1249.793
0,4651.685,-3821.094,-1249.931
0,4652.685,-3822.085,-1250.068
0,4653.685,-3823.075,-1250.205
0,4654.685,-3824.065,-1250.343
0,4655.685,-3825.055,-1250.484
0,4656.685,-3826.045,-1250.627
0,4657.685,-3827.034,-1250.772
0,4658.685,-3828.023,-1250.919
0,4659.684,-3829.013,-1251.066
0,4660.684,-3830.002,-1251.213
0,4661.684,-3830.991,-1251.358
0,4662.684,-3831.981,-1251.500
0,4663.684,-3832.971,-1251.640
0,4664.684,-3833.961,-1251.777
0,4665.684,-3834.952,-1251.910
0,4666.684,-3835.944,-1252.041
0,4667.684,-3836.935,-1252.173
0,4668.684,-3837.926,-1252.305
0,4669.684,-3838.917,-1252.440
0,4670.684,-3839.907,-1252.578
0,4671.684,-3840.897,-1252.720
0,4672.684,-3841.886,-1252.865
0,4673.683,-3842.875,-1253.014
0,4674.683,-3843.863,-1253.166
0,4675.683,-3844.852,-1253.319
0,4676.683,-3845.840,-1253.470
0,4677.683,-3846.829,-1253.618
0,4678.683,-3847.818,-1253.762
0,4679.683,-3848.808,-1253.903
0,4680.683,-3849.799,-1254.042
0,4681.683,-3850.789,-1254.179
0,4682.683,-3851.780,-1254.314
0,4683.683,-3852.771,-1254.448
0,4684.683,-3853.762,-1254.580
0,4685.683,-3854.753,-1254.710
0,4686.683,-3855.745,-1254.840
0,4687.683,-3856.736,-1254.971
0,4688.682,-3857.727,-1255.105
0,4689.682,-3858.717,-1255.243
0,4690.682,-3859.707,-1255.388
0,4691.682,-3860.695,-1255.540
0,4692.682,-3861.683,-1255.696
0,4693.682,-3862.670,-1255.854
0,4694.682,-3863.658,-1256.011
0,4695.682,-3864.646,-1256.166
0,4696.682,-3865.634,-1256.317
0,4697.682,-3866.623,-1256.463
0,4698.682,-3867.613,-1256.604
0,4699.682,-3868.603,-1256.743
0,4700.682,-3869.594,-1256.879
0,4701.682,-3870.585,-1257.015
0,4702.682,-3871.575,-1257.150
0,4703.681,-3872.566,-1257.285
0,4704.681,-3873.557,-1257.419
0,4705.681,-3874.548,-1257.554
0,4706.681,-3875.539,-1257.688
0,4707.681,-3876.529,-1257.825
0,4708.681,-3877.520,-1257.963
0,4709.681,-3878.510,-1258.102
0,4710.681,-3879.500,-1258.242
0,4711.681,-3880.490,-1258.383
0,4712.681,-3881.480,-1258.527
0,4713.681,-3882.469,-1258.672
0,4714.681,-3883.458,-1258.820
0,4715.681,-3884.447,-1258.969
0,4716.681,-3885.435,-1259.117
0,4717.681,-3886.424,-1259.264
0,4718.680,-3887.414,-1259.411
0,4719.680,-3888.403,-1259.557
0,4720.680,-3889.392,-1259.701
0,4721.680,-3890.382,-1259.845
0,4722.680,-3891.372,-1259.986
0,4723.680,-3892.362,-1260.128
0,4724.680,-3893.352,-1260.268
0,4725.680,-3894.342,-1260.409
0,4726.680,-3895.332,-1260.550
0,4727.680,-3896.321,-1260.691
0,4728.680,-3897.311,-1260.832
0,4729.680,-3898.302,-1260.972
0,4730.680,-3899.292,-1261.112
0,4731.680,-3900.281,-1261.253
0,4732.680,-3901.271,-1261.395
0,4733.679,-3902.261,-1261.538
0,4734.679,-3903.251,-1261.681
0,4735.679,-3904.240,-1261.825
0,4736.679,-3905.230,-1261.968
0,4737.679,-3906.220,-1262.109
0,4738.679,-3907.210,-1262.250
0,4739.679,-3908.200,-1262.390
0,4740.679,-3909.190,-1262.531
0,4741.679,-3910.180,-1262.671
0,4742.679,-3911.170,-1262.811
0,4743.679,-3912.160,-1262.951
0,4744.679,-3913.150,-1263.093
0,4745.679,-3914.139,-1263.236
0,4746.679,-3915.129,-1263.380
0,4747.678,-3916.118,-1263.525
0,4748.678,-3917.108,-1263.670
0,4749.678,-3918.097,-1263.815
0,4750.678,-3919.087,-1263.958
0,4751.678,-3920.077,-1264.099
0,4752.678,-3921.067,-1264.240
0,4753.678,-3922.057,-1264.380
0,4754.678,-3923.047,-1264.520
0,4755.678,-3924.037,-1264.661
0,4756.678,-3925.027,-1264.802
0,4757.678,-3926.016,-1264.944
0,4758.678,-3927.006,-1265.087
0,4759.678,-3927.996,-1265.229
0,4760.678,-3928.985,-1265.372
0,4761.678,-3929.975,-1265.516
0,4762.677,-3930.965,-1265.659
0,4763.677,-3931.954,-1265.803
0,4764.677,-3932.944,-1265.947
0,4765.677,-3933.933,-1266.091
0,4766.677,-3934.923,-1266.235
0,4767.677,-3935.912,-1266.378
0,4768.677,-3936.902,-1266.519
0,4769.677,-3937.892,-1266.658
0,4770.677,-3938.883,-1266.795
0,4771.677,-3939.874,-1266.932
0,4772.677,-3940.864,-1267.068
0,4773.677,-3941.855,-1267.206
0,4774.677,-3942.845,-1267.346
0,4775.677,-3943.834,-1267.488
0,4776.677,-3944.824,-1267.632
0,4777.676,-3945.813,-1267.777
0,4778.676,-3946.802,-1267.924
0,4779.676,-3947.791,-1268.072
0,4780.676,-3948.780,-1268.221
0,4781.676,-3949.769,-1268.369
0,4782.676,-3950.758,-1268.516
0,4783.676,-3951.747,-1268.660
0,4784.676,-3952.737,-1268.803
0,4785.676,-3953.727,-1268.942
0,4786.676,-3954.718,-1269.079
0,4787.676,-3955.709,-1269.212
0,4788.676,-3956.700,-1269.344
0,4789.676,-3957.692,-1269.474
0,4790.676,-3958.683,-1269.604
0,4791.676,-3959.675,-1269.734
0,4792.675,-3960.666,-1269.864
0,4793.675,-3961.657,-1269.993
0,4794.675,-3962.649,-1270.122
0,4795.675,-3963.641,-1270.248
0,4796.675,-3964.633,-1270.373
0,4797.675,-3965.625,-1270.496
0,4798.675,-3966.618,-1270.616
0,4799.675,-3967.611,-1270.733
0,4800.675,-3968.605,-1270.848
0,4801.675,-3969.598,-1270.960
0,4802.675,-3970.592,-1271.069
0,4803.675,-3971.586,-1271.176
0,4804.675,-3972.581,-1271.280
0,4805.675,-3973.576,-1271.379
0,4806.674,-3974.571,-1271.472
0,4807.674,-3975.568,-1271.559
0,4808.674,-3976.564,-1271.642
0,4809.674,-3977.561,-1271.722
0,4810.674,-3978.558,-1271.799
0,4811.674,-3979.555,-1271.873
0,4812.674,-3980.552,-1271.944
0,4813.674,-3981.550,-1272.009
0,4814.674,-3982.548,-1272.068
0,4815.674,-3983.547,-1272.122
0,4816.674,-3984.545,-1272.171
0,4817.674,-3985.544,-1272.214
0,4818.674,-3986.544,-1272.251
0,4819.674,-3987.543,-1272.281
0,4820.674,-3988.543,-1272.309
0,4821.673,-3989.542,-1272.335
0,4822.673,-3990.542,-1272.362
0,4823.673,-3991.541,-1272.390
0,4824.673,-3992.541,-1272.417
0,4825.673,-3993.541,-1272.442
0,4826.673,-3994.540,-1272.467
0,4827.673,-3995.540,-1272.490
0,4828.673,-3996.540,-1272.513
0,4829.673,-3997.539,-1272.534
0,4830.673,-3998.539,-1272.552
0,4831.673,-3999.539,-1272.566
0,4832.673,-4000.539,-1272.578
0,4833.673,-4001.539,-1272.588
0,4834.673,-4002.539,-1272.598
0,4835.673,-4003.538,-1272.607
0,4836.672,-4004.538,-1272.615
0,4837.672,-4005.538,-1272.622
0,4838.672,-4006.538,-1272.628
0,4839.672,-4007.538,-1272.630
0,4840.672,-4008.538,-1272.628
0,4841.672,-4009.538,-1272.623
0,4842.672,-4010.538,-1272.614
0,4843.672,-4011.538,-1272.597
0,4844.672,-4012.537,-1272.574
0,4845.672,-4013.537,-1272.546
0,4846.672,-4014.536,-1272.516
0,4847.672,-4015.536,-1272.485
0,4848.672,-4016.535,-1272.453
0,4849.672,-4017.534,-1272.417
0,4850.672,-4018.534,-1272.377
0,4851.671,-4019.533,-1272.333
0,4852.671,-4020.531,-1272.285
0,4853.671,-4021.530,-1272.235
0,4854.671,-4022.529,-1272.183
0,4855.671,-4023.527,-1272.128
0,4856.671,-4024.525,-1272.068
0,4857.671,-4025.523,-1272.005
0,4858.671,-4026.521,-1271.938
0,4859.671,-4027.518,-1271.870
0,4860.671,-4028.516,-1271.800
0,4861.671,-4029.513,-1271.725
0,4862.671,-4030.510,-1271.646
0,4863.671,-4031.506,-1271.564
0,4864.671,-4032.503,-1271.479
0,4865.670,-4033.499,-1271.390
0,4866.670,-4034.494,-1271.299
0,4867.670,-4035.490,-1271.202
0,4868.670,-4036.484,-1271.098
0,4869.670,-4037.478,-1270.990
0,4870.670,-4038.472,-1270.877
0,4871.670,-4039.465,-1270.763
0,4872.670,-4040.458,-1270.647
0,4873.670,-4041.451,-1270.529
0,4874.670,-4042.444,-1270.409
0,4875.670,-4043.436,-1270.285
0,4876.670,-4044.428,-1270.155
0,4877.670,-4045.418,-1270.020
0,4878.670,-4046.408,-1269.880
0,4879.670,-4047.398,-1269.736
0,4880.669,-4048.387,-1269.586
0,4881.669,-4049.374,-1269.431
0,4882.669,-4050.361,-1269.271
0,4883.669,-4051.348,-1269.109
0,4884.669,-4052.335,-1268.947
0,4885.669,-4053.322,-1268.786
0,4886.669,-4054.308,-1268.623
0,4887.669,-4055.294,-1268.456
0,4888.669,-4056.279,-1268.285
0,4889.669,-4057.264,-1268.109
0,4890.669,-4058.247,-1267.929
0,4891.669,-4059.230,-1267.745
0,4892.669,-4060.213,-1267.558
0,4893.669,-4061.194,-1267.367
0,4894.669,-4062.175,-1267.172
0,4895.668,-4063.154,-1266.972
0,4896.668,-4064.133,-1266.768
0,4897.668,-4065.111,-1266.560
0,4898.668,-4066.088,-1266.346
0,4899.668,-4067.063,-1266.124
0,4900.668,-4068.037,-1265.896
0,4901.668,-4069.009,-1265.662
0,4902.668,-4069.980,-1265.424
0,4903.668,-4070.951,-1265.183
0,4904.668,-4071.920,-1264.939
0,4905.668,-4072.890,-1264.695
0,4906.668,-4073.860,-1264.451
0,4907.668,-4074.829,-1264.206
0,4908.668,-4075.798,-1263.960
0,4909.668,-4076.767,-1263.710
0,4910.667,-4077.733,-1263.453
0,4911.667,-4078.697,-1263.188
0,4912.667,-4079.659,-1262.916
0,4913.667,-4080.620,-1262.639
0,4914.667,-4081.580,-1262.359
0,4915.667,-4082.540,-1262.079
0,4916.667,-4083.499,-1261.798
0,4917.667,-4084.459,-1261.517
0,4918.667,-4085.418,-1261.235
0,4919.667,-4086.377,-1260.950
0,4920.667,-4087.335,-1260.663
0,4921.667,-4088.292,-1260.372
0,4922.667,-4089.248,-1260.079
0,4923.667,-4090.202,-1259.782
0,4924.667,-4091.155,-1259.479
0,4925.666,-4092.107,-1259.172
0,4926.666,-4093.057,-1258.862
0,4927.666,-4094.007,-1258.548
0,4928.666,-4094.954,-1258.229
0,4929.666,-4095.900,-1257.905
0,4930.666,-4096.845,-1257.577
0,4931.666,-4097.789,-1257.246
0,4932.666,-4098.732,-1256.915
0,4933.666,-4099.676,-1256.583
0,4934.666,-4100.618,-1256.250
0,4935.666,-4101.561,-1255.915
0,4936.666,-4102.502,-1255.578
0,4937.666,-4103.442,-1255.239
0,4938.666,-4104.382,-1254.897
0,4939.665,-4105.321,-1254.553
0,4940.665,-4106.258,-1254.204
0,4941.665,-4107.193,-1253.849
0,4942.665,-4108.126,-1253.490
0,4943.665,-4109.059,-1253.129
0,4944.665,-4109.991,-1252.768
0,4945.665,-4110.924,-1252.408
0,4946.665,-4111.858,-1252.050
0,4947.665,-4112.791,-1251.692
0,4948.665,-4113.725,-1251.335
0,4949.665,-4114.660,-1250.980
0,4950.665,-4115.596,-1250.627
0,4951.665,-4116.531,-1250.274
0,4952.665,-4117.467,-1249.921
0,4953.665,-4118.402,-1249.567
0,4954.664,-4119.338,-1249.214
0,4955.664,-4120.273,-1248.861
0,4956.664,-4121.208,-1248.507
0,4957.664,-4122.144,-1248.153
0,4958.664,-4123.079,-1247.799
0,4959.664,-4124.014,-1247.444
0,4960.664,-4124.949,-1247.090
0,4961.664,-4125.884,-1246.736
0,4962.664,-4126.819,-1246.382
0,4963.664,-4127.754,-1246.027
0,4964.664,-4128.689,-1245.672
0,4965.664,-4129.623,-1245.317
0,4966.664,-4130.558,-1244.963
0,4967.664,-4131.493,-1244.608
0,4968.664,-4132.428,-1244.252
0,4969.663,-4133.362,-1243.895
0,4970.663,-4134.296,-1243.537
0,4971.663,-4135.229,-1243.179
0,4972.663,-4136.163,-1242.822
0,4973.663,-4137.097,-1242.465
0,4974.663,-4138.032,-1242.109
0,4975.663,-4138.966,-1241.752
0,4976.663,-4139.900,-1241.395
0,4977.663,-4140.833,-1241.038
0,4978.663,-4141.768,-1240.681
0,4979.663,-4142.702,-1240.325
0,4980.663,-4143.637,-1239.970
0,4981.663,-4144.571,-1239.613
0,4982.663,-4145.505,-1239.257
0,4983.663,-4146.439,-1238.900
0,4984.662,-4147.374,-1238.544
0,4985.662,-4148.309,-1238.189
0,4986.662,-4149.244,-1237.835
0,4987.662,-4150.179,-1237.482
0,4988.662,-4151.114,-1237.128
0,4989.662,-4152.050,-1236.774
0,4990.662,-4152.985,-1236.420
0,4991.662,-4153.921,-1236.069
0,4992.662,-4154.858,-1235.718
0,4993.662,-4155.794,-1235.367
0,4994.662,-4156.730,-1235.015
0,4995.662,-4157.666,-1234.663
0,4996.662,-4158.602,-1234.312
0,4997.662,-4159.538,-1233.961
0,4998.661,-4160.475,-1233.610
0,4999.661,-4161.411,-1233.259
0,5000.661,-4162.346,-1232.906
0,5001.661,-4163.282,-1232.552
0,5002.661,-4164.216,-1232.196
0,5003.661,-4165.150,-1231.839
0,5004.661,-4166.084,-1231.482
0,5005.661,-4167.018,-1231.124
0,5006.661,-4167.951,-1230.765
0,5007.661,-4168.885,-1230.407
0,5008.661,-4169.819,-1230.051
0,5009.661,-4170.754,-1229.697
0,5010.661,-4171.690,-1229.344
0,5011.661,-4172.626,-1228.992
0,5012.661,-4173.561,-1228.639
0,5013.660,-4174.497,-1228.286
0,5014.660,-4175.433,-1227.934
0,5015.660,-4176.369,-1227.582
0,5016.660,-4177.305,-1227.231
0,5017.660,-4178.241,-1226.878
0,5018.660,-4179.176,-1226.525
0,5019.660,-4180.112,-1226.172
0,5020.660,-4181.047,-1225.819
0,5021.660,-4181.983,-1225.466
0,5022.660,-4182.919,-1225.114
0,5023.660,-4183.855,-1224.762
0,5024.660,-4184.791,-1224.411
0,5025.660,-4185.727,-1224.059
0,5026.660,-4186.662,-1223.705
0,5027.660,-4187.596,-1223.348
0,5028.659,-4188.530,-1222.991
0,5029.659,-4189.463,-1222.632
0,5030.659,-4190.398,-1222.276
0,5031.659,-4191.333,-1221.922
0,5032.659,-4192.269,-1221.571
0,5033.659,-4193.206,-1221.221
0,5034.659,-4194.142,-1220.871
0,5035.659,-4195.078,-1220.519
0,5036.659,-4196.014,-1220.166
0,5037.659,-4196.949,-1219.812
0,5038.659,-4197.884,-1219.458
0,5039.659,-4198.819,-1219.103
0,5040.659,-4199.754,-1218.748
0,5041.659,-4200.689,-1218.394
0,5042.659,-4201.624,-1218.040
0,5043.658,-4202.559,-1217.685
0,5044.658,-4203.494,-1217.330
0,5045.658,-4204.428,-1216.974
0,5046.658,-4205.363,-1216.619
0,5047.658,-4206.298,-1216.263
0,5048.658,-4207.232,-1215.908
0,5049.658,-4208.167,-1215.554
0,5050.658,-4209.103,-1215.200
0,5051.658,-4210.038,-1214.846
0,5052.658,-4210.973,-1214.491
0,5053.658,-4211.907,-1214.136
0,5054.658,-4212.841,-1213.778
0,5055.658,-4213.775,-1213.420
0,5056.658,-4214.708,-1213.061
0,5057.657,-4215.641,-1212.703
0,5058.657,-4216.576,-1212.347
0,5059.657,-4217.512,-1211.995
0,5060.657,-4218.448,-1211.645
0,5061.657,-4219.386,-1211.296
0,5062.657,-4220.322,-1210.946
0,5063.657,-4221.258,-1210.594
0,5064.657,-4222.194,-1210.241
0,5065.657,-4223.129,-1209.887
0,5066.657,-4224.064,-1209.532
0,5067.657,-4224.999,-1209.179
0,5068.657,-4225.935,-1208.826
0,5069.657,-4226.870,-1208.473
0,5070.657,-4227.806,-1208.120
0,5071.657,-4228.741,-1207.766
0,5072.656,-4229.676,-1207.412
0,5073.656,-4230.611,-1207.057
0,5074.656,-4231.546,-1206.702
0,5075.656,-4232.480,-1206.346
0,5076.656,-4233.415,-1205.991
0,5077.656,-4234.350,-1205.636
0,5078.656,-4235.285,-1205.281
0,5079.656,-4236.220,-1204.926
0,5080.656,-4237.154,-1204.571
0,5081.656,-4238.089,-1204.216
0,5082.656,-4239.024,-1203.860
0,5083.656,-4239.958,-1203.504
0,5084.656,-4240.892,-1203.148
0,5085.656,-4241.826,-1202.790
0,5086.656,-4242.760,-1202.433
0,5087.655,-4243.694,-1202.076
0,5088.655,-4244.629,-1201.721
0,5089.655,-4245.564,-1201.367
0,5090.655,-4246.500,-1201.015
0,5091.655,-4247.436,-1200.664
0,5092.655,-4248.373,-1200.314
0,5093.655,-4249.309,-1199.962
0,5094.655,-4250.244,-1199.608
0,5095.655,-4251.179,-1199.254
0,5096.655,-4252.114,-1198.900
0,5097.655,-4253.049,-1198.544
0,5098.655,-4253.984,-1198.189
0,5099.655,-4254.919,-1197.837
0,5100.655,-4255.856,-1197.488
0,5101.655,-4256.794,-1197.141
0,5102.654,-4257.732,-1196.794
0,5103.654,-4258.670,-1196.447
0,5104.654,-4259.606,-1196.095
0,5105.654,-4260.541,-1195.740
0,5106.654,-4261.474,-1195.382
0,5107.654,-4262.407,-1195.022
0,5108.654,-4263.340,-1194.661
0,5109.654,-4264.273,-1194.301
0,5110.654,-4265.206,-1193.941
0,5111.654,-4266.139,-1193.583
0,5112.654,-4267.073,-1193.225
0,5113.654,-4268.007,-1192.868
0,5114.654,-4268.941,-1192.511
0,5115.654,-4269.875,-1192.154
0,5116.654,-4270.809,-1191.797
0,5117.653,-4271.743,-1191.440
0,5118.653,-4272.677,-1191.084
0,5119.653,-4273.613,-1190.730
0,5120.653,-4274.548,-1190.377
0,5121.653,-4275.484,-1190.025
0,5122.653,-4276.420,-1189.673
0,5123.653,-4277.356,-1189.321
0,5124.653,-4278.291,-1188.968
0,5125.653,-4279.226,-1188.613
0,5126.653,-4280.160,-1188.255
0,5127.653,-4281.093,-1187.895
0,5128.653,-4282.025,-1187.534
0,5129.653,-4282.958,-1187.175
0,5130.653,-4283.892,-1186.817
0,5131.652,-4284.827,-1186.463
0,5132.652,-4285.763,-1186.111
0,5133.652,-4286.700,-1185.761
0,5134.652,-4287.637,-1185.414
0,5135.652,-4288.575,-1185.067
0,5136.652,-4289.513,-1184.720
0,5137.652,-4290.451,-1184.373
0,5138.652,-4291.388,-1184.024
0,5139.652,-4292.324,-1183.673
0,5140.652,-4293.259,-1183.318
0,5141.652,-4294.192,-1182.959
0,5142.652,-4295.125,-1182.598
0,5143.652,-4296.057,-1182.237
0,5144.652,-4296.990,-1181.876
0,5145.652,-4297.923,-1181.517
0,5146.651,-4298.857,-1181.159
0,5147.651,-4299.791,-1180.803
0,5148.651,-4300.726,-1180.448
0,5149.651,-4301.661,-1180.095
0,5150.651,-4302.597,-1179.743
0,5151.651,-4303.534,-1179.392
0,5152.651,-4304.470,-1179.041
0,5153.651,-4305.406,-1178.688
0,5154.651,-4306.341,-1178.334
0,5155.651,-4307.275,-1177.978
0,5156.651,-4308.210,-1177.622
0,5157.651,-4309.144,-1177.266
0,5158.651,-4310.078,-1176.910
0,5159.651,-4311.013,-1176.553
0,5160.651,-4311.947,-1176.197
0,5161.650,-4312.882,-1175.842
0,5162.650,-4313.817,-1175.488
0,5163.650,-4314.752,-1175.135
0,5164.650,-4315.687,-1174.781
0,5165.650,-4316.623,-1174.427
0,5166.650,-4317.558,-1174.073
0,5167.650,-4318.494,-1173.720
0,5168.650,-4319.429,-1173.367
0,5169.650,-4320.365,-1173.015
0,5170.650,-4321.301,-1172.664
0,5171.650,-4322.238,-1172.314
0,5172.650,-4323.174,-1171.963
0,5173.650,-4324.110,-1171.612
0,5174.650,-4325.046,-1171.258
0,5175.650,-4325.980,-1170.902
0,5176.649,-4326.914,-1170.544
0,5177.649,-4327.846,-1170.183
0,5178.649,-4328.779,-1169.823
0,5179.649,-4329.713,-1169.464
0,5180.649,-4330.647,-1169.109
0,5181.649,-4331.583,-1168.756
0,5182.649,-4332.519,-1168.406
0,5183.649,-4333.456,-1168.056
0,5184.649,-4334.392,-1167.704
0,5185.649,-4335.327,-1167.350
0,5186.649,-4336.261,-1166.991
0,5187.649,-4337.194,-1166.632
0,5188.649,-4338.127,-1166.274
0,5189.649,-4339.062,-1165.919
0,5190.648,-4339.998,-1165.567
0,5191.648,-4340.935,-1165.218
0,5192.648,-4341.873,-1164.871
0,5193.648,-4342.811,-1164.524
0,5194.648,-4343.748,-1164.175
0,5195.648,-4344.684,-1163.823
0,5196.648,-4345.619,-1163.469
0,5197.648,-4346.553,-1163.113
0,5198.648,-4347.488,-1162.757
0,5199.648,-4348.422,-1162.402
0,5200.648,-4349.358,-1162.048
0,5201.648,-4350.293,-1161.694
0,5202.648,-4351.228,-1161.341
0,5203.648,-4352.164,-1160.989
0,5204.648,-4353.101,-1160.638
0,5205.647,-4354.038,-1160.289
0,5206.647,-4354.974,-1159.938
0,5207.647,-4355.911,-1159.588
0,5208.647,-4356.847,-1159.236
0,5209.647,-4357.782,-1158.883
0,5210.647,-4358.717,-1158.529
0,5211.647,-4359.652,-1158.174
0,5212.647,-4360.587,-1157.820
0,5213.647,-4361.522,-1157.465
0,5214.647,-4362.457,-1157.110
0,5215.647,-4363.392,-1156.755
0,5216.647,-4364.327,-1156.401
0,5217.647,-4365.263,-1156.048
0,5218.647,-4366.198,-1155.695
0,5219.647,-4367.133,-1155.341
0,5220.646,-4368.068,-1154.986
0,5221.646,-4369.003,-1154.631
0,5222.646,-4369.937,-1154.276
0,5223.646,-4370.872,-1153.921
0,5224.646,-4371.807,-1153.566
0,5225.646,-4372.742,-1153.211
0,5226.646,-4373.676,-1152.855
0,5227.646,-4374.611,-1152.499
0,5228.646,-4375.545,-1152.143
0,5229.646,-4376.480,-1151.788
0,5230.646,-4377.416,-1151.436
0,5231.646,-4378.353,-1151.086
0,5232.646,-4379.289,-1150.737
0,5233.646,-4380.226,-1150.387
0,5234.646,-4381.163,-1150.037
0,5235.645,-4382.099,-1149.687
0,5236.645,-4383.036,-1149.335
0,5237.645,-4383.971,-1148.983
0,5238.645,-4384.906,-1148.628
0,5239.645,-4385.841,-1148.273
0,5240.645,-4386.775,-1147.917
0,5241.645,-4387.709,-1147.560
0,5242.645,-4388.643,-1147.202
0,5243.645,-4389.577,-1146.843
0,5244.645,-4390.510,-1146.485
0,5245.645,-4391.444,-1146.127
0,5246.645,-4392.378,-1145.771
0,5247.645,-4393.313,-1145.415
0,5248.645,-4394.248,-1145.061
0,5249.644,-4395.184,-1144.709
0,5250.644,-4396.119,-1144.356
0,5251.644,-4397.055,-1144.002
0,5252.644,-4397.990,-1143.649
0,5253.644,-4398.925,-1143.295
0,5254.644,-4399.860,-1142.941
0,5255.644,-4400.795,-1142.587
0,5256.644,-4401.730,-1142.231
0,5257.644,-4402.664,-1141.875
0,5258.644,-4403.598,-1141.517
0,5259.644,-4404.531,-1141.159
0,5260.644,-4405.465,-1140.800
0,5261.644,-4406.399,-1140.443
0,5262.644,-4407.334,-1140.088
0,5263.644,-4408.269,-1139.734
0,5264.643,-4409.203,-1139.379
0,5265.643,-4410.138,-1139.023
0,5266.643,-4411.072,-1138.666
0,5267.643,-4412.006,-1138.308
0,5268.643,-4412.940,-1137.950
0,5269.643,-4413.873,-1137.592
0,5270.643,-4414.807,-1137.235
0,5271.643,-4415.741,-1136.878
0,5272.643,-4416.676,-1136.524
0,5273.643,-4417.612,-1136.171
0,5274.643,-4418.548,-1135.820
0,5275.643,-4419.485,-1135.470
0,5276.643,-4420.422,-1135.122
0,5277.643,-4421.360,-1134.774
0,5278.643,-4422.297,-1134.426
0,5279.642,-4423.235,-1134.078
0,5280.642,-4424.171,-1133.728
0,5281.642,-4425.107,-1133.375
0,5282.642,-4426.041,-1133.019
0,5283.642,-4426.975,-1132.661
0,5284.642,-4427.909,-1132.304
0,5285.642,-4428.844,-1131.949
0,5286.642,-4429.779,-1131.595
0,5287.642,-4430.714,-1131.241
0,5288.642,-4431.649,-1130.888
0,5289.642,-4432.585,-1130.535
0,5290.642,-4433.521,-1130.182
0,5291.642,-4434.456,-1129.829
0,5292.642,-4435.392,-1129.476
0,5293.642,-4436.327,-1129.123
0,5294.641,-4437.262,-1128.769
0,5295.641,-4438.197,-1128.414
0,5296.641,-4439.132,-1128.060
0,5297.641,-4440.068,-1127.706
0,5298.641,-4441.003,-1127.352
0,5299.641,-4441.937,-1126.997
0,5300.641,-4442.872,-1126.641
0,5301.641,-4443.806,-1126.284
0,5302.641,-4444.740,-1125.928
0,5303.641,-4445.675,-1125.572
0,5304.641,-4446.609,-1125.215
0,5305.641,-4447.543,-1124.858
0,5306.641,-4448.477,-1124.501
0,5307.641,-4449.411,-1124.145
0,5308.640,-4450.346,-1123.790
0,5309.640,-4451.282,-1123.437
0,5310.640,-4452.217,-1123.084
0,5311.640,-4453.152,-1122.729
0,5312.640,-4454.086,-1122.373
0,5313.640,-4455.020,-1122.016
0,5314.640,-4455.955,-1121.659
0,5315.640,-4456.889,-1121.304
0,5316.640,-4457.824,-1120.950
0,5317.640,-4458.760,-1120.598
0,5318.640,-4459.698,-1120.250
0,5319.640,-4460.636,-1119.904
0,5320.640,-4461.574,-1119.557
0,5321.640,-4462.512,-1119.212
0,5322.640,-4463.450,-1118.865
0,5323.639,-4464.387,-1118.515
0,5324.639,-4465.322,-1118.160
0,5325.639,-4466.254,-1117.798
0,5326.639,-4467.184,-1117.431
0,5327.639,-4468.113,-1117.061
0,5328.639,-4469.041,-1116.688
0,5329.639,-4469.968,-1116.315
0,5330.639,-4470.897,-1115.943
0,5331.639,-4471.827,-1115.577
0,5332.639,-4472.760,-1115.218
0,5333.639,-4473.696,-1114.865
0,5334.639,-4474.635,-1114.522
0,5335.639,-4475.579,-1114.191
0,5336.639,-4476.527,-1113.874
0,5337.639,-4477.479,-1113.570
0,5338.638,-4478.437,-1113.283
0,5339.638,-4479.401,-1113.015
0,5340.638,-4480.370,-1112.769
0,5341.638,-4481.343,-1112.541
0,5342.638,-4482.320,-1112.328
0,5343.638,-4483.300,-1112.131
0,5344.638,-4484.284,-1111.949
0,5345.638,-4485.270,-1111.783
0,5346.638,-4486.259,-1111.635
0,5347.638,-4487.250,-1111.505
0,5348.638,-4488.244,-1111.393
0,5349.638,-4489.239,-1111.303
0,5350.638,-4490.237,-1111.234
0,5351.638,-4491.236,-1111.189
0,5352.638,-4492.235,-1111.168
0,5353.637,-4493.235,-1111.171
0,5354.637,-4494.235,-1111.196
0,5355.637,-4495.234,-1111.239
0,5356.637,-4496.232,-1111.299
0,5357.637,-4497.229,-1111.372
0,5358.637,-4498.226,-1111.455
0,5359.637,-4499.221,-1111.546
0,5360.637,-4500.216,-1111.644
0,5361.637,-4501.210,-1111.754
0,5362.637,-4502.202,-1111.880
0,5363.637,-4503.191,-1112.029
0,5364.637,-4504.175,-1112.206
0,5365.637,-4505.153,-1112.415
0,5366.637,-4506.123,-1112.657
0,5367.637,-4507.083,-1112.935
0,5368.636,-4508.032,-1113.250
0,5369.636,-4508.967,-1113.603
0,5370.636,-4509.890,-1113.989
0,5371.636,-4510.798,-1114.405
0,5372.636,-4511.692,-1114.853
0,5373.636,-4512.569,-1115.334
0,5374.636,-4513.427,-1115.847
0,5375.636,-4514.263,-1116.395
0,5376.636,-4515.077,-1116.976
0,5377.636,-4515.869,-1117.586
0,5378.636,-4516.640,-1118.223
0,5379.636,-4517.390,-1118.883
0,5380.636,-4518.122,-1119.565
0,5381.636,-4518.839,-1120.261
0,5382.635,-4519.549,-1120.966
0,5383.635,-4520.256,-1121.672
0,5384.635,-4520.965,-1122.378
0,5385.635,-4521.672,-1123.085
0,5386.635,-4522.376,-1123.795
0,5387.635,-4523.073,-1124.512
0,5388.635,-4523.764,-1125.234
0,5389.635,-4524.449,-1125.963
0,5390.635,-4525.132,-1126.694
0,5391.635,-4525.814,-1127.425
0,5392.635,-4526.498,-1128.154
0,5393.635,-4527.186,-1128.879
0,5394.635,-4527.880,-1129.599
0,5395.635,-4528.581,-1130.312
0,5396.635,-4529.288,-1131.020
0,5397.634,-4529.997,-1131.725
0,5398.634,-4530.706,-1132.430
0,5399.634,-4531.412,-1133.139
0,5400.634,-4532.113,-1133.851
0,5401.634,-4532.810,-1134.568
0,5402.634,-4533.503,-1135.289
0,5403.634,-4534.195,-1136.011
0,5404.634,-4534.888,-1136.732
0,5405.634,-4535.585,-1137.449
0,5406.634,-4536.286,-1138.161
0,5407.634,-4536.992,-1138.870
0,5408.634,-4537.697,-1139.579
0,5409.634,-4538.399,-1140.291
0,5410.634,-4539.097,-1141.007
0,5411.634,-4539.792,-1141.726
0,5412.633,-4540.483,-1142.449
0,5413.633,-4541.174,-1143.171
0,5414.633,-4541.869,-1143.890
0,5415.633,-4542.571,-1144.602
0,5416.633,-4543.280,-1145.307
0,5417.633,-4543.997,-1146.005
0,5418.633,-4544.719,-1146.696
0,5419.633,-4545.444,-1147.385
0,5420.633,-4546.164,-1148.079
0,5421.633,-4546.872,-1148.785
0,5422.633,-4547.563,-1149.507
0,5423.633,-4548.241,-1150.242
0,5424.633,-4548.910,-1150.985
0,5425.633,-4549.578,-1151.730
0,5426.633,-4550.248,-1152.472
0,5427.632,-4550.926,-1153.206
0,5428.632,-4551.612,-1153.935
0,5429.632,-4552.298,-1154.662
0,5430.632,-4552.981,-1155.393
0,5431.632,-4553.659,-1156.127
0,5432.632,-4554.337,-1156.862
0,5433.632,-4555.021,-1157.592
0,5434.632,-4555.714,-1158.312
0,5435.632,-4556.423,-1159.017
0,5436.632,-4557.152,-1159.701
0,5437.632,-4557.902,-1160.362
0,5438.632,-4558.673,-1160.999
0,5439.632,-4559.460,-1161.616
0,5440.632,-4560.257,-1162.219
0,5441.631,-4561.066,-1162.807
0,5442.631,-4561.889,-1163.374
0,5443.631,-4562.732,-1163.912
0,5444.631,-4563.599,-1164.410
0,5445.631,-4564.491,-1164.861
0,5446.631,-4565.406,-1165.265
0,5447.631,-4566.337,-1165.628
0,5448.631,-4567.273,-1165.980
0,5449.631,-4568.209,-1166.331
0,5450.631,-4569.144,-1166.687
0,5451.631,-4570.074,-1167.054
0,5452.631,-4570.999,-1167.434
0,5453.631,-4571.918,-1167.827
0,5454.631,-4572.836,-1168.225
0,5455.631,-4573.753,-1168.623
0,5456.630,-4574.676,-1169.007
0,5457.630,-4575.594,-1169.405
0,5458.630,-4576.502,-1169.823
0,5459.630,-4577.394,-1170.273
0,5460.630,-4578.267,-1170.760
0,5461.630,-4579.117,-1171.286
0,5462.630,-4579.941,-1171.852
0,5463.630,-4580.727,-1172.471
0,5464.630,-4581.475,-1173.134
0,5465.630,-4582.207,-1173.814
0,5466.630,-4582.931,-1174.505
0,5467.630,-4583.640,-1175.210
0,5468.630,-4584.327,-1175.936
0,5469.630,-4584.991,-1176.684
0,5470.630,-4585.626,-1177.456
0,5471.629,-4586.229,-1178.253
0,5472.629,-4586.794,-1179.077
0,5473.629,-4587.355,-1179.906
0,5474.629,-4587.926,-1180.726
0,5475.629,-4588.507,-1181.540
0,5476.629,-4589.096,-1182.348
0,5477.629,-4589.694,-1183.149
0,5478.629,-4590.301,-1183.944
0,5479.629,-4590.916,-1184.732
0,5480.629,-4591.542,-1185.513
0,5481.629,-4592.174,-1186.287
0,5482.629,-4592.812,-1187.057
0,5483.629,-4593.457,-1187.821
0,5484.629,-4594.110,-1188.578
0,5485.629,-4594.774,-1189.327
0,5486.628,-4595.447,-1190.066
0,5487.628,-4596.127,-1190.799
0,5488.628,-4596.812,-1191.528
0,5489.628,-4597.502,-1192.251
0,5490.628,-4598.199,-1192.968
0,5491.628,-4598.907,-1193.674
0,5492.628,-4599.626,-1194.369
0,5493.628,-4600.357,-1195.051
0,5494.628,-4601.097,-1195.724
0,5495.628,-4601.845,-1196.387
0,5496.628,-4602.604,-1197.038
0,5497.628,-4603.372,-1197.678
0,5498.628,-4604.147,-1198.310
0,5499.628,-4604.929,-1198.934
0,5500.627,-4605.718,-1199.548
0,5501.627,-4606.520,-1200.144
0,5502.627,-4607.337,-1200.721
0,5503.627,-4608.164,-1201.283
0,5504.627,-4608.995,-1201.839
0,5505.627,-4609.829,-1202.391
0,5506.627,-4610.663,-1202.943
0,5507.627,-4611.499,-1203.491
0,5508.627,-4612.337,-1204.037
1,0.000,-4600.060,-1208.909
1,1.000,-4599.365,-1208.190
1,2.000,-4598.670,-1207.471
1,2.999,-4597.976,-1206.752
1,3.999,-4597.282,-1206.032
1,4.999,-4596.588,-1205.312
1,5.999,-4595.895,-1204.592
1,6.999,-4595.201,-1203.872
1,7.999,-4594.506,-1203.152
1,8.998,-4593.813,-1202.432
1,9.998,-4593.122,-1201.710
1,10.998,-4592.430,-1200.988
1,11.998,-4591.737,-1200.267
1,12.998,-4591.042,-1199.549
1,13.997,-4590.347,-1198.830
1,14.997,-4589.651,-1198.112
1,15.997,-4588.956,-1197.394
1,16.997,-4588.260,-1196.675
1,17.997,-4587.566,-1195.956
1,18.997,-4586.870,-1195.238
1,19.996,-4586.174,-1194.520
1,20.996,-4585.478,-1193.802
1,21.996,-4584.782,-1193.084
1,22.996,-4584.087,-1192.365
1,23.996,-4583.391,-1191.648
1,24.995,-4582.694,-1190.931
1,25.995,-4581.996,-1190.215
1,26.995,-4581.299,-1189.499
1,27.995,-4580.603,-1188.781
1,28.995,-4579.904,-1188.066
1,29.995,-4579.206,-1187.350
1,30.994,-4578.506,-1186.636
1,31.994,-4577.807,-1185.922
1,32.994,-4577.110,-1185.205
1,33.994,-4576.414,-1184.487
1,34.994,-4575.719,-1183.768
1,35.993,-4575.023,-1183.050
1,36.993,-4574.326,-1182.333
1,37.993,-4573.628,-1181.617
1,38.993,-4572.931,-1180.901
1,39.993,-4572.235,-1180.183
1,40.993,-4571.540,-1179.464
1,41.992,-4570.847,-1178.743
1,42.992,-4570.154,-1178.023
1,43.992,-4569.463,-1177.300
1,44.992,-4568.773,-1176.577
1,45.992,-4568.083,-1175.854
1,46.991,-4567.391,-1175.132
1,47.991,-4566.697,-1174.412
1,48.991,-4566.001,-1173.694
1,49.991,-4565.305,-1172.976
1,50.991,-4564.609,-1172.258
1,51.991,-4563.913,-1171.540
1,52.990,-4563.217,-1170.823
1,53.990,-4562.521,-1170.105
1,54.990,-4561.823,-1169.389
1,55.990,-4561.125,-1168.673
1,56.990,-4560.427,-1167.957
1,57.989,-4559.728,-1167.242
1,58.989,-4559.029,-1166.528
1,59.989,-4558.328,-1165.815
1,60.989,-4557.625,-1165.104
1,61.989,-4556.922,-1164.393
1,62.989,-4556.221,-1163.680
1,63.988,-4555.523,-1162.964
1,64.988,-4554.827,-1162.247
1,65.988,-4554.132,-1161.528
1,66.988,-4553.439,-1160.807
1,67.988,-4552.748,-1160.084
1,68.987,-4552.058,-1159.361
1,69.987,-4551.369,-1158.636
1,70.987,-4550.679,-1157.912
1,71.987,-4549.987,-1157.191
1,72.987,-4549.291,-1156.473
1,73.986,-4548.592,-1155.759
1,74.986,-4547.894,-1155.043
1,75.986,-4547.197,-1154.326
1,76.986,-4546.502,-1153.607
1,77.986,-4545.805,-1152.890
1,78.986,-4545.108,-1152.173
1,79.985,-4544.407,-1151.461
1,80.985,-4543.703,-1150.751
1,81.985,-4542.998,-1150.041
1,82.985,-4542.295,-1149.330
1,83.985,-4541.593,-1148.619
1,84.984,-4540.892,-1147.906
1,85.984,-4540.189,-1147.195
1,86.984,-4539.486,-1146.484
1,87.984,-4538.785,-1145.771
1,88.984,-4538.089,-1145.053
1,89.984,-4537.395,-1144.333
1,90.983,-4536.701,-1143.613
1,91.983,-4536.009,-1142.892
1,92.983,-4535.317,-1142.170
1,93.983,-4534.624,-1141.450
1,94.983,-4533.929,-1140.731
1,95.982,-4533.234,-1140.013
1,96.982,-4532.539,-1139.293
1,97.982,-4531.842,-1138.577
1,98.982,-4531.141,-1137.864
1,99.982,-4530.437,-1137.154
1,100.982,-4529.733,-1136.444
1,101.981,-4529.034,-1135.729
1,102.981,-4528.337,-1135.012
1,103.981,-4527.640,-1134.295
1,104.981,-4526.945,-1133.577
1,105.981,-4526.256,-1132.852
1,106.980,-4525.570,-1132.125
1,107.980,-4524.889,-1131.393
1,108.980,-4524.212,-1130.657
1,109.980,-4523.543,-1129.914
1,110.980,-4522.881,-1129.165
1,111.980,-4522.217,-1128.418
1,112.979,-4521.551,-1127.671
1,113.979,-4520.884,-1126.927
1,114.979,-4520.214,-1126.185
1,115.979,-4519.539,-1125.447
1,116.979,-4518.853,-1124.720
1,117.978,-4518.153,-1124.006
1,118.978,-4517.431,-1123.314
1,119.978,-4516.682,-1122.652
1,120.978,-4515.906,-1122.022
1,121.978,-4515.104,-1121.424
1,122.978,-4514.276,-1120.864
1,123.977,-4513.427,-1120.336
1,124.977,-4512.555,-1119.847
1,125.977,-4511.662,-1119.397
1,126.977,-4510.754,-1118.979
1,127.977,-4509.834,-1118.586
1,128.976,-4508.907,-1118.212
1,129.976,-4507.973,-1117.855
1,130.976,-4507.032,-1117.519
1,131.976,-4506.082,-1117.206
1,132.976,-4505.126,-1116.914
1,133.976,-4504.164,-1116.640
1,134.975,-4503.198,-1116.384
1,135.975,-4502.228,-1116.143
1,136.975,-4501.253,-1115.920
1,137.975,-4500.274,-1115.718
1,138.975,-4499.289,-1115.543
1,139.974,-4498.301,-1115.393
1,140.974,-4497.309,-1115.269
1,141.974,-4496.315,-1115.164
1,142.974,-4495.319,-1115.074
1,143.974,-4494.321,-1115.003
1,144.974,-4493.323,-1114.949
1,145.973,-4492.324,-1114.919
1,146.973,-4491.324,-1114.912
1,147.973,-4490.324,-1114.926
1,148.973,-4489.325,-1114.957
1,149.973,-4488.326,-1115.003
1,150.972,-4487.328,-1115.069
1,151.972,-4486.333,-1115.162
1,152.972,-4485.341,-1115.289
1,153.972,-4484.354,-1115.449
1,154.972,-4483.372,-1115.637
1,155.972,-4482.395,-1115.849
1,156.971,-4481.424,-1116.085
1,157.971,-4480.459,-1116.347
1,158.971,-4479.501,-1116.634
1,159.971,-4478.550,-1116.944
1,160.971,-4477.605,-1117.268
1,161.970,-4476.662,-1117.601
1,162.970,-4475.721,-1117.939
1,163.970,-4474.782,-1118.281
1,164.970,-4473.845,-1118.632
1,165.970,-4472.912,-1118.990
1,166.970,-4471.980,-1119.352
1,167.969,-4471.048,-1119.714
1,168.969,-4470.115,-1120.073
1,169.969,-4469.180,-1120.427
1,170.969,-4468.245,-1120.781
1,171.969,-4467.310,-1121.137
1,172.968,-4466.376,-1121.493
1,173.968,-4465.441,-1121.848
1,174.968,-4464.507,-1122.204
1,175.968,-4463.572,-1122.558
1,176.968,-4462.636,-1122.909
1,177.968,-4461.699,-1123.258
1,178.967,-4460.761,-1123.606
1,179.967,-4459.824,-1123.953
1,180.967,-4458.886,-1124.299
1,181.967,-4457.948,-1124.646
1,182.967,-4457.011,-1124.993
1,183.966,-4456.074,-1125.343
1,184.966,-4455.139,-1125.696
1,185.966,-4454.204,-1126.051
1,186.966,-4453.270,-1126.408
1,187.966,-4452.337,-1126.766
1,188.966,-4451.403,-1127.125
1,189.965,-4450.469,-1127.482
1,190.965,-4449.534,-1127.836
1,191.965,-4448.598,-1128.188
1,192.965,-4447.662,-1128.539
1,193.965,-4446.727,-1128.892
1,194.964,-4445.792,-1129.246
1,195.964,-4444.858,-1129.603
1,196.964,-4443.924,-1129.960
1,197.964,-4442.990,-1130.317
1,198.964,-4442.056,-1130.673
1,199.963,-4441.122,-1131.029
1,200.963,-4440.188,-1131.386
1,201.963,-4439.254,-1131.743
1,202.963,-4438.320,-1132.099
1,203.963,-4437.385,-1132.455
1,204.963,-4436.450,-1132.809
1,205.962,-4435.514,-1133.161
1,206.962,-4434.579,-1133.513
1,207.962,-4433.643,-1133.865
1,208.962,-4432.707,-1134.217
1,209.962,-4431.772,-1134.571
1,210.961,-4430.836,-1134.924
1,211.961,-4429.901,-1135.278
1,212.961,-4428.966,-1135.632
1,213.961,-4428.031,-1135.986
1,214.961,-4427.096,-1136.338
1,215.961,-4426.159,-1136.688
1,216.960,-4425.222,-1137.036
1,217.960,-4424.284,-1137.384
1,218.960,-4423.347,-1137.733
1,219.960,-4422.411,-1138.083
1,220.960,-4421.475,-1138.435
1,221.959,-4420.540,-1138.789
1,222.959,-4419.605,-1139.144
1,223.959,-4418.671,-1139.499
1,224.959,-4417.735,-1139.852
1,225.959,-4416.800,-1140.207
1,226.959,-4415.866,-1140.561
1,227.958,-4414.931,-1140.917
1,228.958,-4413.997,-1141.273
1,229.958,-4413.063,-1141.629
1,230.958,-4412.129,-1141.986
1,231.958,-4411.196,-1142.345
1,232.957,-4410.262,-1142.703
1,233.957,-4409.328,-1143.061
1,234.957,-4408.395,-1143.419
1,235.957,-4407.461,-1143.775
1,236.957,-4406.526,-1144.131
1,237.957,-4405.592,-1144.486
1,238.956,-4404.657,-1144.841
1,239.956,-4403.722,-1145.194
1,240.956,-4402.786,-1145.548
1,241.956,-4401.851,-1145.901
1,242.956,-4400.916,-1146.254
1,243.955,-4399.980,-1146.607
1,244.955,-4399.045,-1146.961
1,245.955,-4398.110,-1147.315
1,246.955,-4397.175,-1147.668
1,247.955,-4396.240,-1148.022
1,248.955,-4395.305,-1148.377
1,249.954,-4394.370,-1148.732
1,250.954,-4393.436,-1149.088
1,251.954,-4392.501,-1149.443
1,252.954,-4391.567,-1149.799
1,253.954,-4390.633,-1150.155
1,254.953,-4389.699,-1150.513
1,255.953,-4388.766,-1150.870
1,256.953,-4387.832,-1151.228
1,257.953,-4386.898,-1151.584
1,258.953,-4385.963,-1151.939
1,259.953,-4385.027,-1152.291
1,260.952,-4384.091,-1152.643
1,261.952,-4383.155,-1152.993
1,262.952,-4382.218,-1153.342
1,263.952,-4381.281,-1153.691
1,264.952,-4380.344,-1154.040
1,265.951,-4379.408,-1154.391
1,266.951,-4378.473,-1154.745
1,267.951,-4377.538,-1155.100
1,268.951,-4376.604,-1155.456
1,269.951,-4375.670,-1155.813
1,270.951,-4374.736,-1156.169
1,271.950,-4373.801,-1156.524
1,272.950,-4372.866,-1156.879
1,273.950,-4371.931,-1157.233
1,274.950,-4370.996,-1157.588
1,275.950,-4370.062,-1157.943
1,276.949,-4369.127,-1158.298
1,277.949,-4368.193,-1158.654
1,278.949,-4367.258,-1159.009
1,279.949,-4366.323,-1159.363
1,280.949,-4365.388,-1159.718
1,281.949,-4364.453,-1160.072
1,282.948,-4363.518,-1160.425
1,283.948,-4362.583,-1160.779
1,284.948,-4361.648,-1161.133
1,285.948,-4360.712,-1161.485
1,286.948,-4359.776,-1161.837
1,287.947,-4358.840,-1162.188
1,288.947,-4357.904,-1162.539
1,289.947,-4356.968,-1162.890
1,290.947,-4356.032,-1163.242
1,291.947,-4355.096,-1163.593
1,292.947,-4354.160,-1163.944
1,293.946,-4353.224,-1164.296
1,294.946,-4352.287,-1164.647
1,295.946,-4351.352,-1164.999
1,296.946,-4350.417,-1165.353
1,297.946,-4349.483,-1165.710
1,298.945,-4348.549,-1166.068
1,299.945,-4347.616,-1166.426
1,300.945,-4346.682,-1166.783
1,301.945,-4345.748,-1167.140
1,302.945,-4344.813,-1167.494
1,303.945,-4343.877,-1167.847
1,304.944,-4342.941,-1168.197
1,305.944,-4342.004,-1168.545
1,306.944,-4341.066,-1168.893
1,307.944,-4340.128,-1169.239
1,308.944,-4339.190,-1169.584
1,309.943,-4338.252,-1169.929
1,310.943,-4337.314,-1170.276
1,311.943,-4336.377,-1170.624
1,312.943,-4335.441,-1170.977
1,313.943,-4334.506,-1171.332
1,314.943,-4333.573,-1171.690
1,315.942,-4332.640,-1172.050
1,316.942,-4331.708,-1172.411
1,317.942,-4330.775,-1172.772
1,318.942,-4329.844,-1173.134
1,319.942,-4328.912,-1173.497
1,320.941,-4327.980,-1173.859
1,321.941,-4327.046,-1174.216
1,322.941,-4326.111,-1174.571
1,323.941,-4325.176,-1174.925
1,324.941,-4324.241,-1175.277
1,325.941,-4323.305,-1175.630
1,326.940,-4322.369,-1175.981
1,327.940,-4321.433,-1176.333
1,328.940,-4320.497,-1176.684
1,329.940,-4319.561,-1177.035
1,330.940,-4318.625,-1177.387
1,331.939,-4317.690,-1177.741
1,332.939,-4316.756,-1178.098
1,333.939,-4315.822,-1178.455
1,334.939,-4314.888,-1178.813
1,335.939,-4313.955,-1179.170
1,336.938,-4313.020,-1179.526
1,337.938,-4312.085,-1179.881
1,338.938,-4311.150,-1180.234
1,339.938,-4310.214,-1180.586
1,340.938,-4309.278,-1180.937
1,341.938,-4308.342,-1181.287
1,342.937,-4307.406,-1181.639
1,343.937,-4306.470,-1181.991
1,344.937,-4305.535,-1182.346
1,345.937,-4304.601,-1182.701
1,346.937,-4303.667,-1183.058
1,347.936,-4302.733,-1183.415
1,348.936,-4301.798,-1183.771
1,349.936,-4300.864,-1184.126
1,350.936,-4299.928,-1184.479
1,351.936,-4298.993,-1184.833
1,352.936,-4298.058,-1185.187
1,353.935,-4297.123,-1185.540
1,354.935,-4296.188,-1185.896
1,355.935,-4295.254,-1186.251
1,356.935,-4294.320,-1186.608
1,357.935,-4293.386,-1186.966
1,358.934,-4292.453,-1187.323
1,359.934,-4291.519,-1187.680
1,360.934,-4290.584,-1188.036
1,361.934,-4289.650,-1188.391
1,362.934,-4288.714,-1188.743
1,363.934,-4287.777,-1189.093
1,364.933,-4286.841,-1189.443
1,365.933,-4285.905,-1189.794
1,366.933,-4284.969,-1190.146
1,367.933,-4284.034,-1190.500
1,368.933,-4283.099,-1190.855
1,369.932,-4282.165,-1191.212
1,370.932,-4281.232,-1191.570
1,371.932,-4280.298,-1191.928
1,372.932,-4279.364,-1192.285
1,373.932,-4278.430,-1192.642
1,374.932,-4277.495,-1192.995
1,375.931,-4276.559,-1193.347
1,376.931,-4275.623,-1193.699
1,377.931,-4274.687,-1194.051
1,378.931,-4273.751,-1194.402
1,379.931,-4272.815,-1194.752
1,380.930,-4271.878,-1195.102
1,381.930,-4270.942,-1195.453
1,382.930,-4270.006,-1195.804
1,383.930,-4269.070,-1196.157
1,384.930,-4268.136,-1196.513
1,385.930,-4267.202,-1196.871
1,386.929,-4266.269,-1197.230
1,387.929,-4265.337,-1197.591
1,388.929,-4264.404,-1197.950
1,389.929,-4263.471,-1198.310
1,390.929,-4262.538,-1198.668
1,391.928,-4261.603,-1199.024
1,392.928,-4260.669,-1199.379
1,393.928,-4259.733,-1199.733
1,394.928,-4258.798,-1200.084
1,395.928,-4257.862,-1200.436
1,396.928,-4256.925,-1200.787
1,397.927,-4255.990,-1201.139
1,398.927,-4255.055,-1201.494
1,399.927,-4254.121,-1201.850
1,400.927,-4253.187,-1202.207
1,401.927,-4252.252,-1202.563
1,402.926,-4251.318,-1202.918
1,403.926,-4250.383,-1203.271
1,404.926,-4249.447,-1203.624
1,405.926,-4248.510,-1203.974
1,406.926,-4247.574,-1204.324
1,407.926,-4246.637,-1204.673
1,408.925,-4245.701,-1205.024
1,409.925,-4244.766,-1205.378
1,410.925,-4243.831,-1205.733
1,411.925,-4242.897,-1206.091
1,412.925,-4241.964,-1206.449
1,413.924,-4241.030,-1206.806
1,414.924,-4240.095,-1207.161
1,415.924,-4239.161,-1207.516
1,416.924,-4238.226,-1207.872
1,417.924,-4237.291,-1208.226
1,418.924,-4236.356,-1208.580
1,419.923,-4235.421,-1208.934
1,420.923,-4234.486,-1209.288
1,421.923,-4233.551,-1209.643
1,422.923,-4232.616,-1209.996
1,423.923,-4231.680,-1210.348
1,424.922,-4230.744,-1210.700
1,425.922,-4229.808,-1211.050
1,426.922,-4228.872,-1211.402
1,427.922,-4227.936,-1211.755
1,428.922,-4227.001,-1212.108
1,429.922,-4226.066,-1212.463
1,430.921,-4225.132,-1212.817
1,431.921,-4224.196,-1213.170
1,432.921,-4223.260,-1213.522
1,433.921,-4222.324,-1213.872
1,434.921,-4221.388,-1214.223
1,435.920,-4220.452,-1214.575
1,436.920,-4219.516,-1214.928
1,437.920,-4218.581,-1215.282
1,438.920,-4217.647,-1215.638
1,439.920,-4216.712,-1215.993
1,440.920,-4215.777,-1216.346
1,441.919,-4214.841,-1216.698
1,442.919,-4213.905,-1217.050
1,443.919,-4212.970,-1217.402
1,444.919,-4212.034,-1217.756
1,445.919,-4211.100,-1218.112
1,446.918,-4210.167,-1218.470
1,447.918,-4209.234,-1218.831
1,448.918,-4208.302,-1219.192
1,449.918,-4207.369,-1219.552
1,450.918,-4206.436,-1219.910
1,451.918,-4205.502,-1220.268
1,452.917,-4204.568,-1220.625
1,453.917,-4203.634,-1220.980
1,454.917,-4202.699,-1221.336
1,455.917,-4201.765,-1221.692
1,456.917,-4200.830,-1222.048
1,457.916,-4199.895,-1222.401
1,458.916,-4198.959,-1222.753
1,459.916,-4198.024,-1223.106
1,460.916,-4197.089,-1223.460
1,461.916,-4196.153,-1223.813
1,462.915,-4195.219,-1224.167
1,463.915,-4194.284,-1224.522
1,464.915,-4193.348,-1224.875
1,465.915,-4192.413,-1225.228
1,466.915,-4191.477,-1225.580
1,467.915,-4190.541,-1225.932
1,468.914,-4189.606,-1226.284
1,469.914,-4188.670,-1226.637
1,470.914,-4187.735,-1226.992
1,471.914,-4186.801,-1227.348
1,472.914,-4185.867,-1227.705
1,473.913,-4184.934,-1228.063
1,474.913,-4183.999,-1228.418
1,475.913,-4183.064,-1228.773
1,476.913,-4182.129,-1229.127
1,477.913,-4181.194,-1229.480
1,478.913,-4180.258,-1229.832
1,479.912,-4179.323,-1230.185
1,480.912,-4178.387,-1230.537
1,481.912,-4177.451,-1230.890
1,482.912,-4176.516,-1231.242
1,483.912,-4175.580,-1231.594
1,484.911,-4174.644,-1231.946
1,485.911,-4173.709,-1232.300
1,486.911,-4172.774,-1232.655
1,487.911,-4171.841,-1233.013
1,488.911,-4170.907,-1233.371
1,489.911,-4169.974,-1233.729
1,490.910,-4169.040,-1234.088
1,491.910,-4168.107,-1234.446
1,492.910,-4167.173,-1234.804
1,493.910,-4166.240,-1235.162
1,494.910,-4165.306,-1235.518
1,495.909,-4164.371,-1235.873
1,496.909,-4163.436,-1236.227
1,497.909,-4162.501,-1236.581
1,498.909,-4161.565,-1236.933
1,499.909,-4160.629,-1237.285
1,500.909,-4159.692,-1237.634
1,501.908,-4158.756,-1237.984
1,502.908,-4157.820,-1238.335
1,503.908,-4156.885,-1238.689
1,504.908,-4155.950,-1239.044
1,505.908,-4155.016,-1239.401
1,506.907,-4154.082,-1239.758
1,507.907,-4153.147,-1240.113
1,508.907,-4152.212,-1240.466
1,509.907,-4151.276,-1240.817
1,510.907,-4150.340,-1241.169
1,511.907,-4149.404,-1241.520
1,512.906,-4148.467,-1241.871
1,513.906,-4147.532,-1242.223
1,514.906,-4146.597,-1242.577
1,515.906,-4145.662,-1242.933
1,516.906,-4144.728,-1243.289
1,517.905,-4143.793,-1243.644
1,518.905,-4142.858,-1243.998
1,519.905,-4141.922,-1244.350
1,520.905,-4140.985,-1244.698
1,521.905,-4140.047,-1245.043
1,522.905,-4139.108,-1245.386
1,523.904,-4138.168,-1245.728
1,524.904,-4137.229,-1246.071
1,525.904,-4136.290,-1246.415
1,526.904,-4135.352,-1246.761
1,527.904,-4134.416,-1247.111
1,528.903,-4133.480,-1247.464
1,529.903,-4132.546,-1247.819
1,530.903,-4131.612,-1248.176
1,531.903,-4130.678,-1248.534
1,532.903,-4129.745,-1248.894
1,533.903,-4128.812,-1249.253
1,534.902,-4127.878,-1249.610
1,535.902,-4126.944,-1249.966
1,536.902,-4126.009,-1250.319
1,537.902,-4125.073,-1250.670
1,538.902,-4124.136,-1251.020
1,539.901,-4123.200,-1251.371
1,540.901,-4122.264,-1251.724
1,541.901,-4121.329,-1252.077
1,542.901,-4120.394,-1252.431
1,543.901,-4119.459,-1252.787
1,544.901,-4118.526,-1253.145
1,545.900,-4117.593,-1253.504
1,546.900,-4116.661,-1253.866
1,547.900,-4115.730,-1254.231
1,548.900,-4114.800,-1254.598
1,549.900,-4113.871,-1254.967
1,550.899,-4112.943,-1255.338
1,551.899,-4112.015,-1255.710
1,552.899,-4111.086,-1256.082
1,553.899,-4110.157,-1256.450
1,554.899,-4109.226,-1256.815
1,555.899,-4108.293,-1257.174
1,556.898,-4107.358,-1257.528
1,557.898,-4106.421,-1257.877
1,558.898,-4105.482,-1258.222
1,559.898,-4104.543,-1258.564
1,560.898,-4103.602,-1258.903
1,561.897,-4102.661,-1259.241
1,562.897,-4101.719,-1259.576
1,563.897,-4100.776,-1259.907
1,564.897,-4099.831,-1260.234
1,565.897,-4098.885,-1260.558
1,566.897,-4097.938,-1260.879
1,567.896,-4096.991,-1261.199
1,568.896,-4096.044,-1261.518
1,569.896,-4095.096,-1261.836
1,570.896,-4094.147,-1262.151
1,571.896,-4093.197,-1262.465
1,572.895,-4092.248,-1262.778
1,573.895,-4091.298,-1263.091
1,574.895,-4090.348,-1263.400
1,575.895,-4089.396,-1263.707
1,576.895,-4088.442,-1264.008
1,577.895,-4087.488,-1264.305
1,578.894,-4086.532,-1264.599
1,579.894,-4085.575,-1264.889
1,580.894,-4084.617,-1265.174
1,581.894,-4083.658,-1265.455
1,582.894,-4082.696,-1265.729
1,583.893,-4081.733,-1265.996
1,584.893,-4080.768,-1266.260
1,585.893,-4079.803,-1266.521
1,586.893,-4078.837,-1266.781
1,587.893,-4077.871,-1267.035
1,588.893,-4076.902,-1267.284
1,589.892,-4075.933,-1267.529
1,590.892,-4074.963,-1267.771
1,591.892,-4073.992,-1268.010
1,592.892,-4073.020,-1268.246
1,593.892,-4072.047,-1268.476
1,594.891,-4071.073,-1268.699
1,595.891,-4070.097,-1268.915
1,596.891,-4069.120,-1269.127
1,597.891,-4068.141,-1269.334
1,598.891,-4067.163,-1269.540
1,599.890,-4066.184,-1269.742
1,600.890,-4065.204,-1269.943
1,601.890,-4064.224,-1270.141
1,602.890,-4063.244,-1270.338
1,603.890,-4062.264,-1270.533
1,604.890,-4061.283,-1270.727
1,605.889,-4060.301,-1270.918
1,606.889,-4059.319,-1271.104
1,607.889,-4058.336,-1271.285
1,608.889,-4057.352,-1271.462
1,609.889,-4056.367,-1271.635
1,610.888,-4055.382,-1271.806
1,611.888,-4054.397,-1271.976
1,612.888,-4053.411,-1272.145
1,613.888,-4052.425,-1272.312
1,614.888,-4051.440,-1272.480
1,615.888,-4050.454,-1272.647
1,616.887,-4049.468,-1272.813
1,617.887,-4048.482,-1272.979
1,618.887,-4047.495,-1273.138
1,619.887,-4046.506,-1273.286
1,620.887,-4045.516,-1273.425
1,621.886,-4044.526,-1273.561
1,622.886,-4043.535,-1273.699
1,623.886,-4042.545,-1273.839
1,624.886,-4041.556,-1273.981
1,625.886,-4040.565,-1274.119
1,626.886,-4039.574,-1274.251
1,627.885,-4038.582,-1274.376
1,628.885,-4037.590,-1274.494
1,629.885,-4036.596,-1274.605
1,630.885,-4035.601,-1274.706
1,631.885,-4034.606,-1274.800
1,632.884,-4033.610,-1274.886
1,633.884,-4032.613,-1274.970
1,634.884,-4031.617,-1275.056
1,635.884,-4030.621,-1275.144
1,636.884,-4029.625,-1275.231
1,637.884,-4028.629,-1275.314
1,638.883,-4027.632,-1275.392
1,639.883,-4026.635,-1275.467
1,640.883,-4025.638,-1275.539
1,641.883,-4024.641,-1275.608
1,642.883,-4023.643,-1275.670
1,643.882,-4022.644,-1275.724
1,644.882,-4021.646,-1275.772
1,645.882,-4020.647,-1275.815
1,646.882,-4019.648,-1275.852
1,647.882,-4018.648,-1275.887
1,648.882,-4017.649,-1275.917
1,649.881,-4016.650,-1275.944
1,650.881,-4015.650,-1275.966
1,651.881,-4014.650,-1275.986
1,652.881,-4013.651,-1276.002
1,653.881,-4012.651,-1276.016
1,654.880,-4011.651,-1276.028
1,655.880,-4010.651,-1276.039
1,656.880,-4009.652,-1276.047
1,657.880,-4008.652,-1276.056
1,658.880,-4007.652,-1276.063
1,659.880,-4006.652,-1276.070
1,660.879,-4005.653,-1276.077
1,661.879,-4004.653,-1276.085
1,662.879,-4003.653,-1276.091
1,663.879,-4002.653,-1276.095
1,664.879,-4001.653,-1276.096
1,665.878,-4000.654,-1276.092
1,666.878,-3999.654,-1276.084
1,667.878,-3998.654,-1276.073
1,668.878,-3997.654,-1276.060
1,669.878,-3996.655,-1276.044
1,670.878,-3995.655,-1276.026
1,671.877,-3994.655,-1276.006
1,672.877,-3993.656,-1275.984
1,673.877,-3992.656,-1275.960
1,674.877,-3991.657,-1275.936
1,675.877,-3990.657,-1275.911
1,676.876,-3989.658,-1275.884
1,677.876,-3988.658,-1275.852
1,678.876,-3987.659,-1275.818
1,679.876,-3986.660,-1275.778
1,680.876,-3985.661,-1275.737
1,681.876,-3984.662,-1275.691
1,682.875,-3983.664,-1275.642
1,683.875,-3982.665,-1275.588
1,684.875,-3981.667,-1275.529
1,685.875,-3980.669,-1275.468
1,686.875,-3979.671,-1275.406
1,687.874,-3978.674,-1275.342
1,688.874,-3977.676,-1275.272
1,689.874,-3976.679,-1275.198
1,690.874,-3975.683,-1275.115
1,691.874,-3974.687,-1275.027
1,692.874,-3973.691,-1274.936
1,693.873,-3972.696,-1274.839
1,694.873,-3971.701,-1274.740
1,695.873,-3970.707,-1274.635
1,696.873,-3969.713,-1274.527
1,697.873,-3968.720,-1274.415
1,698.872,-3967.726,-1274.302
1,699.872,-3966.733,-1274.189
1,700.872,-3965.740,-1274.073
1,701.872,-3964.747,-1273.954
1,702.872,-3963.754,-1273.834
1,703.872,-3962.762,-1273.715
1,704.871,-3961.769,-1273.591
1,705.871,-3960.777,-1273.467
1,706.871,-3959.786,-1273.338
1,707.871,-3958.795,-1273.206
1,708.871,-3957.804,-1273.070
1,709.870,-3956.814,-1272.931
1,710.870,-3955.824,-1272.791
1,711.870,-3954.835,-1272.648
1,712.870,-3953.846,-1272.502
1,713.870,-3952.857,-1272.351
1,714.870,-3951.870,-1272.196
1,715.869,-3950.882,-1272.040
1,716.869,-3949.894,-1271.884
1,717.869,-3948.906,-1271.731
1,718.869,-3947.917,-1271.584
1,719.869,-3946.928,-1271.443
1,720.868,-3945.937,-1271.308
1,721.868,-3944.946,-1271.176
1,722.868,-3943.955,-1271.044
1,723.868,-3942.964,-1270.910
1,724.868,-3941.974,-1270.774
1,725.868,-3940.983,-1270.635
1,726.867,-3939.994,-1270.494
1,727.867,-3939.004,-1270.350
1,728.867,-3938.015,-1270.202
1,729.867,-3937.027,-1270.052
1,730.867,-3936.039,-1269.901
1,731.866,-3935.050,-1269.751
1,732.866,-3934.061,-1269.602
1,733.866,-3933.072,-1269.456
1,734.866,-3932.083,-1269.311
1,735.866,-3931.093,-1269.168
1,736.865,-3930.104,-1269.027
1,737.865,-3929.114,-1268.887
1,738.865,-3928.124,-1268.745
1,739.865,-3927.134,-1268.604
1,740.865,-3926.145,-1268.462
1,741.865,-3925.155,-1268.320
1,742.864,-3924.165,-1268.178
1,743.864,-3923.175,-1268.039
1,744.864,-3922.185,-1267.901
1,745.864,-3921.194,-1267.766
1,746.864,-3920.204,-1267.629
1,747.863,-3919.213,-1267.492
1,748.863,-3918.223,-1267.354
1,749.863,-3917.233,-1267.214
1,750.863,-3916.244,-1267.071
1,751.863,-3915.254,-1266.928
1,752.863,-3914.265,-1266.782
1,753.862,-3913.276,-1266.638
1,754.862,-3912.286,-1266.493
1,755.862,-3911.297,-1266.350
1,756.862,-3910.307,-1266.208
1,757.862,-3909.317,-1266.066
1,758.861,-3908.328,-1265.923
1,759.861,-3907.338,-1265.779
1,760.861,-3906.349,-1265.635
1,761.861,-3905.360,-1265.491
1,762.861,-3904.370,-1265.346
1,763.861,-3903.381,-1265.200
1,764.860,-3902.392,-1265.056
1,765.860,-3901.403,-1264.911
1,766.860,-3900.413,-1264.768
1,767.860,-3899.424,-1264.626
1,768.860,-3898.434,-1264.486
1,769.859,-3897.443,-1264.347
1,770.859,-3896.453,-1264.209
1,771.859,-3895.463,-1264.070
1,772.859,-3894.473,-1263.932
1,773.859,-3893.482,-1263.795
1,774.859,-3892.492,-1263.659
1,775.858,-3891.501,-1263.522
1,776.858,-3890.511,-1263.385
1,777.858,-3889.521,-1263.245
1,778.858,-3888.531,-1263.104
1,779.858,-3887.542,-1262.958
1,780.857,-3886.553,-1262.812
1,781.857,-3885.564,-1262.663
1,782.857,-3884.576,-1262.514
1,783.857,-3883.587,-1262.363
1,784.857,-3882.599,-1262.212
1,785.857,-3881.610,-1262.063
1,786.856,-3880.621,-1261.916
1,787.856,-3879.632,-1261.771
1,788.856,-3878.643,-1261.627
1,789.856,-3877.653,-1261.485
1,790.856,-3876.663,-1261.344
1,791.855,-3875.673,-1261.205
1,792.855,-3874.683,-1261.069
1,793.855,-3873.692,-1260.935
1,794.855,-3872.701,-1260.800
1,795.855,-3871.711,-1260.664
1,796.855,-3870.721,-1260.526
1,797.854,-3869.730,-1260.387
1,798.854,-3868.740,-1260.247
1,799.854,-3867.750,-1260.107
1,800.854,-3866.761,-1259.966
1,801.854,-3865.771,-1259.824
1,802.853,-3864.782,-1259.680
1,803.853,-3863.792,-1259.535
1,804.853,-3862.803,-1259.391
1,805.853,-3861.814,-1259.247
1,806.853,-3860.824,-1259.104
1,807.853,-3859.834,-1258.962
1,808.852,-3858.845,-1258.818
1,809.852,-3857.856,-1258.673
1,810.852,-3856.867,-1258.527
1,811.852,-3855.877,-1258.382
1,812.852,-3854.888,-1258.239
1,813.851,-3853.898,-1258.098
1,814.851,-3852.908,-1257.961
1,815.851,-3851.917,-1257.825
1,816.851,-3850.927,-1257.689
1,817.851,-3849.936,-1257.553
1,818.851,-3848.945,-1257.419
1,819.850,-3847.955,-1257.284
1,820.850,-3846.964,-1257.148
1,821.850,-3845.974,-1257.008
1,822.850,-3844.985,-1256.863
1,823.850,-3843.996,-1256.716
1,824.849,-3843.007,-1256.569
1,825.849,-3842.018,-1256.423
1,826.849,-3841.028,-1256.279
1,827.849,-3840.039,-1256.136
1,828.849,-3839.049,-1255.993
1,829.849,-3838.060,-1255.848
1,830.848,-3837.071,-1255.704
1,831.848,-3836.081,-1255.561
1,832.848,-3835.091,-1255.420
1,833.848,-3834.101,-1255.281
1,834.848,-3833.111,-1255.142
1,835.847,-3832.121,-1254.999
1,836.847,-3831.132,-1254.856
1,837.847,-3830.142,-1254.716
1,838.847,-3829.151,-1254.580
1,839.847,-3828.161,-1254.444
1,840.847,-3827.171,-1254.306
1,841.846,-3826.181,-1254.164
1,842.846,-3825.192,-1254.019
1,843.846,-3824.203,-1253.872
1,844.846,-3823.213,-1253.728
1,845.846,-3822.223,-1253.590
1,846.845,-3821.233,-1253.454
1,847.845,-3820.242,-1253.319
1,848.845,-3819.251,-1253.183
1,849.845,-3818.261,-1253.046
1,850.845,-3817.271,-1252.908
1,851.845,-3816.281,-1252.770
1,852.844,-3815.291,-1252.629
1,853.844,-3814.301,-1252.485
1,854.844,-3813.312,-1252.339
1,855.844,-3812.323,-1252.192
1,856.844,-3811.334,-1252.047
1,857.843,-3810.345,-1251.904
1,858.843,-3809.355,-1251.762
1,859.843,-3808.365,-1251.620
1,860.843,-3807.375,-1251.479
1,861.843,-3806.386,-1251.338
1,862.842,-3805.396,-1251.196
1,863.842,-3804.406,-1251.053
1,864.842,-3803.417,-1250.908
1,865.842,-3802.428,-1250.764
1,866.842,-3801.438,-1250.621
1,867.842,-3800.448,-1250.479
1,868.841,-3799.458,-1250.340
1,869.841,-3798.468,-1250.203
1,870.841,-3797.478,-1250.065
1,871.841,-3796.488,-1249.925
1,872.841,-3795.498,-1249.782
1,873.840,-3794.509,-1249.635
1,874.840,-3793.520,-1249.488
1,875.840,-3792.532,-1249.340
1,876.840,-3791.542,-1249.194
1,877.840,-3790.553,-1249.054
1,878.840,-3789.562,-1248.916
1,879.839,-3788.571,-1248.782
1,880.839,-3787.581,-1248.648
1,881.839,-3786.590,-1248.513
1,882.839,-3785.600,-1248.375
1,883.839,-3784.610,-1248.236
1,884.838,-3783.620,-1248.096
1,885.838,-3782.630,-1247.955
1,886.838,-3781.640,-1247.815
1,887.838,-3780.650,-1247.673
1,888.838,-3779.661,-1247.529
1,889.838,-3778.672,-1247.383
1,890.837,-3777.683,-1247.237
1,891.837,-3776.693,-1247.091
1,892.837,-3775.705,-1246.942
1,893.837,-3774.716,-1246.793
1,894.837,-3773.727,-1246.645
1,895.836,-3772.739,-1246.497
1,896.836,-3771.749,-1246.352
1,897.836,-3770.760,-1246.211
1,898.836,-3769.769,-1246.073
1,899.836,-3768.779,-1245.938
1,900.836,-3767.788,-1245.803
1,901.835,-3766.797,-1245.669
1,902.835,-3765.806,-1245.535
1,903.835,-3764.816,-1245.400
1,904.835,-3763.825,-1245.266
1,905.835,-3762.834,-1245.131
1,906.834,-3761.844,-1244.992
1,907.834,-3760.854,-1244.850
1,908.834,-3759.865,-1244.705
1,909.834,-3758.877,-1244.556
1,910.834,-3757.888,-1244.405
1,911.834,-3756.900,-1244.254
1,912.833,-3755.911,-1244.103
1,913.833,-3754.923,-1243.954
1,914.833,-3753.934,-1243.808
1,915.833,-3752.944,-1243.667
1,916.833,-3751.954,-1243.528
1,917.832,-3750.964,-1243.390
1,918.832,-3749.973,-1243.253
1,919.832,-3748.983,-1243.114
1,920.832,-3747.993,-1242.973
1,921.832,-3747.004,-1242.829
1,922.832,-3746.014,-1242.685
1,923.831,-3745.025,-1242.539
1,924.831,-3744.036,-1242.393
1,925.831,-3743.047,-1242.247
1,926.831,-3742.058,-1242.100
1,927.831,-3741.069,-1241.954
1,928.830,-3740.080,-1241.810
1,929.830,-3739.090,-1241.670
1,930.830,-3738.100,-1241.531
1,931.830,-3737.109,-1241.394
1,932.830,-3736.119,-1241.257
1,933.830,-3735.128,-1241.121
1,934.829,-3734.138,-1240.983
1,935.829,-3733.148,-1240.844
1,936.829,-3732.158,-1240.703
1,937.829,-3731.169,-1240.558
1,938.829,-3730.180,-1240.410
1,939.828,-3729.192,-1240.258
1,940.828,-3728.204,-1240.106
1,941.828,-3727.215,-1239.955
1,942.828,-3726.226,-1239.808
1,943.828,-3725.237,-1239.664
1,944.828,-3724.247,-1239.524
1,945.827,-3723.257,-1239.388
1,946.827,-3722.266,-1239.253
1,947.827,-3721.275,-1239.118
1,948.827,-3720.285,-1238.983
1,949.827,-3719.294,-1238.848
1,950.826,-3718.303,-1238.713
1,951.826,-3717.313,-1238.578
1,952.826,-3716.322,-1238.441
1,953.826,-3715.332,-1238.304
1,954.826,-3714.342,-1238.161
1,955.826,-3713.353,-1238.014
1,956.825,-3712.365,-1237.863
1,957.825,-3711.377,-1237.711
1,958.825,-3710.389,-1237.559
1,959.825,-3709.400,-1237.408
1,960.825,-3708.411,-1237.260
1,961.824,-3707.422,-1237.114
1,962.824,-3706.432,-1236.974
1,963.824,-3705.442,-1236.837
1,964.824,-3704.452,-1236.698
1,965.824,-3703.461,-1236.563
1,966.824,-3702.471,-1236.428
1,967.823,-3701.480,-1236.291
1,968.823,-3700.490,-1236.152
1,969.823,-3699.500,-1236.014
1,970.823,-3698.509,-1235.876
1,971.823,-3697.519,-1235.740
1,972.822,-3696.529,-1235.602
1,973.822,-3695.538,-1235.465
1,974.822,-3694.548,-1235.326
1,975.822,-3693.558,-1235.186
1,976.822,-3692.568,-1235.046
1,977.822,-3691.579,-1234.903
1,978.821,-3690.589,-1234.759
1,979.821,-3689.600,-1234.616
1,980.821,-3688.611,-1234.469
1,981.821,-3687.622,-1234.322
1,982.821,-3686.633,-1234.174
1,983.820,-3685.644,-1234.025
1,984.820,-3684.656,-1233.877
1,985.820,-3683.667,-1233.731
1,986.820,-3682.677,-1233.587
1,987.820,-3681.688,-1233.444
1,988.820,-3680.697,-1233.307
1,989.819,-3679.706,-1233.173
1,990.819,-3678.715,-1233.042
1,991.819,-3677.724,-1232.910
1,992.819,-3676.733,-1232.776
1,993.819,-3675.743,-1232.638
1,994.818,-3674.753,-1232.497
1,995.818,-3673.764,-1232.352
1,996.818,-3672.776,-1232.202
1,997.818,-3671.787,-1232.050
1,998.818,-3670.799,-1231.896
1,999.817,-3669.811,-1231.744
1,1000.817,-3668.823,-1231.592
1,1001.817,-3667.835,-1231.441
1,1002.817,-3666.846,-1231.294
1,1003.817,-3665.856,-1231.151
1,1004.817,-3664.866,-1231.010
1,1005.816,-3663.876,-1230.871
1,1006.816,-3662.886,-1230.733
1,1007.816,-3661.896,-1230.596
1,1008.816,-3660.905,-1230.458
1,1009.816,-3659.916,-1230.317
1,1010.815,-3658.926,-1230.174
1,1011.815,-3657.937,-1230.030
1,1012.815,-3656.947,-1229.885
1,1013.815,-3655.959,-1229.737
1,1014.815,-3654.970,-1229.586
1,1015.815,-3653.982,-1229.436
1,1016.814,-3652.993,-1229.287
1,1017.814,-3652.004,-1229.140
1,1018.814,-3651.015,-1228.996
1,1019.814,-3650.025,-1228.854
1,1020.814,-3649.035,-1228.713
1,1021.813,-3648.045,-1228.573
1,1022.813,-3647.055,-1228.432
1,1023.813,-3646.066,-1228.288
1,1024.813,-3645.077,-1228.141
1,1025.813,-3644.088,-1227.995
1,1026.813,-3643.099,-1227.847
1,1027.812,-3642.110,-1227.699
1,1028.812,-3641.121,-1227.552
1,1029.812,-3640.132,-1227.407
1,1030.812,-3639.143,-1227.262
1,1031.812,-3638.153,-1227.120
1,1032.811,-3637.163,-1226.981
1,1033.811,-3636.173,-1226.843
1,1034.811,-3635.183,-1226.705
1,1035.811,-3634.193,-1226.566
1,1036.811,-3633.203,-1226.427
1,1037.811,-3632.213,-1226.285
1,1038.810,-3631.223,-1226.145
1,1039.810,-3630.233,-1226.003
1,1040.810,-3629.244,-1225.860
1,1041.810,-3628.254,-1225.715
1,1042.810,-3627.265,-1225.569
1,1043.809,-3626.276,-1225.424
1,1044.809,-3625.287,-1225.279
1,1045.809,-3624.297,-1225.134
1,1046.809,-3623.308,-1224.990
1,1047.809,-3622.319,-1224.845
1,1048.809,-3621.330,-1224.701
1,1049.808,-3620.340,-1224.556
1,1050.808,-3619.351,-1224.411
1,1051.808,-3618.362,-1224.264
1,1052.808,-3617.373,-1224.117
1,1053.808,-3616.384,-1223.969
1,1054.807,-3615.395,-1223.822
1,1055.807,-3614.406,-1223.678
1,1056.807,-3613.416,-1223.536
1,1057.807,-3612.426,-1223.396
1,1058.807,-3611.436,-1223.260
1,1059.807,-3610.445,-1223.126
1,1060.806,-3609.454,-1222.994
1,1061.806,-3608.463,-1222.861
1,1062.806,-3607.472,-1222.727
1,1063.806,-3606.481,-1222.592
1,1064.806,-3605.491,-1222.457
1,1065.805,-3604.500,-1222.321
1,1066.805,-3603.510,-1222.183
1,1067.805,-3602.520,-1222.042
1,1068.805,-3601.531,-1221.898
1,1069.805,-3600.542,-1221.751
1,1070.805,-3599.554,-1221.599
1,1071.804,-3598.565,-1221.447
1,1072.804,-3597.578,-1221.293
1,1073.804,-3596.590,-1221.135
1,1074.804,-3595.604,-1220.972
1,1075.804,-3594.619,-1220.802
1,1076.803,-3593.634,-1220.626
1,1077.803,-3592.651,-1220.445
1,1078.803,-3591.669,-1220.258
1,1079.803,-3590.689,-1220.061
1,1080.803,-3589.710,-1219.857
1,1081.803,-3588.733,-1219.645
1,1082.802,-3587.758,-1219.423
1,1083.802,-3586.785,-1219.192
1,1084.802,-3585.814,-1218.956
1,1085.802,-3584.843,-1218.715
1,1086.802,-3583.874,-1218.468
1,1087.801,-3582.907,-1218.216
1,1088.801,-3581.942,-1217.956
1,1089.801,-3580.978,-1217.691
1,1090.801,-3580.015,-1217.422
1,1091.801,-3579.053,-1217.148
1,1092.801,-3578.093,-1216.870
1,1093.800,-3577.134,-1216.586
1,1094.800,-3576.176,-1216.299
1,1095.800,-3575.220,-1216.008
1,1096.800,-3574.264,-1215.713
1,1097.800,-3573.310,-1215.417
1,1098.799,-3572.356,-1215.116
1,1099.799,-3571.404,-1214.810
1,1100.799,-3570.455,-1214.497
1,1101.799,-3569.507,-1214.177
1,1102.799,-3568.563,-1213.849
1,1103.799,-3567.620,-1213.516
1,1104.798,-3566.681,-1213.173
1,1105.798,-3565.746,-1212.820
1,1106.798,-3564.813,-1212.459
1,1107.798,-3563.884,-1212.091
1,1108.798,-3562.956,-1211.717
1,1109.797,-3562.030,-1211.340
1,1110.797,-3561.106,-1210.960
1,1111.797,-3560.185,-1210.571
1,1112.797,-3559.267,-1210.174
1,1113.797,-3558.352,-1209.770
1,1114.797,-3557.440,-1209.362
1,1115.796,-3556.530,-1208.946
1,1116.796,-3555.625,-1208.523
1,1117.796,-3554.722,-1208.092
1,1118.796,-3553.824,-1207.654
1,1119.796,-3552.929,-1207.207
1,1120.795,-3552.038,-1206.753
1,1121.795,-3551.149,-1206.296
1,1122.795,-3550.263,-1205.833
1,1123.795,-3549.380,-1205.364
1,1124.795,-3548.500,-1204.889
1,1125.794,-3547.626,-1204.403
1,1126.794,-3546.755,-1203.913
1,1127.794,-3545.887,-1203.417
1,1128.794,-3545.021,-1202.916
1,1129.794,-3544.158,-1202.411
1,1130.794,-3543.298,-1201.902
1,1131.793,-3542.441,-1201.388
1,1132.793,-3541.585,-1200.871
1,1133.793,-3540.731,-1200.351
1,1134.793,-3539.877,-1199.830
1,1135.793,-3539.025,-1199.308
1,1136.792,-3538.175,-1198.781
1,1137.792,-3537.328,-1198.249
1,1138.792,-3536.485,-1197.713
1,1139.792,-3535.643,-1197.174
1,1140.792,-3534.802,-1196.633
1,1141.792,-3533.961,-1196.092
1,1142.791,-3533.120,-1195.551
1,1143.791,-3532.282,-1195.005
1,1144.791,-3531.448,-1194.455
1,1145.791,-3530.616,-1193.899
1,1146.791,-3529.788,-1193.340
1,1147.790,-3528.960,-1192.779
1,1148.790,-3528.133,-1192.217
1,1149.790,-3527.310,-1191.650
1,1150.790,-3526.489,-1191.079
1,1151.790,-3525.671,-1190.504
1,1152.790,-3524.856,-1189.924
1,1153.789,-3524.046,-1189.339
1,1154.789,-3523.241,-1188.746
1,1155.789,-3522.444,-1188.142
1,1156.789,-3521.653,-1187.530
1,1157.789,-3520.870,-1186.909
1,1158.788,-3520.091,-1186.282
1,1159.788,-3519.316,-1185.651
1,1160.788,-3518.543,-1185.016
1,1161.788,-3517.773,-1184.379
1,1162.788,-3517.005,-1183.738
1,1163.788,-3516.242,-1183.093
1,1164.787,-3515.480,-1182.445
1,1165.787,-3514.721,-1181.794
1,1166.787,-3513.965,-1181.140
1,1167.787,-3513.210,-1180.484
1,1168.787,-3512.456,-1179.828
1,1169.786,-3511.702,-1179.171
1,1170.786,-3510.949,-1178.514
1,1171.786,-3510.196,-1177.855
1,1172.786,-3509.443,-1177.198
1,1173.786,-3508.691,-1176.540
1,1174.786,-3507.940,-1175.879
1,1175.785,-3507.193,-1175.214
1,1176.785,-3506.452,-1174.543
1,1177.785,-3505.715,-1173.867
1,1178.785,-3504.983,-1173.187
1,1179.785,-3504.255,-1172.501
1,1180.784,-3503.533,-1171.809
1,1181.784,-3502.817,-1171.112
1,1182.784,-3502.106,-1170.409
1,1183.784,-3501.400,-1169.701
1,1184.784,-3500.699,-1168.988
1,1185.784,-3500.001,-1168.273
1,1186.783,-3499.307,-1167.552
1,1187.783,-3498.620,-1166.826
1,1188.783,-3497.940,-1166.094
1,1189.783,-3497.265,-1165.356
1,1190.783,-3496.594,-1164.615
1,1191.782,-3495.927,-1163.870
1,1192.782,-3495.264,-1163.121
1,1193.782,-3494.603,-1162.371
1,1194.782,-3493.946,-1161.617
1,1195.782,-3493.292,-1160.861
1,1196.782,-3492.641,-1160.102
1,1197.781,-3491.992,-1159.342
1,1198.781,-3491.345,-1158.579
1,1199.781,-3490.700,-1157.815
1,1200.781,-3490.059,-1157.048
1,1201.781,-3489.421,-1156.278
1,1202.780,-3488.786,-1155.506
1,1203.780,-3488.153,-1154.733
1,1204.780,-3487.522,-1153.956
1,1205.780,-3486.897,-1153.176
1,1206.780,-3486.279,-1152.390
1,1207.780,-3485.669,-1151.598
1,1208.779,-3485.065,-1150.801
1,1209.779,-3484.466,-1150.001
1,1210.779,-3483.871,-1149.198
1,1211.779,-3483.282,-1148.389
1,1212.779,-3482.703,-1147.574
1,1213.778,-3482.133,-1146.753
1,1214.778,-3481.571,-1145.926
1,1215.778,-3481.017,-1145.094
1,1216.778,-3480.472,-1144.256
1,1217.778,-3479.936,-1143.411
1,1218.778,-3479.411,-1142.561
1,1219.777,-3478.897,-1141.703
1,1220.777,-3478.392,-1140.840
1,1221.777,-3477.894,-1139.973
1,1222.777,-3477.401,-1139.103
1,1223.777,-3476.914,-1138.230
1,1224.776,-3476.431,-1137.355
1,1225.776,-3475.955,-1136.475
1,1226.776,-3475.483,-1135.594
1,1227.776,-3475.016,-1134.710
1,1228.776,-3474.555,-1133.823
1,1229.776,-3474.099,-1132.933
1,1230.775,-3473.649,-1132.040
1,1231.775,-3473.208,-1131.143
1,1232.775,-3472.775,-1130.242
1,1233.775,-3472.351,-1129.336
1,1234.775,-3471.934,-1128.428
1,1235.774,-3471.525,-1127.515
1,1236.774,-3471.123,-1126.600
1,1237.774,-3470.729,-1125.681
1,1238.774,-3470.341,-1124.760
1,1239.774,-3469.957,-1123.836
1,1240.774,-3469.577,-1122.912
1,1241.773,-3469.202,-1121.985
1,1242.773,-3468.834,-1121.055
1,1243.773,-3468.472,-1120.123
1,1244.773,-3468.116,-1119.189
1,1245.773,-3467.763,-1118.254
1,1246.772,-3467.408,-1117.319
1,1247.772,-3467.051,-1116.385
1,1248.772,-3466.691,-1115.452
1,1249.772,-3466.330,-1114.520
1,1250.772,-3465.969,-1113.587
1,1251.772,-3465.606,-1112.656
1,1252.771,-3465.242,-1111.724
1,1253.771,-3464.877,-1110.794
1,1254.771,-3464.513,-1109.863
1,1255.771,-3464.149,-1108.931
1,1256.771,-3463.784,-1108.001
1,1257.770,-3463.419,-1107.070
1,1258.770,-3463.055,-1106.138
1,1259.770,-3462.691,-1105.207
1,1260.770,-3462.327,-1104.276
1,1261.770,-3461.963,-1103.345
1,1262.769,-3461.601,-1102.413
1,1263.769,-3461.238,-1101.482
1,1264.769,-3460.873,-1100.550
1,1265.769,-3460.509,-1099.619
1,1266.769,-3460.146,-1098.688
1,1267.769,-3459.783,-1097.756
1,1268.768,-3459.421,-1096.824
1,1269.768,-3459.059,-1095.892
1,1270.768,-3458.696,-1094.961
1,1271.768,-3458.333,-1094.029
1,1272.768,-3457.969,-1093.098
1,1273.767,-3457.604,-1092.167
1,1274.767,-3457.238,-1091.237
1,1275.767,-3456.870,-1090.307
1,1276.767,-3456.503,-1089.377
1,1277.767,-3456.134,-1088.448
1,1278.767,-3455.766,-1087.518
1,1279.766,-3455.399,-1086.588
1,1280.766,-3455.033,-1085.658
1,1281.766,-3454.668,-1084.727
1,1282.766,-3454.303,-1083.796
1,1283.766,-3453.939,-1082.865
1,1284.765,-3453.576,-1081.933
1,1285.765,-3453.214,-1081.001
1,1286.765,-3452.852,-1080.069
1,1287.765,-3452.489,-1079.138
1,1288.765,-3452.127,-1078.206
1,1289.765,-3451.762,-1077.275
1,1290.764,-3451.397,-1076.344
1,1291.764,-3451.032,-1075.413
1,1292.764,-3450.668,-1074.482
1,1293.764,-3450.303,-1073.551
1,1294.764,-3449.941,-1072.619
1,1295.763,-3449.579,-1071.687
1,1296.763,-3449.218,-1070.755
1,1297.763,-3448.856,-1069.823
1,1298.763,-3448.495,-1068.890
1,1299.763,-3448.135,-1067.958
1,1300.763,-3447.772,-1067.026
1,1301.762,-3447.409,-1066.095
1,1302.762,-3447.043,-1065.164
1,1303.762,-3446.676,-1064.234
1,1304.762,-3446.309,-1063.304
1,1305.762,-3445.942,-1062.374
1,1306.761,-3445.575,-1061.444
1,1307.761,-3445.208,-1060.514
1,1308.761,-3444.844,-1059.583
1,1309.761,-3444.481,-1058.651
1,1310.761,-3444.119,-1057.719
1,1311.761,-3443.759,-1056.786
1,1312.760,-3443.399,-1055.854
1,1313.760,-3443.037,-1054.922
1,1314.760,-3442.671,-1053.991
1,1315.760,-3442.304,-1053.061
1,1316.760,-3441.937,-1052.131
1,1317.759,-3441.571,-1051.201
1,1318.759,-3441.207,-1050.270
1,1319.759,-3440.844,-1049.338
1,1320.759,-3440.483,-1048.405
1,1321.759,-3440.124,-1047.473
1,1322.759,-3439.764,-1046.540
1,1323.758,-3439.402,-1045.608
1,1324.758,-3439.038,-1044.677
1,1325.758,-3438.670,-1043.747
1,1326.758,-3438.300,-1042.818
1,1327.758,-3437.929,-1041.890
1,1328.757,-3437.560,-1040.961
1,1329.757,-3437.194,-1040.030
1,1330.757,-3436.831,-1039.098
1,1331.757,-3436.471,-1038.166
1,1332.757,-3436.112,-1037.232
1,1333.757,-3435.753,-1036.299
1,1334.756,-3435.393,-1035.366
1,1335.756,-3435.030,-1034.435
1,1336.756,-3434.662,-1033.505
1,1337.756,-3434.292,-1032.577
1,1338.756,-3433.921,-1031.648
1,1339.755,-3433.552,-1030.719
1,1340.755,-3433.188,-1029.788
1,1341.755,-3432.826,-1028.856
1,1342.755,-3432.468,-1027.922
1,1343.755,-3432.110,-1026.988
1,1344.755,-3431.752,-1026.055
1,1345.754,-3431.392,-1025.122
1,1346.754,-3431.028,-1024.191
1,1347.754,-3430.662,-1023.261
1,1348.754,-3430.293,-1022.331
1,1349.754,-3429.924,-1021.402
1,1350.753,-3429.556,-1020.472
1,1351.753,-3429.192,-1019.542
1,1352.753,-3428.829,-1018.610
1,1353.753,-3428.467,-1017.678
1,1354.753,-3428.105,-1016.746
1,1355.753,-3427.744,-1015.814
1,1356.752,-3427.384,-1014.881
1,1357.752,-3427.024,-1013.948
1,1358.752,-3426.662,-1013.016
1,1359.752,-3426.298,-1012.085
1,1360.752,-3425.934,-1011.154
1,1361.751,-3425.568,-1010.223
1,1362.751,-3425.201,-1009.293
1,1363.751,-3424.834,-1008.363
1,1364.751,-3424.469,-1007.432
1,1365.751,-3424.104,-1006.501
1,1366.751,-3423.739,-1005.571
1,1367.750,-3423.372,-1004.641
1,1368.750,-3423.005,-1003.711
1,1369.750,-3422.637,-1002.781
1,1370.750,-3422.271,-1001.851
1,1371.750,-3421.906,-1000.920
1,1372.749,-3421.542,-999.989
1,1373.749,-3421.179,-999.057
1,1374.749,-3420.818,-998.125
1,1375.749,-3420.457,-997.192
1,1376.749,-3420.095,-996.260
1,1377.749,-3419.733,-995.328
1,1378.748,-3419.371,-994.396
1,1379.748,-3419.007,-993.465
1,1380.748,-3418.641,-992.535
1,1381.748,-3418.273,-991.605
1,1382.748,-3417.905,-990.675
1,1383.747,-3417.539,-989.745
1,1384.747,-3417.175,-988.814
1,1385.747,-3416.811,-987.883
1,1386.747,-3416.449,-986.951
1,1387.747,-3416.088,-986.018
1,1388.746,-3415.728,-985.086
1,1389.746,-3415.366,-984.153
1,1390.746,-3415.003,-983.222
1,1391.746,-3414.639,-982.291
1,1392.746,-3414.274,-981.360
1,1393.746,-3413.907,-980.430
1,1394.745,-3413.540,-979.500
1,1395.745,-3413.177,-978.568
1,1396.745,-3412.816,-977.636
1,1397.745,-3412.456,-976.703
1,1398.745,-3412.094,-975.771
1,1399.744,-3411.733,-974.839
1,1400.744,-3411.370,-973.907
1,1401.744,-3411.005,-972.977
1,1402.744,-3410.638,-972.046
1,1403.744,-3410.269,-971.117
1,1404.744,-3409.902,-970.187
1,1405.743,-3409.533,-969.258
1,1406.743,-3409.165,-968.328
1,1407.743,-3408.798,-967.398
1,1408.743,-3408.433,-966.468
1,1409.743,-3408.071,-965.535
1,1410.742,-3407.710,-964.603
1,1411.742,-3407.349,-963.671
1,1412.742,-3406.988,-962.738
1,1413.742,-3406.627,-961.806
1,1414.742,-3406.266,-960.874
1,1415.742,-3405.904,-959.942
1,1416.741,-3405.543,-959.009
1,1417.741,-3405.183,-958.076
1,1418.741,-3404.823,-957.144
1,1419.741,-3404.461,-956.212
1,1420.741,-3404.097,-955.281
1,1421.740,-3403.732,-954.350
1,1422.740,-3403.368,-953.419
1,1423.740,-3403.003,-952.488
1,1424.740,-3402.639,-951.556
1,1425.740,-3402.276,-950.625
1,1426.740,-3401.914,-949.693
1,1427.739,-3401.551,-948.761
1,1428.739,-3401.187,-947.830
1,1429.739,-3400.824,-946.899
1,1430.739,-3400.461,-945.967
1,1431.739,-3400.098,-945.035
1,1432.738,-3399.736,-944.103
1,1433.738,-3399.374,-943.171
1,1434.738,-3399.011,-942.240
1,1435.738,-3398.650,-941.308
1,1436.738,-3398.287,-940.376
1,1437.738,-3397.925,-939.444
1,1438.737,-3397.563,-938.512
1,1439.737,-3397.201,-937.580
1,1440.737,-3396.839,-936.648
1,1441.737,-3396.477,-935.716
1,1442.737,-3396.115,-934.784
1,1443.736,-3395.753,-933.852
1,1444.736,-3395.390,-932.920
1,1445.736,-3395.030,-931.988
1,1446.736,-3394.671,-931.054
1,1447.736,-3394.312,-930.121
1,1448.736,-3393.951,-929.189
1,1449.735,-3393.590,-928.257
1,1450.735,-3393.226,-927.325
1,1451.735,-3392.861,-926.395
1,1452.735,-3392.495,-925.464
1,1453.735,-3392.129,-924.534
1,1454.734,-3391.763,-923.603
1,1455.734,-3391.398,-922.672
1,1456.734,-3391.035,-921.741
1,1457.734,-3390.672,-920.809
1,1458.734,-3390.309,-919.878
1,1459.734,-3389.946,-918.946
1,1460.733,-3389.580,-918.016
1,1461.733,-3389.213,-917.086
1,1462.733,-3388.843,-916.157
1,1463.733,-3388.473,-915.228
1,1464.733,-3388.104,-914.299
1,1465.732,-3387.737,-913.369
1,1466.732,-3387.372,-912.438
1,1467.732,-3387.008,-911.507
1,1468.732,-3386.647,-910.574
1,1469.732,-3386.287,-909.641
1,1470.732,-3385.928,-908.708
1,1471.731,-3385.569,-907.775
1,1472.731,-3385.211,-906.842
1,1473.731,-3384.852,-905.909
1,1474.731,-3384.493,-904.976
1,1475.731,-3384.132,-904.043
1,1476.730,-3383.770,-903.111
1,1477.730,-3383.407,-902.179
1,1478.730,-3383.042,-901.249
1,1479.730,-3382.676,-900.318
1,1480.730,-3382.308,-899.389
1,1481.730,-3381.941,-898.459
1,1482.729,-3381.574,-897.529
1,1483.729,-3381.206,-896.599
1,1484.729,-3380.839,-895.669
1,1485.729,-3380.474,-894.738
1,1486.729,-3380.111,-893.807
1,1487.728,-3379.749,-892.875
1,1488.728,-3379.388,-891.942
1,1489.728,-3379.027,-891.010
1,1490.728,-3378.666,-890.077
1,1491.728,-3378.306,-889.145
1,1492.728,-3377.946,-888.212
1,1493.727,-3377.587,-887.279
1,1494.727,-3377.229,-886.345
1,1495.727,-3376.871,-885.412
1,1496.727,-3376.512,-884.479
1,1497.727,-3376.153,-883.546
1,1498.726,-3375.793,-882.613
1,1499.726,-3375.432,-881.680
1,1500.726,-3375.070,-880.749
1,1501.726,-3374.707,-879.817
1,1502.726,-3374.343,-878.886
1,1503.726,-3373.978,-877.955
1,1504.725,-3373.612,-877.024
1,1505.725,-3373.246,-876.094
1,1506.725,-3372.879,-875.164
1,1507.725,-3372.514,-874.233
1,1508.725,-3372.150,-873.302
1,1509.724,-3371.787,-872.370
1,1510.724,-3371.428,-871.437
1,1511.724,-3371.071,-870.503
1,1512.724,-3370.715,-869.569
1,1513.724,-3370.359,-868.635
1,1514.724,-3370.003,-867.701
1,1515.723,-3369.646,-866.767
1,1516.723,-3369.289,-865.833
1,1517.723,-3368.931,-864.899
1,1518.723,-3368.573,-863.966
1,1519.723,-3368.213,-863.033
1,1520.722,-3367.851,-862.101
1,1521.722,-3367.488,-861.169
1,1522.722,-3367.124,-860.238
1,1523.722,-3366.759,-859.307
1,1524.722,-3366.394,-858.376
1,1525.721,-3366.030,-857.445
1,1526.721,-3365.666,-856.514
1,1527.721,-3365.302,-855.583
1,1528.721,-3364.937,-854.652
1,1529.721,-3364.572,-853.721
1,1530.721,-3364.208,-852.790
1,1531.720,-3363.845,-851.858
1,1532.720,-3363.484,-850.926
1,1533.720,-3363.126,-849.993
1,1534.720,-3362.768,-849.059
1,1535.720,-3362.412,-848.125
1,1536.719,-3362.057,-847.190
1,1537.719,-3361.700,-846.256
1,1538.719,-3361.342,-845.323
1,1539.719,-3360.980,-844.391
1,1540.719,-3360.615,-843.460
1,1541.719,-3360.248,-842.530
1,1542.718,-3359.881,-841.599
1,1543.718,-3359.515,-840.669
1,1544.718,-3359.151,-839.738
1,1545.718,-3358.788,-838.806
1,1546.718,-3358.428,-837.874
1,1547.717,-3358.068,-836.941
1,1548.717,-3357.710,-836.007
1,1549.717,-3357.354,-835.073
1,1550.717,-3357.000,-834.138
1,1551.717,-3356.645,-833.203
1,1552.717,-3356.290,-832.269
1,1553.716,-3355.934,-831.334
1,1554.716,-3355.577,-830.401
1,1555.716,-3355.217,-829.468
1,1556.716,-3354.854,-828.536
1,1557.716,-3354.489,-827.605
1,1558.715,-3354.124,-826.674
1,1559.715,-3353.761,-825.743
1,1560.715,-3353.397,-824.812
1,1561.715,-3353.034,-823.880
1,1562.715,-3352.676,-822.947
1,1563.715,-3352.321,-822.012
1,1564.714,-3351.969,-821.076
1,1565.714,-3351.617,-820.140
1,1566.714,-3351.266,-819.204
1,1567.714,-3350.914,-818.268
1,1568.714,-3350.561,-817.333
1,1569.713,-3350.207,-816.398
1,1570.713,-3349.851,-815.464
1,1571.713,-3349.493,-814.530
1,1572.713,-3349.134,-813.597
1,1573.713,-3348.773,-812.665
1,1574.713,-3348.412,-811.732
1,1575.712,-3348.051,-810.800
1,1576.712,-3347.689,-809.868
1,1577.712,-3347.327,-808.936
1,1578.712,-3346.964,-808.004
1,1579.712,-3346.603,-807.072
1,1580.711,-3346.244,-806.139
1,1581.711,-3345.887,-805.205
1,1582.711,-3345.532,-804.270
1,1583.711,-3345.177,-803.335
1,1584.711,-3344.822,-802.401
1,1585.711,-3344.467,-801.466
1,1586.710,-3344.110,-800.532
1,1587.710,-3343.754,-799.598
1,1588.710,-3343.396,-798.665
1,1589.710,-3343.036,-797.732
1,1590.710,-3342.678,-796.798
1,1591.709,-3342.320,-795.865
1,1592.709,-3341.963,-794.931
1,1593.709,-3341.605,-793.997
1,1594.709,-3341.245,-793.064
1,1595.709,-3340.886,-792.131
1,1596.709,-3340.525,-791.199
1,1597.708,-3340.163,-790.267
1,1598.708,-3339.801,-789.335
1,1599.708,-3339.439,-788.403
1,1600.708,-3339.078,-787.471
1,1601.708,-3338.717,-786.538
1,1602.707,-3338.356,-785.606
1,1603.707,-3337.994,-784.674
1,1604.707,-3337.631,-783.742
1,1605.707,-3337.268,-782.811
1,1606.707,-3336.905,-781.879
1,1607.707,-3336.545,-780.946
1,1608.706,-3336.188,-780.012
1,1609.706,-3335.834,-779.078
1,1610.706,-3335.481,-778.142
1,1611.706,-3335.127,-777.207
1,1612.706,-3334.772,-776.272
1,1613.705,-3334.415,-775.338
1,1614.705,-3334.055,-774.406
1,1615.705,-3333.692,-773.474
1,1616.705,-3333.327,-772.543
1,1617.705,-3332.964,-771.612
1,1618.705,-3332.603,-770.679
1,1619.704,-3332.245,-769.746
1,1620.704,-3331.891,-768.811
1,1621.704,-3331.536,-767.876
1,1622.704,-3331.182,-766.941
1,1623.704,-3330.828,-766.006
1,1624.703,-3330.474,-765.071
1,1625.703,-3330.119,-764.136
1,1626.703,-3329.762,-763.202
1,1627.703,-3329.406,-762.268
1,1628.703,-3329.048,-761.335
1,1629.703,-3328.688,-760.402
1,1630.702,-3328.325,-759.470
1,1631.702,-3327.962,-758.539
1,1632.702,-3327.596,-757.608
1,1633.702,-3327.231,-756.677
1,1634.702,-3326.867,-755.746
1,1635.701,-3326.508,-754.813
1,1636.701,-3326.154,-753.878
1,1637.701,-3325.803,-752.942
1,1638.701,-3325.452,-752.006
1,1639.701,-3325.100,-751.070
1,1640.701,-3324.746,-750.135
1,1641.700,-3324.391,-749.200
1,1642.700,-3324.034,-748.266
1,1643.700,-3323.675,-747.333
1,1644.700,-3323.316,-746.400
1,1645.700,-3322.957,-745.467
1,1646.699,-3322.597,-744.534
1,1647.699,-3322.237,-743.601
1,1648.699,-3321.879,-742.668
1,1649.699,-3321.521,-741.734
1,1650.699,-3321.164,-740.800
1,1651.698,-3320.806,-739.867
1,1652.698,-3320.446,-738.934
1,1653.698,-3320.087,-738.001
1,1654.698,-3319.728,-737.067
1,1655.698,-3319.372,-736.133
1,1656.698,-3319.017,-735.199
1,1657.697,-3318.663,-734.263
1,1658.697,-3318.311,-733.328
1,1659.697,-3317.958,-732.392
1,1660.697,-3317.606,-731.456
1,1661.697,-3317.255,-730.520
1,1662.696,-3316.904,-729.584
1,1663.696,-3316.551,-728.649
1,1664.696,-3316.195,-727.714
1,1665.696,-3315.838,-726.781
1,1666.696,-3315.479,-725.847
1,1667.696,-3315.120,-724.914
1,1668.695,-3314.762,-723.981
1,1669.695,-3314.404,-723.047
1,1670.695,-3314.048,-722.113
1,1671.695,-3313.694,-721.178
1,1672.695,-3313.340,-720.243
1,1673.694,-3312.987,-719.307
1,1674.694,-3312.633,-718.372
1,1675.694,-3312.277,-717.438
1,1676.694,-3311.920,-716.504
1,1677.694,-3311.562,-715.571
1,1678.694,-3311.205,-714.637
1,1679.693,-3310.848,-713.703
1,1680.693,-3310.492,-712.768
1,1681.693,-3310.137,-711.834
1,1682.693,-3309.783,-710.899
1,1683.693,-3309.430,-709.963
1,1684.692,-3309.077,-709.028
1,1685.692,-3308.722,-708.093
1,1686.692,-3308.367,-707.158
1,1687.692,-3308.011,-706.224
1,1688.692,-3307.655,-705.290
1,1689.692,-3307.301,-704.355
1,1690.691,-3306.948,-703.420
1,1691.691,-3306.595,-702.484
1,1692.691,-3306.243,-701.548
1,1693.691,-3305.889,-700.613
1,1694.691,-3305.534,-699.679
1,1695.690,-3305.178,-698.744
1,1696.690,-3304.819,-697.811
1,1697.690,-3304.459,-696.878
1,1698.690,-3304.098,-695.946
1,1699.690,-3303.738,-695.013
1,1700.690,-3303.381,-694.079
1,1701.689,-3303.024,-693.145
1,1702.689,-3302.670,-692.210
1,1703.689,-3302.315,-691.276
1,1704.689,-3301.959,-690.341
1,1705.689,-3301.602,-689.408
1,1706.688,-3301.244,-688.474
1,1707.688,-3300.886,-687.540
1,1708.688,-3300.530,-686.606
1,1709.688,-3300.175,-685.672
1,1710.688,-3299.820,-684.737
1,1711.688,-3299.466,-683.802
1,1712.687,-3299.110,-682.867
1,1713.687,-3298.753,-681.933
1,1714.687,-3298.396,-681.000
1,1715.687,-3298.038,-680.066
1,1716.687,-3297.681,-679.132
1,1717.686,-3297.324,-678.198
1,1718.686,-3296.967,-677.264
1,1719.686,-3296.612,-676.330
1,1720.686,-3296.258,-675.395
1,1721.686,-3295.905,-674.459
1,1722.686,-3295.552,-673.524
1,1723.685,-3295.199,-672.588
1,1724.685,-3294.844,-671.654
1,1725.685,-3294.488,-670.719
1,1726.685,-3294.131,-669.785
1,1727.685,-3293.775,-668.851
1,1728.684,-3293.418,-667.917
1,1729.684,-3293.062,-666.983
1,1730.684,-3292.705,-666.049
1,1731.684,-3292.349,-665.115
1,1732.684,-3291.992,-664.181
1,1733.684,-3291.636,-663.247
1,1734.683,-3291.280,-662.312
1,1735.683,-3290.924,-661.378
1,1736.683,-3290.569,-660.443
1,1737.683,-3290.214,-659.509
1,1738.683,-3289.860,-658.574
1,1739.682,-3289.507,-657.638
1,1740.682,-3289.155,-656.703
1,1741.682,-3288.802,-655.767
1,1742.682,-3288.449,-654.831
1,1743.682,-3288.095,-653.896
1,1744.682,-3287.740,-652.962
1,1745.681,-3287.383,-652.028
1,1746.681,-3287.025,-651.094
1,1747.681,-3286.665,-650.162
1,1748.681,-3286.305,-649.229
1,1749.681,-3285.944,-648.296
1,1750.680,-3285.585,-647.363
1,1751.680,-3285.227,-646.430
1,1752.680,-3284.870,-645.496
1,1753.680,-3284.514,-644.562
1,1754.680,-3284.158,-643.627
1,1755.680,-3283.805,-642.692
1,1756.679,-3283.453,-641.756
1,1757.679,-3283.101,-640.820
1,1758.679,-3282.749,-639.884
1,1759.679,-3282.394,-638.950
1,1760.679,-3282.036,-638.016
1,1761.678,-3281.676,-637.084
1,1762.678,-3281.315,-636.151
1,1763.678,-3280.956,-635.218
1,1764.678,-3280.599,-634.284
1,1765.678,-3280.245,-633.349
1,1766.678,-3279.891,-632.414
1,1767.677,-3279.536,-631.479
1,1768.677,-3279.182,-630.544
1,1769.677,-3278.830,-629.609
1,1770.677,-3278.478,-628.673
1,1771.677,-3278.125,-627.737
1,1772.676,-3277.773,-626.801
1,1773.676,-3277.420,-625.866
1,1774.676,-3277.065,-624.931
1,1775.676,-3276.708,-623.998
1,1776.676,-3276.350,-623.064
1,1777.676,-3275.991,-622.131
1,1778.675,-3275.633,-621.197
1,1779.675,-3275.274,-620.264
1,1780.675,-3274.917,-619.330
1,1781.675,-3274.561,-618.396
1,1782.675,-3274.205,-617.462
1,1783.674,-3273.851,-616.527
1,1784.674,-3273.497,-615.592
1,1785.674,-3273.143,-614.656
1,1786.674,-3272.789,-613.721
1,1787.674,-3272.435,-612.787
1,1788.673,-3272.081,-611.852
1,1789.673,-3271.728,-610.916
1,1790.673,-3271.377,-609.980
1,1791.673,-3271.026,-609.043
1,1792.673,-3270.675,-608.107
1,1793.673,-3270.322,-607.172
1,1794.672,-3269.968,-606.237
1,1795.672,-3269.615,-605.302
1,1796.672,-3269.262,-604.366
1,1797.672,-3268.910,-603.430
1,1798.672,-3268.559,-602.494
1,1799.671,-3268.204,-601.559
1,1800.671,-3267.844,-600.626
1,1801.671,-3267.481,-599.695
1,1802.671,-3267.117,-598.764
1,1803.671,-3266.753,-597.833
1,1804.671,-3266.389,-596.901
1,1805.670,-3266.026,-595.970
1,1806.670,-3265.661,-595.039
1,1807.670,-3265.289,-594.111
1,1808.670,-3264.914,-593.184
1,1809.670,-3264.538,-592.258
1,1810.669,-3264.165,-591.330
1,1811.669,-3263.795,-590.401
1,1812.669,-3263.428,-589.471
1,1813.669,-3263.063,-588.540
1,1814.669,-3262.695,-587.611
1,1815.669,-3262.326,-586.682
1,1816.668,-3261.961,-585.751
1,1817.668,-3261.595,-584.820
1,1818.668,-3261.228,-583.890
1,1819.668,-3260.858,-582.961
1,1820.668,-3260.490,-582.032
1,1821.667,-3260.130,-581.099
1,1822.667,-3259.778,-580.163
1,1823.667,-3259.433,-579.225
1,1824.667,-3259.091,-578.285
1,1825.667,-3258.751,-577.345
1,1826.667,-3258.408,-576.406
1,1827.666,-3258.064,-575.467
1,1828.666,-3257.721,-574.528
1,1829.666,-3257.375,-573.590
1,1830.666,-3257.017,-572.656
1,1831.666,-3256.639,-571.731
1,1832.665,-3256.241,-570.814
1,1833.665,-3255.829,-569.903
1,1834.665,-3255.402,-568.998
1,1835.665,-3254.959,-568.102
1,1836.665,-3254.497,-567.216
1,1837.665,-3254.013,-566.341
1,1838.664,-3253.508,-565.478
1,1839.664,-3252.987,-564.625
1,1840.664,-3252.451,-563.780
1,1841.664,-3251.903,-562.945
1,1842.664,-3251.335,-562.121
1,1843.663,-3250.743,-561.316
1,1844.663,-3250.125,-560.530
1,1845.663,-3249.482,-559.765
1,1846.663,-3248.814,-559.020
1,1847.663,-3248.126,-558.295
1,1848.663,-3247.421,-557.586
1,1849.662,-3246.698,-556.896
1,1850.662,-3245.958,-556.223
1,1851.662,-3245.205,-555.566
1,1852.662,-3244.444,-554.917
1,1853.662,-3243.683,-554.268
1,1854.661,-3242.924,-553.618
1,1855.661,-3242.169,-552.962
1,1856.661,-3241.417,-552.303
1,1857.661,-3240.666,-551.644
1,1858.661,-3239.911,-550.988
1,1859.661,-3239.153,-550.335
1,1860.660,-3238.394,-549.685
1,1861.660,-3237.632,-549.038
1,1862.660,-3236.863,-548.399
1,1863.660,-3236.082,-547.774
1,1864.660,-3235.287,-547.168
1,1865.659,-3234.474,-546.586
1,1866.659,-3233.644,-546.029
1,1867.659,-3232.797,-545.498
1,1868.659,-3231.932,-544.995
1,1869.659,-3231.050,-544.524
1,1870.659,-3230.153,-544.084
1,1871.658,-3229.242,-543.671
1,1872.658,-3228.321,-543.283
1,1873.658,-3227.390,-542.919
1,1874.658,-3226.450,-542.577
1,1875.658,-3225.503,-542.256
1,1876.657,-3224.549,-541.959
1,1877.657,-3223.586,-541.687
1,1878.657,-3222.618,-541.440
1,1879.657,-3221.643,-541.216
1,1880.657,-3220.664,-541.015
1,1881.657,-3219.680,-540.839
1,1882.656,-3218.691,-540.687
1,1883.656,-3217.700,-540.554
1,1884.656,-3216.707,-540.438
1,1885.656,-3215.712,-540.344
1,1886.656,-3214.715,-540.269
1,1887.655,-3213.717,-540.213
1,1888.655,-3212.718,-540.174
1,1889.655,-3211.718,-540.154
1,1890.655,-3210.718,-540.153
1,1891.655,-3209.719,-540.169
1,1892.655,-3208.720,-540.207
1,1893.654,-3207.721,-540.265
1,1894.654,-3206.725,-540.345
1,1895.654,-3205.730,-540.447
1,1896.654,-3204.738,-540.570
1,1897.654,-3203.749,-540.716
1,1898.653,-3202.764,-540.888
1,1899.653,-3201.783,-541.084
1,1900.653,-3200.807,-541.298
1,1901.653,-3199.834,-541.527
1,1902.653,-3198.864,-541.772
1,1903.653,-3197.897,-542.026
1,1904.652,-3196.932,-542.284
1,1905.652,-3195.965,-542.542
1,1906.652,-3194.998,-542.794
1,1907.652,-3194.029,-543.039
1,1908.652,-3193.058,-543.278
1,1909.651,-3192.085,-543.511
1,1910.651,-3191.113,-543.745
1,1911.651,-3190.143,-543.984
1,1912.651,-3189.172,-544.224
1,1913.651,-3188.202,-544.465
1,1914.651,-3187.232,-544.707
1,1915.650,-3186.261,-544.948
1,1916.650,-3185.290,-545.186
1,1917.650,-3184.318,-545.419
1,1918.650,-3183.345,-545.650
1,1919.650,-3182.372,-545.879
1,1920.649,-3181.399,-546.110
1,1921.649,-3180.427,-546.344
1,1922.649,-3179.456,-546.584
1,1923.649,-3178.487,-546.828
1,1924.649,-3177.518,-547.075
1,1925.648,-3176.549,-547.323
1,1926.648,-3175.581,-547.571
1,1927.648,-3174.612,-547.817
1,1928.648,-3173.642,-548.060
1,1929.648,-3172.671,-548.299
1,1930.648,-3171.699,-548.532
1,1931.647,-3170.726,-548.762
1,1932.647,-3169.753,-548.992
1,1933.647,-3168.780,-549.224
1,1934.647,-3167.808,-549.458
1,1935.647,-3166.837,-549.694
1,1936.646,-3165.865,-549.931
1,1937.646,-3164.894,-550.168
1,1938.646,-3163.922,-550.402
1,1939.646,-3162.950,-550.636
1,1940.646,-3161.978,-550.871
1,1941.646,-3161.007,-551.109
1,1942.645,-3160.037,-551.353
1,1943.645,-3159.068,-551.599
1,1944.645,-3158.100,-551.848
1,1945.645,-3157.132,-552.096
1,1946.645,-3156.162,-552.339
1,1947.644,-3155.190,-552.575
1,1948.644,-3154.219,-552.811
1,1949.644,-3153.247,-553.049
1,1950.644,-3152.277,-553.290
1,1951.644,-3151.308,-553.535
1,1952.644,-3150.339,-553.781
1,1953.643,-3149.369,-554.025
1,1954.643,-3148.398,-554.263
1,1955.643,-3147.426,-554.495
1,1956.643,-3146.452,-554.725
1,1957.643,-3145.480,-554.955
1,1958.642,-3144.508,-555.189
1,1959.642,-3143.537,-555.428
1,1960.642,-3142.567,-555.671
1,1961.642,-3141.597,-555.916
1,1962.642,-3140.628,-556.160
1,1963.642,-3139.657,-556.397
1,1964.641,-3138.684,-556.628
1,1965.641,-3137.711,-556.857
1,1966.641,-3136.738,-557.087
1,1967.641,-3135.766,-557.322
1,1968.641,-3134.795,-557.563
1,1969.640,-3133.827,-557.811
1,1970.640,-3132.860,-558.064
1,1971.640,-3131.892,-558.316
1,1972.640,-3130.923,-558.564
1,1973.640,-3129.953,-558.804
1,1974.640,-3128.981,-559.038
1,1975.639,-3128.008,-559.268
1,1976.639,-3127.035,-559.499
1,1977.639,-3126.063,-559.734
1,1978.639,-3125.094,-559.978
1,1979.639,-3124.125,-560.227
1,1980.638,-3123.158,-560.479
1,1981.638,-3122.190,-560.729
1,1982.638,-3121.220,-560.973
1,1983.638,-3120.249,-561.210
1,1984.638,-3119.276,-561.441
1,1985.638,-3118.304,-561.674
1,1986.637,-3117.333,-561.912
1,1987.637,-3116.363,-562.156
1,1988.637,-3115.394,-562.404
1,1989.637,-3114.425,-562.649
1,1990.637,-3113.455,-562.889
1,1991.636,-3112.483,-563.126
1,1992.636,-3111.512,-563.362
1,1993.636,-3110.540,-563.598
1,1994.636,-3109.569,-563.836
1,1995.636,-3108.599,-564.077
1,1996.636,-3107.629,-564.319
1,1997.635,-3106.658,-564.560
1,1998.635,-3105.688,-564.799
1,1999.635,-3104.717,-565.038
1,2000.635,-3103.746,-565.276
1,2001.635,-3102.774,-565.514
1,2002.634,-3101.803,-565.750
1,2003.634,-3100.832,-565.988
1,2004.634,-3099.861,-566.227
1,2005.634,-3098.890,-566.466
1,2006.634,-3097.919,-566.706
1,2007.634,-3096.949,-566.945
1,2008.633,-3095.978,-567.186
1,2009.633,-3095.008,-567.426
1,2010.633,-3094.037,-567.666
1,2011.633,-3093.066,-567.904
1,2012.633,-3092.096,-568.144
1,2013.632,-3091.125,-568.384
1,2014.632,-3090.155,-568.625
1,2015.632,-3089.184,-568.865
1,2016.632,-3088.214,-569.106
1,2017.632,-3087.243,-569.345
1,2018.632,-3086.272,-569.583
1,2019.631,-3085.301,-569.821
1,2020.631,-3084.330,-570.059
1,2021.631,-3083.359,-570.298
1,2022.631,-3082.388,-570.536
1,2023.631,-3081.417,-570.776
1,2024.630,-3080.448,-571.020
1,2025.630,-3079.478,-571.265
1,2026.630,-3078.509,-571.511
1,2027.630,-3077.540,-571.756
1,2028.630,-3076.570,-571.998
1,2029.630,-3075.599,-572.237
1,2030.629,-3074.628,-572.474
1,2031.629,-3073.656,-572.709
1,2032.629,-3072.684,-572.945
1,2033.629,-3071.713,-573.184
1,2034.629,-3070.742,-573.422
1,2035.628,-3069.771,-573.658
1,2036.628,-3068.798,-573.890
1,2037.628,-3067.825,-574.121
1,2038.628,-3066.853,-574.352
1,2039.628,-3065.881,-574.587
1,2040.628,-3064.910,-574.827
1,2041.627,-3063.941,-575.073
1,2042.627,-3062.973,-575.322
1,2043.627,-3062.005,-575.572
1,2044.627,-3061.037,-575.822
1,2045.627,-3060.067,-576.066
1,2046.626,-3059.096,-576.305
1,2047.626,-3058.124,-576.540
1,2048.626,-3057.152,-576.773
1,2049.626,-3056.181,-577.009
1,2050.626,-3055.211,-577.251
1,2051.625,-3054.242,-577.498
1,2052.625,-3053.274,-577.748
1,2053.625,-3052.305,-577.995
1,2054.625,-3051.335,-578.239
1,2055.625,-3050.365,-578.479
1,2056.625,-3049.393,-578.715
1,2057.624,-3048.421,-578.948
1,2058.624,-3047.448,-579.178
1,2059.624,-3046.475,-579.408
1,2060.624,-3045.502,-579.640
1,2061.624,-3044.530,-579.873
1,2062.623,-3043.558,-580.107
1,2063.623,-3042.586,-580.343
1,2064.623,-3041.614,-580.577
1,2065.623,-3040.642,-580.810
1,2066.623,-3039.670,-581.044
1,2067.623,-3038.699,-581.281
1,2068.622,-3037.728,-581.520
1,2069.622,-3036.758,-581.762
1,2070.622,-3035.788,-582.005
1,2071.622,-3034.819,-582.250
1,2072.622,-3033.849,-582.495
1,2073.621,-3032.880,-582.742
1,2074.621,-3031.912,-582.989
1,2075.621,-3030.942,-583.233
1,2076.621,-3029.972,-583.476
1,2077.621,-3029.001,-583.715
1,2078.621,-3028.030,-583.950
1,2079.620,-3027.057,-584.181
1,2080.620,-3026.084,-584.411
1,2081.620,-3025.111,-584.641
1,2082.620,-3024.138,-584.873
1,2083.620,-3023.166,-585.106
1,2084.619,-3022.194,-585.341
1,2085.619,-3021.223,-585.580
1,2086.619,-3020.253,-585.823
1,2087.619,-3019.284,-586.067
1,2088.619,-3018.314,-586.311
1,2089.619,-3017.344,-586.552
1,2090.618,-3016.374,-586.793
1,2091.618,-3015.403,-587.033
1,2092.618,-3014.432,-587.273
1,2093.618,-3013.462,-587.512
1,2094.618,-3012.491,-587.751
1,2095.617,-3011.520,-587.989
1,2096.617,-3010.549,-588.227
1,2097.617,-3009.578,-588.465
1,2098.617,-3008.606,-588.700
1,2099.617,-3007.635,-588.937
1,2100.617,-3006.663,-589.175
1,2101.616,-3005.693,-589.414
1,2102.616,-3004.722,-589.655
1,2103.616,-3003.752,-589.895
1,2104.616,-3002.781,-590.136
1,2105.616,-3001.811,-590.378
1,2106.615,-3000.841,-590.618
1,2107.615,-2999.870,-590.858
1,2108.615,-2998.899,-591.096
1,2109.615,-2997.928,-591.336
1,2110.615,-2996.958,-591.577
1,2111.615,-2995.988,-591.820
1,2112.614,-2995.018,-592.061
1,2113.614,-2994.048,-592.304
1,2114.614,-2993.077,-592.542
1,2115.614,-2992.106,-592.781
1,2116.614,-2991.135,-593.018
1,2117.613,-2990.163,-593.254
1,2118.613,-2989.192,-593.491
1,2119.613,-2988.221,-593.730
1,2120.613,-2987.250,-593.970
1,2121.613,-2986.280,-594.212
1,2122.613,-2985.311,-594.456
1,2123.612,-2984.342,-594.704
1,2124.612,-2983.374,-594.952
1,2125.612,-2982.404,-595.197
1,2126.612,-2981.434,-595.438
1,2127.612,-2980.463,-595.678
1,2128.611,-2979.492,-595.914
1,2129.611,-2978.520,-596.147
1,2130.611,-2977.546,-596.375
1,2131.611,-2976.573,-596.602
1,2132.611,-2975.599,-596.830
1,2133.611,-2974.626,-597.060
1,2134.610,-2973.653,-597.291
1,2135.610,-2972.681,-597.525
1,2136.610,-2971.709,-597.759
1,2137.610,-2970.736,-597.991
1,2138.610,-2969.763,-598.220
1,2139.609,-2968.791,-598.453
1,2140.609,-2967.820,-598.691
1,2141.609,-2966.850,-598.935
1,2142.609,-2965.881,-599.181
1,2143.609,-2964.913,-599.431
1,2144.609,-2963.945,-599.680
1,2145.608,-2962.976,-599.927
1,2146.608,-2962.007,-600.173
1,2147.608,-2961.038,-600.418
1,2148.608,-2960.068,-600.660
1,2149.608,-2959.097,-600.901
1,2150.607,-2958.126,-601.140
1,2151.607,-2957.155,-601.379
1,2152.607,-2956.184,-601.615
1,2153.607,-2955.212,-601.849
1,2154.607,-2954.238,-602.077
1,2155.607,-2953.265,-602.306
1,2156.606,-2952.292,-602.536
1,2157.606,-2951.320,-602.770
1,2158.606,-2950.349,-603.008
1,2159.606,-2949.380,-603.252
1,2160.606,-2948.412,-603.503
1,2161.605,-2947.444,-603.755
1,2162.605,-2946.477,-604.008
1,2163.605,-2945.509,-604.259
1,2164.605,-2944.540,-604.504
1,2165.605,-2943.569,-604.745
1,2166.605,-2942.598,-604.980
1,2167.604,-2941.625,-605.211
1,2168.604,-2940.652,-605.440
1,2169.604,-2939.678,-605.669
1,2170.604,-2938.705,-605.896
1,2171.604,-2937.731,-606.125
1,2172.603,-2936.759,-606.359
1,2173.603,-2935.789,-606.601
1,2174.603,-2934.821,-606.850
1,2175.603,-2933.854,-607.104
1,2176.603,-2932.888,-607.362
1,2177.603,-2931.921,-607.617
1,2178.602,-2930.952,-607.864
1,2179.602,-2929.981,-608.102
1,2180.602,-2929.008,-608.332
1,2181.602,-2928.034,-608.558
1,2182.602,-2927.061,-608.784
1,2183.601,-2926.088,-609.016
1,2184.601,-2925.117,-609.256
1,2185.601,-2924.149,-609.504
1,2186.601,-2923.181,-609.756
1,2187.601,-2922.214,-610.009
1,2188.600,-2921.246,-610.261
1,2189.600,-2920.278,-610.508
1,2190.600,-2919.308,-610.751
1,2191.600,-2918.337,-610.992
1,2192.600,-2917.366,-611.229
1,2193.600,-2916.395,-611.467
1,2194.599,-2915.423,-611.703
1,2195.599,-2914.452,-611.938
1,2196.599,-2913.479,-612.168
1,2197.599,-2912.506,-612.397
1,2198.599,-2911.534,-612.632
1,2199.598,-2910.563,-612.873
1,2200.598,-2909.594,-613.118
1,2201.598,-2908.626,-613.368
1,2202.598,-2907.659,-613.624
1,2203.598,-2906.692,-613.878
1,2204.598,-2905.725,-614.129
1,2205.597,-2904.755,-614.372
1,2206.597,-2903.782,-614.604
1,2207.597,-2902.808,-614.829
1,2208.597,-2901.832,-615.046
1,2209.597,-2900.857,-615.267
1,2210.596,-2899.885,-615.499
1,2211.596,-2898.915,-615.744
1,2212.596,-2897.949,-616.001
1,2213.596,-2896.984,-616.263
1,2214.596,-2896.019,-616.523
1,2215.596,-2895.052,-616.778
1,2216.595,-2894.083,-617.025
1,2217.595,-2893.111,-617.260
1,2218.595,-2892.137,-617.486
1,2219.595,-2891.162,-617.706
1,2220.595,-2890.187,-617.927
1,2221.594,-2889.213,-618.152
1,2222.594,-2888.239,-618.379
1,2223.594,-2887.268,-618.615
1,2224.594,-2886.298,-618.860
1,2225.594,-2885.330,-619.109
1,2226.594,-2884.362,-619.359
1,2227.593,-2883.394,-619.609
1,2228.593,-2882.425,-619.857
1,2229.593,-2881.455,-620.101
1,2230.593,-2880.484,-620.339
1,2231.593,-2879.513,-620.574
1,2232.592,-2878.541,-620.808
1,2233.592,-2877.569,-621.044
1,2234.592,-2876.598,-621.281
1,2235.592,-2875.627,-621.521
1,2236.592,-2874.657,-621.761
1,2237.592,-2873.687,-622.006
1,2238.591,-2872.718,-622.252
1,2239.591,-2871.749,-622.497
1,2240.591,-2870.778,-622.736
1,2241.591,-2869.806,-622.970
1,2242.591,-2868.833,-623.199
1,2243.590,-2867.859,-623.425
1,2244.590,-2866.885,-623.652
1,2245.590,-2865.913,-623.886
1,2246.590,-2864.943,-624.127
1,2247.590,-2863.975,-624.377
1,2248.590,-2863.008,-624.634
1,2249.589,-2862.043,-624.893
1,2250.589,-2861.076,-625.149
1,2251.589,-2860.109,-625.402
1,2252.589,-2859.140,-625.647
1,2253.589,-2858.168,-625.882
1,2254.588,-2857.194,-626.108
1,2255.588,-2856.220,-626.333
1,2256.588,-2855.245,-626.557
1,2257.588,-2854.272,-626.784
1,2258.588,-2853.300,-627.019
1,2259.588,-2852.329,-627.259
1,2260.587,-2851.359,-627.502
1,2261.587,-2850.389,-627.745
1,2262.587,-2849.419,-627.987
1,2263.587,-2848.448,-628.225
1,2264.587,-2847.476,-628.458
1,2265.586,-2846.503,-628.688
1,2266.586,-2845.529,-628.916
1,2267.586,-2844.556,-629.143
1,2268.586,-2843.582,-629.369
1,2269.586,-2842.608,-629.597
1,2270.586,-2841.636,-629.828
1,2271.585,-2840.663,-630.061
1,2272.585,-2839.691,-630.296
1,2273.585,-2838.720,-630.530
1,2274.585,-2837.748,-630.765
1,2275.585,-2836.776,-631.000
1,2276.584,-2835.804,-631.235
1,2277.584,-2834.832,-631.468
1,2278.584,-2833.860,-631.702
1,2279.584,-2832.888,-631.935
1,2280.584,-2831.915,-632.168
1,2281.584,-2830.943,-632.400
1,2282.583,-2829.969,-632.629
1,2283.583,-2828.996,-632.858
1,2284.583,-2828.022,-633.085
1,2285.583,-2827.048,-633.311
1,2286.583,-2826.074,-633.534
1,2287.582,-2825.099,-633.755
1,2288.582,-2824.124,-633.978
1,2289.582,-2823.150,-634.202
1,2290.582,-2822.176,-634.430
1,2291.582,-2821.204,-634.664
1,2292.582,-2820.233,-634.901
1,2293.581,-2819.262,-635.142
1,2294.581,-2818.292,-635.383
1,2295.581,-2817.321,-635.620
1,2296.581,-2816.349,-635.854
1,2297.581,-2815.375,-636.080
1,2298.580,-2814.400,-636.301
1,2299.580,-2813.423,-636.515
1,2300.580,-2812.446,-636.724
1,2301.580,-2811.468,-636.934
1,2302.580,-2810.491,-637.145
1,2303.580,-2809.514,-637.358
1,2304.579,-2808.538,-637.576
1,2305.579,-2807.563,-637.798
1,2306.579,-2806.589,-638.023
1,2307.579,-2805.616,-638.251
1,2308.579,-2804.643,-638.481
1,2309.578,-2803.670,-638.711
1,2310.578,-2802.697,-638.941
1,2311.578,-2801.723,-639.170
1,2312.578,-2800.750,-639.397
1,2313.578,-2799.776,-639.624
1,2314.577,-2798.802,-639.849
1,2315.577,-2797.827,-640.073
1,2316.577,-2796.852,-640.295
1,2317.577,-2795.877,-640.516
1,2318.577,-2794.902,-640.734
1,2319.577,-2793.926,-640.951
1,2320.576,-2792.949,-641.167
1,2321.576,-2791.973,-641.382
1,2322.576,-2790.997,-641.601
1,2323.576,-2790.022,-641.822
1,2324.576,-2789.047,-642.044
1,2325.575,-2788.073,-642.267
1,2326.575,-2787.099,-642.492
1,2327.575,-2786.124,-642.715
1,2328.575,-2785.149,-642.934
1,2329.575,-2784.173,-643.154
1,2330.575,-2783.197,-643.372
1,2331.574,-2782.222,-643.591
1,2332.574,-2781.247,-643.811
1,2333.574,-2780.272,-644.034
1,2334.574,-2779.298,-644.258
1,2335.574,-2778.324,-644.487
1,2336.573,-2777.352,-644.718
1,2337.573,-2776.379,-644.951
1,2338.573,-2775.407,-645.183
1,2339.573,-2774.434,-645.416
1,2340.573,-2773.462,-645.647
1,2341.573,-2772.488,-645.875
1,2342.572,-2771.514,-646.100
1,2343.572,-2770.539,-646.323
1,2344.572,-2769.564,-646.543
1,2345.572,-2768.588,-646.761
1,2346.572,-2767.612,-646.976
1,2347.571,-2766.635,-647.190
1,2348.571,-2765.659,-647.407
1,2349.571,-2764.683,-647.624
1,2350.571,-2763.708,-647.843
1,2351.571,-2762.733,-648.064
1,2352.571,-2761.758,-648.286
1,2353.570,-2760.783,-648.508
1,2354.570,-2759.808,-648.731
1,2355.570,-2758.833,-648.951
1,2356.570,-2757.857,-649.170
1,2357.570,-2756.882,-649.388
1,2358.569,-2755.906,-649.606
1,2359.569,-2754.930,-649.825
1,2360.569,-2753.955,-650.045
1,2361.569,-2752.980,-650.266
1,2362.569,-2752.005,-650.489
1,2363.569,-2751.030,-650.710
1,2364.568,-2750.055,-650.932
1,2365.568,-2749.080,-651.154
1,2366.568,-2748.105,-651.374
1,2367.568,-2747.130,-651.594
1,2368.568,-2746.154,-651.813
1,2369.567,-2745.178,-652.031
1,2370.567,-2744.203,-652.248
1,2371.567,-2743.227,-652.466
1,2372.567,-2742.251,-652.684
1,2373.567,-2741.276,-652.903
1,2374.567,-2740.300,-653.124
1,2375.566,-2739.325,-653.345
1,2376.566,-2738.350,-653.565
1,2377.566,-2737.375,-653.785
1,2378.566,-2736.399,-654.004
1,2379.566,-2735.424,-654.223
1,2380.565,-2734.448,-654.442
1,2381.565,-2733.473,-654.661
1,2382.565,-2732.497,-654.879
1,2383.565,-2731.521,-655.097
1,2384.565,-2730.546,-655.317
1,2385.565,-2729.571,-655.539
1,2386.564,-2728.596,-655.761
1,2387.564,-2727.622,-655.985
1,2388.564,-2726.647,-656.209
1,2389.564,-2725.673,-656.433
1,2390.564,-2724.698,-656.656
1,2391.563,-2723.724,-656.879
1,2392.563,-2722.749,-657.102
1,2393.563,-2721.774,-657.325
1,2394.563,-2720.800,-657.548
1,2395.563,-2719.825,-657.769
1,2396.563,-2718.849,-657.988
1,2397.562,-2717.873,-658.206
1,2398.562,-2716.897,-658.422
1,2399.562,-2715.921,-658.636
1,2400.562,-2714.944,-658.852
1,2401.562,-2713.968,-659.070
1,2402.561,-2712.993,-659.289
1,2403.561,-2712.018,-659.509
1,2404.561,-2711.042,-659.728
1,2405.561,-2710.067,-659.948
1,2406.561,-2709.091,-660.166
1,2407.561,-2708.116,-660.386
1,2408.560,-2707.140,-660.606
1,2409.560,-2706.166,-660.828
1,2410.560,-2705.192,-661.054
1,2411.560,-2704.218,-661.282
1,2412.560,-2703.245,-661.510
1,2413.559,-2702.271,-661.737
1,2414.559,-2701.296,-661.961
1,2415.559,-2700.321,-662.182
1,2416.559,-2699.346,-662.401
1,2417.559,-2698.370,-662.619
1,2418.559,-2697.394,-662.837
1,2419.558,-2696.418,-663.054
1,2420.558,-2695.442,-663.270
1,2421.558,-2694.466,-663.485
1,2422.558,-2693.489,-663.700
1,2423.558,-2692.514,-663.919
1,2424.557,-2691.539,-664.140
1,2425.557,-2690.564,-664.362
1,2426.557,-2689.588,-664.580
1,2427.557,-2688.612,-664.796
1,2428.557,-2687.635,-665.011
1,2429.557,-2686.659,-665.224
1,2430.556,-2685.682,-665.437
1,2431.556,-2684.706,-665.653
1,2432.556,-2683.730,-665.873
1,2433.556,-2682.755,-666.094
1,2434.556,-2681.780,-666.315
1,2435.555,-2680.805,-666.536
1,2436.555,-2679.830,-666.758
1,2437.555,-2678.855,-666.978
1,2438.555,-2677.879,-667.195
1,2439.555,-2676.902,-667.410
1,2440.555,-2675.926,-667.626
1,2441.554,-2674.950,-667.843
1,2442.554,-2673.974,-668.061
1,2443.554,-2672.999,-668.280
1,2444.554,-2672.024,-668.501
1,2445.554,-2671.049,-668.724
1,2446.553,-2670.074,-668.945
1,2447.553,-2669.099,-669.167
1,2448.553,-2668.124,-669.387
1,2449.553,-2667.149,-669.608
1,2450.553,-2666.174,-669.829
1,2451.552,-2665.198,-670.049
1,2452.552,-2664.223,-670.268
1,2453.552,-2663.248,-670.488
1,2454.552,-2662.272,-670.706
1,2455.552,-2661.296,-670.922
1,2456.552,-2660.319,-671.138
1,2457.551,-2659.343,-671.353
1,2458.551,-2658.367,-671.570
1,2459.551,-2657.391,-671.786
1,2460.551,-2656.415,-672.004
1,2461.551,-2655.440,-672.227
1,2462.550,-2654.467,-672.454
1,2463.550,-2653.494,-672.685
1,2464.550,-2652.521,-672.917
1,2465.550,-2651.548,-673.145
1,2466.550,-2650.573,-673.367
1,2467.550,-2649.596,-673.581
1,2468.549,-2648.618,-673.787
1,2469.549,-2647.639,-673.992
1,2470.549,-2646.661,-674.198
1,2471.549,-2645.683,-674.407
1,2472.549,-2644.706,-674.616
1,2473.548,-2643.728,-674.824
1,2474.548,-2642.750,-675.035
1,2475.548,-2641.773,-675.247
1,2476.548,-2640.797,-675.460
1,2477.548,-2639.820,-675.677
1,2478.548,-2638.845,-675.895
1,2479.547,-2637.869,-676.113
1,2480.547,-2636.894,-676.333
1,2481.547,-2635.918,-676.552
1,2482.547,-2634.943,-676.773
1,2483.547,-2633.968,-676.996
1,2484.546,-2632.993,-677.218
1,2485.546,-2632.018,-677.439
1,2486.546,-2631.043,-677.661
1,2487.546,-2630.069,-677.884
1,2488.546,-2629.094,-678.107
1,2489.546,-2628.119,-678.328
1,2490.545,-2627.144,-678.548
1,2491.545,-2626.168,-678.767
1,2492.545,-2625.193,-678.986
1,2493.545,-2624.217,-679.206
1,2494.545,-2623.242,-679.426
1,2495.544,-2622.267,-679.645
1,2496.544,-2621.291,-679.863
1,2497.544,-2620.315,-680.079
1,2498.544,-2619.339,-680.296
1,2499.544,-2618.363,-680.516
1,2500.544,-2617.389,-680.739
1,2501.543,-2616.414,-680.963
1,2502.543,-2615.440,-681.186
1,2503.543,-2614.465,-681.408
1,2504.543,-2613.489,-681.627
1,2505.543,-2612.514,-681.845
1,2506.542,-2611.538,-682.063
1,2507.542,-2610.562,-682.281
1,2508.542,-2609.586,-682.500
1,2509.542,-2608.611,-682.718
1,2510.542,-2607.635,-682.937
1,2511.542,-2606.659,-683.154
1,2512.541,-2605.684,-683.373
1,2513.541,-2604.708,-683.593
1,2514.541,-2603.733,-683.813
1,2515.541,-2602.758,-684.034
1,2516.541,-2601.783,-684.255
1,2517.540,-2600.808,-684.477
1,2518.540,-2599.833,-684.698
1,2519.540,-2598.858,-684.920
1,2520.540,-2597.883,-685.141
1,2521.540,-2596.908,-685.362
1,2522.540,-2595.933,-685.584
1,2523.539,-2594.958,-685.807
1,2524.539,-2593.983,-686.028
1,2525.539,-2593.008,-686.246
1,2526.539,-2592.032,-686.464
1,2527.539,-2591.055,-686.678
1,2528.538,-2590.078,-686.890
1,2529.538,-2589.101,-687.103
1,2530.538,-2588.124,-687.317
1,2531.538,-2587.148,-687.534
1,2532.538,-2586.173,-687.754
1,2533.538,-2585.199,-687.978
1,2534.537,-2584.225,-688.204
1,2535.537,-2583.251,-688.432
1,2536.537,-2582.278,-688.662
1,2537.537,-2581.305,-688.891
1,2538.537,-2580.332,-689.118
1,2539.536,-2579.358,-689.345
1,2540.536,-2578.383,-689.568
1,2541.536,-2577.408,-689.789
1,2542.536,-2576.432,-690.006
1,2543.536,-2575.455,-690.218
1,2544.536,-2574.478,-690.429
1,2545.535,-2573.500,-690.637
1,2546.535,-2572.521,-690.844
1,2547.535,-2571.543,-691.048
1,2548.535,-2570.564,-691.254
1,2549.535,-2569.586,-691.460
1,2550.534,-2568.608,-691.667
1,2551.534,-2567.631,-691.879
1,2552.534,-2566.655,-692.096
1,2553.534,-2565.680,-692.320
1,2554.534,-2564.707,-692.547
1,2555.534,-2563.734,-692.779
1,2556.533,-2562.762,-693.013
1,2557.533,-2561.790,-693.248
1,2558.533,-2560.818,-693.483
1,2559.533,-2559.846,-693.715
1,2560.533,-2558.873,-693.945
1,2561.532,-2557.899,-694.172
1,2562.532,-2556.925,-694.398
1,2563.532,-2555.951,-694.621
1,2564.532,-2554.976,-694.842
1,2565.532,-2554.000,-695.062
1,2566.532,-2553.025,-695.281
1,2567.531,-2552.048,-695.495
1,2568.531,-2551.071,-695.704
1,2569.531,-2550.092,-695.909
1,2570.531,-2549.112,-696.109
1,2571.531,-2548.132,-696.305
1,2572.530,-2547.151,-696.500
1,2573.530,-2546.171,-696.697
1,2574.530,-2545.192,-696.899
1,2575.530,-2544.214,-697.107
1,2576.530,-2543.237,-697.321
1,2577.529,-2542.262,-697.542
1,2578.529,-2541.289,-697.770
1,2579.529,-2540.316,-698.003
1,2580.529,-2539.345,-698.239
1,2581.529,-2538.374,-698.477
1,2582.529,-2537.403,-698.717
1,2583.528,-2536.432,-698.955
1,2584.528,-2535.461,-699.191
1,2585.528,-2534.488,-699.425
1,2586.528,-2533.515,-699.655
1,2587.528,-2532.541,-699.880
1,2588.527,-2531.566,-700.102
1,2589.527,-2530.591,-700.321
1,2590.527,-2529.614,-700.536
1,2591.527,-2528.637,-700.748
1,2592.527,-2527.660,-700.960
1,2593.527,-2526.683,-701.171
1,2594.526,-2525.706,-701.382
1,2595.526,-2524.729,-701.594
1,2596.526,-2523.752,-701.807
1,2597.526,-2522.775,-702.022
1,2598.526,-2521.799,-702.238
1,2599.525,-2520.823,-702.455
1,2600.525,-2519.847,-702.672
1,2601.525,-2518.871,-702.888
1,2602.525,-2517.894,-703.103
1,2603.525,-2516.918,-703.316
1,2604.525,-2515.941,-703.530
1,2605.524,-2514.965,-703.748
1,2606.524,-2513.990,-703.968
1,2607.524,-2513.016,-704.193
1,2608.524,-2512.042,-704.422
1,2609.524,-2511.070,-704.654
1,2610.523,-2510.098,-704.887
1,2611.523,-2509.125,-705.118
1,2612.523,-2508.151,-705.345
1,2613.523,-2507.176,-705.567
1,2614.523,-2506.200,-705.782
1,2615.523,-2505.222,-705.992
1,2616.522,-2504.244,-706.197
1,2617.522,-2503.265,-706.399
1,2618.522,-2502.286,-706.602
1,2619.522,-2501.307,-706.808
1,2620.522,-2500.330,-707.019
1,2621.521,-2499.354,-707.235
1,2622.521,-2498.379,-707.456
1,2623.521,-2497.405,-707.682
1,2624.521,-2496.431,-707.910
1,2625.521,-2495.457,-708.136
1,2626.521,-2494.483,-708.360
1,2627.520,-2493.507,-708.579
1,2628.520,-2492.531,-708.795
1,2629.520,-2491.554,-709.008
1,2630.520,-2490.577,-709.219
1,2631.520,-2489.600,-709.432
1,2632.519,-2488.624,-709.648
1,2633.519,-2487.648,-709.865
1,2634.519,-2486.673,-710.088
1,2635.519,-2485.699,-710.312
1,2636.519,-2484.725,-710.538
1,2637.519,-2483.751,-710.763
1,2638.518,-2482.776,-710.986
1,2639.518,-2481.801,-711.208
1,2640.518,-2480.826,-711.427
1,2641.518,-2479.850,-711.644
1,2642.518,-2478.874,-711.863
1,2643.517,-2477.899,-712.082
1,2644.517,-2476.923,-712.301
1,2645.517,-2475.948,-712.523
1,2646.517,-2474.974,-712.748
1,2647.517,-2474.000,-712.974
1,2648.517,-2473.026,-713.198
1,2649.516,-2472.050,-713.418
1,2650.516,-2471.074,-713.633
1,2651.516,-2470.096,-713.841
1,2652.516,-2469.117,-714.042
1,2653.516,-2468.137,-714.241
1,2654.515,-2467.157,-714.442
1,2655.515,-2466.179,-714.645
1,2656.515,-2465.201,-714.853
1,2657.515,-2464.224,-715.068
1,2658.515,-2463.249,-715.290
1,2659.515,-2462.275,-715.516
1,2660.514,-2461.302,-715.745
1,2661.514,-2460.329,-715.974
1,2662.514,-2459.356,-716.203
1,2663.514,-2458.382,-716.428
1,2664.514,-2457.407,-716.650
1,2665.513,-2456.431,-716.870
1,2666.513,-2455.456,-717.088
1,2667.513,-2454.480,-717.305
1,2668.513,-2453.504,-717.523
1,2669.513,-2452.528,-717.742
1,2670.513,-2451.553,-717.963
1,2671.512,-2450.578,-718.182
1,2672.512,-2449.602,-718.400
1,2673.512,-2448.626,-718.618
1,2674.512,-2447.650,-718.833
1,2675.512,-2446.672,-719.043
1,2676.511,-2445.695,-719.253
1,2677.511,-2444.717,-719.463
1,2678.511,-2443.740,-719.674
1,2679.511,-2442.764,-719.890
1,2680.511,-2441.788,-720.110
1,2681.511,-2440.814,-720.334
1,2682.510,-2439.840,-720.560
1,2683.510,-2438.866,-720.786
1,2684.510,-2437.892,-721.011
1,2685.510,-2436.917,-721.232
1,2686.510,-2435.941,-721.450
1,2687.509,-2434.965,-721.665
1,2688.509,-2433.988,-721.880
1,2689.509,-2433.012,-722.095
1,2690.509,-2432.036,-722.314
1,2691.509,-2431.062,-722.538
1,2692.509,-2430.088,-722.766
1,2693.508,-2429.115,-722.995
1,2694.508,-2428.141,-723.222
1,2695.508,-2427.167,-723.445
1,2696.508,-2426.191,-723.662
1,2697.508,-2425.213,-723.871
1,2698.507,-2424.234,-724.073
1,2699.507,-2423.254,-724.270
1,2700.507,-2422.274,-724.468
1,2701.507,-2421.293,-724.665
1,2702.507,-2420.314,-724.866
1,2703.507,-2419.335,-725.071
1,2704.506,-2418.358,-725.281
1,2705.506,-2417.381,-725.493
1,2706.506,-2416.404,-725.706
1,2707.506,-2415.427,-725.918
1,2708.506,-2414.450,-726.129
1,2709.505,-2413.472,-726.338
1,2710.505,-2412.494,-726.547
1,2711.505,-2411.516,-726.754
1,2712.505,-2410.537,-726.959
1,2713.505,-2409.559,-727.164
1,2714.504,-2408.580,-727.368
1,2715.504,-2407.601,-727.571
1,2716.504,-2406.622,-727.773
1,2717.504,-2405.642,-727.973
1,2718.504,-2404.663,-728.173
1,2719.504,-2403.682,-728.369
1,2720.503,-2402.702,-728.564
1,2721.503,-2401.720,-728.756
1,2722.503,-2400.738,-728.945
1,2723.503,-2399.757,-729.133
1,2724.503,-2398.775,-729.321
1,2725.502,-2397.793,-729.511
1,2726.502,-2396.811,-729.701
1,2727.502,-2395.830,-729.892
1,2728.502,-2394.848,-730.081
1,2729.502,-2393.866,-730.270
1,2730.502,-2392.884,-730.458
1,2731.501,-2391.902,-730.644
1,2732.501,-2390.920,-730.830
1,2733.501,-2389.937,-731.015
1,2734.501,-2388.955,-731.200
1,2735.501,-2387.972,-731.387
1,2736.500,-2386.991,-731.577
1,2737.500,-2386.010,-731.770
1,2738.500,-2385.029,-731.964
1,2739.500,-2384.048,-732.159
1,2740.500,-2383.068,-732.354
1,2741.500,-2382.087,-732.546
1,2742.499,-2381.105,-732.737
1,2743.499,-2380.123,-732.925
1,2744.499,-2379.141,-733.111
1,2745.499,-2378.157,-733.292
1,2746.499,-2377.174,-733.470
1,2747.498,-2376.189,-733.645
1,2748.498,-2375.205,-733.818
1,2749.498,-2374.219,-733.989
1,2750.498,-2373.234,-734.156
1,2751.498,-2372.247,-734.319
1,2752.498,-2371.260,-734.479
1,2753.497,-2370.273,-734.634
1,2754.497,-2369.285,-734.787
1,2755.497,-2368.296,-734.938
1,2756.497,-2367.308,-735.089
1,2757.497,-2366.319,-735.238
1,2758.496,-2365.330,-735.384
1,2759.496,-2364.340,-735.526
1,2760.496,-2363.350,-735.664
1,2761.496,-2362.359,-735.799
1,2762.496,-2361.368,-735.931
1,2763.496,-2360.377,-736.059
1,2764.495,-2359.385,-736.182
1,2765.495,-2358.392,-736.300
1,2766.495,-2357.398,-736.413
1,2767.495,-2356.404,-736.519
1,2768.495,-2355.410,-736.621
1,2769.494,-2354.415,-736.719
1,2770.494,-2353.419,-736.814
1,2771.494,-2352.424,-736.904
1,2772.494,-2351.428,-736.994
1,2773.494,-2350.432,-737.085
1,2774.494,-2349.437,-737.179
1,2775.493,-2348.442,-737.277
1,2776.493,-2347.447,-737.374
1,2777.493,-2346.451,-737.470
1,2778.493,-2345.456,-737.565
1,2779.493,-2344.460,-737.656
1,2780.492,-2343.464,-737.744
1,2781.492,-2342.468,-737.826
1,2782.492,-2341.471,-737.904
1,2783.492,-2340.474,-737.978
1,2784.492,-2339.477,-738.050
1,2785.492,-2338.480,-738.121
1,2786.491,-2337.483,-738.196
1,2787.491,-2336.486,-738.272
1,2788.491,-2335.489,-738.351
1,2789.491,-2334.493,-738.432
1,2790.491,-2333.496,-738.514
1,2791.490,-2332.500,-738.598
1,2792.490,-2331.503,-738.681
1,2793.490,-2330.507,-738.763
1,2794.490,-2329.510,-738.844
1,2795.490,-2328.514,-738.922
1,2796.490,-2327.517,-738.997
1,2797.489,-2326.520,-739.070
1,2798.489,-2325.522,-739.144
1,2799.489,-2324.525,-739.217
1,2800.489,-2323.528,-739.292
1,2801.489,-2322.531,-739.368
1,2802.488,-2321.535,-739.446
1,2803.488,-2320.538,-739.522
1,2804.488,-2319.541,-739.598
1,2805.488,-2318.544,-739.671
1,2806.488,-2317.546,-739.741
1,2807.488,-2316.549,-739.809
1,2808.487,-2315.551,-739.874
1,2809.487,-2314.553,-739.937
1,2810.487,-2313.555,-739.999
1,2811.487,-2312.557,-740.061
1,2812.487,-2311.560,-740.124
1,2813.486,-2310.562,-740.189
1,2814.486,-2309.564,-740.255
1,2815.486,-2308.567,-740.322
1,2816.486,-2307.569,-740.387
1,2817.486,-2306.571,-740.452
1,2818.486,-2305.573,-740.514
1,2819.485,-2304.575,-740.576
1,2820.485,-2303.577,-740.634
1,2821.485,-2302.579,-740.691
1,2822.485,-2301.581,-740.747
1,2823.485,-2300.583,-740.802
1,2824.484,-2299.584,-740.856
1,2825.484,-2298.586,-740.910
1,2826.484,-2297.588,-740.964
1,2827.484,-2296.589,-741.015
1,2828.484,-2295.590,-741.064
1,2829.484,-2294.592,-741.110
1,2830.483,-2293.593,-741.155
1,2831.483,-2292.594,-741.199
1,2832.483,-2291.595,-741.241
1,2833.483,-2290.596,-741.281
1,2834.483,-2289.597,-741.319
1,2835.482,-2288.598,-741.356
1,2836.482,-2287.599,-741.390
1,2837.482,-2286.599,-741.423
1,2838.482,-2285.600,-741.456
1,2839.482,-2284.601,-741.489
1,2840.481,-2283.602,-741.522
1,2841.481,-2282.602,-741.556
1,2842.481,-2281.603,-741.591
1,2843.481,-2280.604,-741.625
1,2844.481,-2279.605,-741.660
1,2845.481,-2278.605,-741.694
1,2846.480,-2277.606,-741.727
1,2847.480,-2276.607,-741.760
1,2848.480,-2275.608,-741.793
1,2849.480,-2274.608,-741.825
1,2850.480,-2273.609,-741.856
1,2851.479,-2272.610,-741.886
1,2852.479,-2271.610,-741.914
1,2853.479,-2270.611,-741.939
1,2854.479,-2269.611,-741.963
1,2855.479,-2268.612,-741.986
1,2856.479,-2267.612,-742.010
1,2857.478,-2266.613,-742.036
1,2858.478,-2265.613,-742.065
1,2859.478,-2264.614,-742.097
1,2860.478,-2263.615,-742.131
1,2861.478,-2262.615,-742.167
1,2862.477,-2261.616,-742.203
1,2863.477,-2260.617,-742.239
1,2864.477,-2259.618,-742.273
1,2865.477,-2258.619,-742.305
1,2866.477,-2257.619,-742.335
1,2867.477,-2256.620,-742.364
1,2868.476,-2255.620,-742.392
1,2869.476,-2254.621,-742.420
1,2870.476,-2253.621,-742.447
1,2871.476,-2252.622,-742.474
1,2872.476,-2251.623,-742.500
1,2873.475,-2250.623,-742.525
1,2874.475,-2249.624,-742.551
1,2875.475,-2248.624,-742.579
1,2876.475,-2247.625,-742.608
1,2877.475,-2246.625,-742.638
1,2878.475,-2245.626,-742.668
1,2879.474,-2244.627,-742.699
1,2880.474,-2243.627,-742.730
1,2881.474,-2242.628,-742.760
1,2882.474,-2241.629,-742.790
1,2883.474,-2240.629,-742.818
1,2884.473,-2239.630,-742.845
1,2885.473,-2238.630,-742.870
1,2886.473,-2237.631,-742.894
1,2887.473,-2236.631,-742.918
1,2888.473,-2235.632,-742.942
1,2889.473,-2234.632,-742.967
1,2890.472,-2233.633,-742.993
1,2891.472,-2232.633,-743.021
1,2892.472,-2231.634,-743.052
1,2893.472,-2230.635,-743.084
1,2894.472,-2229.635,-743.116
1,2895.471,-2228.636,-743.148
1,2896.471,-2227.637,-743.179
1,2897.471,-2226.637,-743.208
1,2898.471,-2225.638,-743.235
1,2899.471,-2224.638,-743.263
1,2900.471,-2223.639,-743.290
1,2901.470,-2222.639,-743.317
1,2902.470,-2221.640,-743.343
1,2903.470,-2220.640,-743.370
1,2904.470,-2219.641,-743.396
1,2905.470,-2218.642,-743.422
1,2906.469,-2217.642,-743.446
1,2907.469,-2216.642,-743.469
1,2908.469,-2215.643,-743.491
1,2909.469,-2214.643,-743.514
1,2910.469,-2213.644,-743.538
1,2911.469,-2212.644,-743.563
1,2912.468,-2211.645,-743.589
1,2913.468,-2210.645,-743.617
1,2914.468,-2209.646,-743.647
1,2915.468,-2208.647,-743.680
1,2916.468,-2207.648,-743.716
1,2917.467,-2206.648,-743.754
1,2918.467,-2205.649,-743.794
1,2919.467,-2204.651,-743.837
1,2920.467,-2203.652,-743.880
1,2921.467,-2202.653,-743.921
1,2922.467,-2201.654,-743.958
1,2923.466,-2200.654,-743.989
1,2924.466,-2199.655,-744.014
1,2925.466,-2198.655,-744.031
1,2926.466,-2197.655,-744.040
1,2927.466,-2196.655,-744.042
1,2928.465,-2195.656,-744.038
1,2929.465,-2194.656,-744.027
1,2930.465,-2193.656,-744.010
1,2931.465,-2192.657,-743.988
1,2932.465,-2191.657,-743.961
1,2933.465,-2190.658,-743.927
1,2934.464,-2189.659,-743.887
1,2935.464,-2188.660,-743.841
1,2936.464,-2187.661,-743.794
1,2937.464,-2186.663,-743.747
1,2938.464,-2185.664,-743.697
1,2939.463,-2184.666,-743.642
1,2940.463,-2183.668,-743.583
1,2941.463,-2182.670,-743.521
1,2942.463,-2181.672,-743.456
1,2943.463,-2180.675,-743.386
1,2944.463,-2179.678,-743.312
1,2945.462,-2178.681,-743.232
1,2946.462,-2177.685,-743.146
1,2947.462,-2176.689,-743.056
1,2948.462,-2175.694,-742.963
1,2949.462,-2174.699,-742.865
1,2950.461,-2173.704,-742.764
1,2951.461,-2172.710,-742.660
1,2952.461,-2171.716,-742.554
1,2953.461,-2170.721,-742.447
1,2954.461,-2169.727,-742.341
1,2955.461,-2168.733,-742.236
1,2956.460,-2167.739,-742.129
1,2957.460,-2166.745,-742.021
1,2958.460,-2165.751,-741.912
1,2959.460,-2164.757,-741.803
1,2960.460,-2163.763,-741.696
1,2961.459,-2162.769,-741.585
1,2962.459,-2161.776,-741.470
1,2963.459,-2160.784,-741.349
1,2964.459,-2159.792,-741.221
1,2965.459,-2158.802,-741.086
1,2966.459,-2157.812,-740.944
1,2967.458,-2156.824,-740.792
1,2968.458,-2155.837,-740.632
1,2969.458,-2154.851,-740.463
1,2970.458,-2153.867,-740.287
1,2971.458,-2152.884,-740.104
1,2972.457,-2151.902,-739.916
1,2973.457,-2150.921,-739.724
1,2974.457,-2149.941,-739.527
1,2975.457,-2148.962,-739.325
1,2976.457,-2147.983,-739.121
1,2977.456,-2147.005,-738.915
1,2978.456,-2146.026,-738.709
1,2979.456,-2145.048,-738.503
1,2980.456,-2144.070,-738.295
1,2981.456,-2143.093,-738.081
1,2982.456,-2142.117,-737.864
1,2983.455,-2141.142,-737.643
1,2984.455,-2140.168,-737.418
1,2985.455,-2139.195,-737.187
1,2986.455,-2138.224,-736.950
1,2987.455,-2137.254,-736.708
1,2988.454,-2136.285,-736.462
1,2989.454,-2135.317,-736.211
1,2990.454,-2134.350,-735.957
1,2991.454,-2133.383,-735.702
1,2992.454,-2132.417,-735.445
1,2993.454,-2131.451,-735.185
1,2994.453,-2130.486,-734.924
1,2995.453,-2129.522,-734.662
1,2996.453,-2128.557,-734.399
1,2997.453,-2127.593,-734.134
1,2998.453,-2126.629,-733.867
1,2999.452,-2125.666,-733.599
1,3000.452,-2124.704,-733.328
1,3001.452,-2123.741,-733.057
1,3002.452,-2122.779,-732.786
1,3003.452,-2121.817,-732.515
1,3004.452,-2120.854,-732.244
1,3005.451,-2119.891,-731.975
1,3006.451,-2118.927,-731.708
1,3007.451,-2117.963,-731.444
1,3008.451,-2116.998,-731.182
1,3009.451,-2116.033,-730.921
1,3010.450,-2115.068,-730.660
1,3011.450,-2114.103,-730.398
1,3012.450,-2113.139,-730.133
1,3013.450,-2112.176,-729.866
1,3014.450,-2111.213,-729.598
1,3015.450,-2110.249,-729.329
1,3016.449,-2109.286,-729.062
1,3017.449,-2108.322,-728.796
1,3018.449,-2107.358,-728.531
1,3019.449,-2106.394,-728.265
1,3020.449,-2105.430,-727.999
1,3021.448,-2104.466,-727.735
1,3022.448,-2103.502,-727.472
1,3023.448,-2102.537,-727.211
1,3024.448,-2101.571,-726.950
1,3025.448,-2100.606,-726.689
1,3026.448,-2099.641,-726.427
1,3027.447,-2098.677,-726.164
1,3028.447,-2097.712,-725.900
1,3029.447,-2096.748,-725.636
1,3030.447,-2095.784,-725.371
1,3031.447,-2094.820,-725.105
1,3032.446,-2093.857,-724.836
1,3033.446,-2092.895,-724.566
1,3034.446,-2091.932,-724.296
1,3035.446,-2090.969,-724.027
1,3036.446,-2090.006,-723.759
1,3037.446,-2089.042,-723.492
1,3038.445,-2088.078,-723.227
1,3039.445,-2087.114,-722.963
1,3040.445,-2086.149,-722.700
1,3041.445,-2085.184,-722.438
1,3042.445,-2084.219,-722.177
1,3043.444,-2083.254,-721.915
1,3044.444,-2082.289,-721.653
1,3045.444,-2081.325,-721.388
1,3046.444,-2080.362,-721.121
1,3047.444,-2079.398,-720.854
1,3048.444,-2078.435,-720.586
1,3049.443,-2077.471,-720.320
1,3050.443,-2076.507,-720.055
1,3051.443,-2075.543,-719.792
1,3052.443,-2074.577,-719.531
1,3053.443,-2073.612,-719.270
1,3054.442,-2072.648,-719.007
1,3055.442,-2071.683,-718.743
1,3056.442,-2070.719,-718.479
1,3057.442,-2069.755,-718.213
1,3058.442,-2068.792,-717.946
1,3059.442,-2067.828,-717.680
1,3060.441,-2066.864,-717.414
1,3061.441,-2065.900,-717.150
1,3062.441,-2064.936,-716.885
1,3063.441,-2063.972,-716.618
1,3064.441,-2063.008,-716.352
1,3065.440,-2062.044,-716.088
1,3066.440,-2061.080,-715.823
1,3067.440,-2060.116,-715.559
1,3068.440,-2059.152,-715.294
1,3069.440,-2058.188,-715.028
1,3070.440,-2057.224,-714.761
1,3071.439,-2056.262,-714.492
1,3072.439,-2055.300,-714.219
1,3073.439,-2054.338,-713.946
1,3074.439,-2053.376,-713.673
1,3075.439,-2052.413,-713.403
1,3076.438,-2051.450,-713.136
1,3077.438,-2050.486,-712.871
1,3078.438,-2049.521,-712.610
1,3079.438,-2048.555,-712.350
1,3080.438,-2047.590,-712.090
1,3081.438,-2046.624,-711.830
1,3082.437,-2045.659,-711.570
1,3083.437,-2044.693,-711.312
1,3084.437,-2043.728,-711.052
1,3085.437,-2042.763,-710.788
1,3086.437,-2041.800,-710.522
1,3087.436,-2040.836,-710.254
1,3088.436,-2039.874,-709.984
1,3089.436,-2038.911,-709.713
1,3090.436,-2037.949,-709.442
1,3091.436,-2036.987,-709.171
1,3092.436,-2036.024,-708.900
1,3093.435,-2035.061,-708.631
1,3094.435,-2034.098,-708.364
1,3095.435,-2033.134,-708.097
1,3096.435,-2032.170,-707.831
1,3097.435,-2031.206,-707.565
1,3098.434,-2030.243,-707.299
1,3099.434,-2029.278,-707.035
1,3100.434,-2028.313,-706.773
1,3101.434,-2027.348,-706.512
1,3102.434,-2026.383,-706.251
1,3103.434,-2025.418,-705.988
1,3104.433,-2024.454,-705.724
1,3105.433,-2023.490,-705.459
1,3106.433,-2022.527,-705.193
1,3107.433,-2021.563,-704.926
1,3108.433,-2020.599,-704.659
1,3109.432,-2019.636,-704.393
1,3110.432,-2018.672,-704.125
1,3111.432,-2017.709,-703.857
1,3112.432,-2016.746,-703.589
1,3113.432,-2015.782,-703.322
1,3114.431,-2014.819,-703.054
1,3115.431,-2013.856,-702.786
1,3116.431,-2012.892,-702.521
1,3117.431,-2011.927,-702.258
1,3118.431,-2010.962,-701.997
1,3119.431,-2009.997,-701.736
1,3120.430,-2009.032,-701.475
1,3121.430,-2008.067,-701.212
1,3122.430,-2007.103,-700.947
1,3123.430,-2006.140,-700.679
1,3124.430,-2005.177,-700.409
1,3125.429,-2004.215,-700.136
1,3126.429,-2003.253,-699.864
1,3127.429,-2002.291,-699.591
1,3128.429,-2001.329,-699.320
1,3129.429,-2000.366,-699.052
1,3130.429,-1999.402,-698.787
1,3131.428,-1998.437,-698.525
1,3132.428,-1997.472,-698.264
1,3133.428,-1996.506,-698.006
1,3134.428,-1995.540,-697.747
1,3135.428,-1994.575,-697.487
1,3136.427,-1993.610,-697.226
1,3137.427,-1992.645,-696.962
1,3138.427,-1991.681,-696.696
1,3139.427,-1990.718,-696.429
1,3140.427,-1989.755,-696.160
1,3141.427,-1988.792,-695.890
1,3142.426,-1987.829,-695.621
1,3143.426,-1986.866,-695.355
1,3144.426,-1985.901,-695.091
1,3145.426,-1984.936,-694.830
1,3146.426,-1983.970,-694.571
1,3147.425,-1983.005,-694.312
1,3148.425,-1982.039,-694.052
1,3149.425,-1981.074,-693.791
1,3150.425,-1980.110,-693.526
1,3151.425,-1979.147,-693.258
1,3152.425,-1978.184,-692.988
1,3153.424,-1977.222,-692.716
1,3154.424,-1976.260,-692.443
1,3155.424,-1975.298,-692.173
1,3156.424,-1974.335,-691.904
1,3157.424,-1973.371,-691.638
1,3158.423,-1972.406,-691.375
1,3159.423,-1971.441,-691.114
1,3160.423,-1970.476,-690.853
1,3161.423,-1969.512,-690.589
1,3162.423,-1968.547,-690.325
1,3163.423,-1967.584,-690.058
1,3164.422,-1966.620,-689.790
1,3165.422,-1965.657,-689.524
1,3166.422,-1964.693,-689.258
1,3167.422,-1963.728,-688.995
1,3168.422,-1962.763,-688.736
1,3169.421,-1961.797,-688.478
1,3170.421,-1960.831,-688.219
1,3171.421,-1959.866,-687.956
1,3172.421,-1958.903,-687.690
1,3173.421,-1957.940,-687.419
1,3174.421,-1956.979,-687.144
1,3175.420,-1956.018,-686.867
1,3176.420,-1955.057,-686.592
1,3177.420,-1954.095,-686.321
1,3178.420,-1953.130,-686.058
1,3179.420,-1952.164,-685.802
1,3180.419,-1951.197,-685.548
1,3181.419,-1950.229,-685.295
1,3182.419,-1949.263,-685.037
1,3183.419,-1948.299,-684.774
1,3184.419,-1947.336,-684.504
1,3185.419,-1946.375,-684.230
1,3186.418,-1945.413,-683.956
1,3187.418,-1944.451,-683.684
1,3188.418,-1943.487,-683.417
1,3189.418,-1942.522,-683.155
1,3190.418,-1941.556,-682.898
1,3191.417,-1940.589,-682.645
1,3192.417,-1939.622,-682.391
1,3193.417,-1938.656,-682.134
1,3194.417,-1937.691,-681.871
1,3195.417,-1936.728,-681.604
1,3196.417,-1935.765,-681.333
1,3197.416,-1934.804,-681.059
1,3198.416,-1933.843,-680.783
1,3199.416,-1932.881,-680.509
1,3200.416,-1931.919,-680.238
1,3201.416,-1930.954,-679.974
1,3202.415,-1929.989,-679.715
1,3203.415,-1929.022,-679.459
1,3204.415,-1928.055,-679.206
1,3205.415,-1927.088,-678.950
1,3206.415,-1926.123,-678.692
1,3207.415,-1925.158,-678.428
1,3208.414,-1924.195,-678.159
1,3209.414,-1923.233,-677.888
1,3210.414,-1922.272,-677.612
1,3211.414,-1921.311,-677.337
1,3212.414,-1920.349,-677.062
1,3213.413,-1919.387,-676.792
1,3214.413,-1918.423,-676.528
1,3215.413,-1917.457,-676.268
1,3216.413,-1916.490,-676.012
1,3217.413,-1915.523,-675.758
1,3218.413,-1914.557,-675.504
1,3219.412,-1913.590,-675.248
1,3220.412,-1912.624,-674.991
1,3221.412,-1911.658,-674.731
1,3222.412,-1910.694,-674.468
1,3223.412,-1909.730,-674.203
1,3224.411,-1908.767,-673.935
1,3225.411,-1907.804,-673.664
1,3226.411,-1906.842,-673.393
1,3227.411,-1905.880,-673.121
1,3228.411,-1904.917,-672.851
1,3229.411,-1903.954,-672.581
1,3230.410,-1902.991,-672.313
1,3231.410,-1902.027,-672.046
1,3232.410,-1901.063,-671.783
1,3233.410,-1900.098,-671.522
1,3234.410,-1899.133,-671.261
1,3235.409,-1898.168,-671.000
1,3236.409,-1897.203,-670.736
1,3237.409,-1896.240,-670.469
1,3238.409,-1895.277,-670.198
1,3239.409,-1894.315,-669.925
1,3240.408,-1893.353,-669.652
1,3241.408,-1892.391,-669.381
1,3242.408,-1891.428,-669.113
1,3243.408,-1890.463,-668.850
1,3244.408,-1889.497,-668.593
1,3245.408,-1888.530,-668.337
1,3246.407,-1887.564,-668.083
1,3247.407,-1886.598,-667.825
1,3248.407,-1885.633,-667.563
1,3249.407,-1884.670,-667.295
1,3250.407,-1883.708,-667.022
1,3251.406,-1882.747,-666.746
1,3252.406,-1881.786,-666.469
1,3253.406,-1880.825,-666.194
1,3254.406,-1879.862,-665.925
1,3255.406,-1878.897,-665.661
1,3256.406,-1877.932,-665.402
1,3257.405,-1876.965,-665.148
1,3258.405,-1875.998,-664.893
1,3259.405,-1875.032,-664.635
1,3260.405,-1874.067,-664.373
1,3261.405,-1873.104,-664.105
1,3262.404,-1872.142,-663.833
1,3263.404,-1871.182,-663.555
1,3264.404,-1870.222,-663.275
1,3265.404,-1869.261,-662.998
1,3266.404,-1868.299,-662.726
1,3267.404,-1867.335,-662.460
1,3268.403,-1866.369,-662.201
1,3269.403,-1865.402,-661.948
1,3270.403,-1864.434,-661.699
1,3271.403,-1863.466,-661.448
1,3272.403,-1862.500,-661.191
1,3273.402,-1861.535,-660.929
1,3274.402,-1860.571,-660.663
1,3275.402,-1859.610,-660.389
1,3276.402,-1858.649,-660.113
1,3277.402,-1857.688,-659.837
1,3278.402,-1856.726,-659.563
1,3279.401,-1855.764,-659.291
1,3280.401,-1854.800,-659.025
1,3281.401,-1853.835,-658.764
1,3282.401,-1852.869,-658.505
1,3283.401,-1851.903,-658.247
1,3284.400,-1850.938,-657.988
1,3285.400,-1849.973,-657.727
1,3286.400,-1849.009,-657.460
1,3287.400,-1848.047,-657.188
1,3288.400,-1847.085,-656.915
1,3289.400,-1846.124,-656.640
1,3290.399,-1845.163,-656.364
1,3291.399,-1844.201,-656.091
1,3292.399,-1843.238,-655.821
1,3293.399,-1842.275,-655.555
1,3294.399,-1841.310,-655.292
1,3295.398,-1840.345,-655.030
1,3296.398,-1839.380,-654.771
1,3297.398,-1838.414,-654.513
1,3298.398,-1837.447,-654.256
1,3299.398,-1836.481,-653.999
1,3300.398,-1835.515,-653.743
1,3301.397,-1834.548,-653.488
1,3302.397,-1833.581,-653.232
1,3303.397,-1832.616,-652.973
1,3304.397,-1831.651,-652.711
1,3305.397,-1830.687,-652.445
1,3306.396,-1829.724,-652.175
1,3307.396,-1828.763,-651.902
1,3308.396,-1827.801,-651.627
1,3309.396,-1826.840,-651.352
1,3310.396,-1825.877,-651.082
1,3311.396,-1824.914,-650.815
1,3312.395,-1823.949,-650.553
1,3313.395,-1822.983,-650.295
1,3314.395,-1822.016,-650.041
1,3315.395,-1821.049,-649.785
1,3316.395,-1820.084,-649.527
1,3317.394,-1819.119,-649.264
1,3318.394,-1818.156,-648.994
1,3319.394,-1817.194,-648.721
1,3320.394,-1816.234,-648.445
1,3321.394,-1815.273,-648.166
1,3322.394,-1814.312,-647.890
1,3323.393,-1813.350,-647.621
1,3324.393,-1812.385,-647.358
1,3325.393,-1811.420,-647.097
1,3326.393,-1810.453,-646.841
1,3327.393,-1809.486,-646.587
1,3328.392,-1808.520,-646.330
1,3329.392,-1807.555,-646.067
1,3330.392,-1806.591,-645.802
1,3331.392,-1805.629,-645.532
1,3332.392,-1804.667,-645.258
1,3333.392,-1803.706,-644.982
1,3334.391,-1802.745,-644.707
1,3335.391,-1801.782,-644.438
1,3336.391,-1800.817,-644.175
1,3337.391,-1799.852,-643.916
1,3338.391,-1798.885,-643.662
1,3339.390,-1797.917,-643.409
1,3340.390,-1796.950,-643.156
1,3341.390,-1795.984,-642.897
1,3342.390,-1795.020,-642.632
1,3343.390,-1794.057,-642.363
1,3344.390,-1793.096,-642.089
1,3345.389,-1792.135,-641.812
1,3346.389,-1791.174,-641.537
1,3347.389,-1790.212,-641.265
1,3348.389,-1789.249,-640.996
1,3349.389,-1788.285,-640.732
1,3350.388,-1787.319,-640.473
1,3351.388,-1786.352,-640.217
1,3352.388,-1785.385,-639.965
1,3353.388,-1784.418,-639.712
1,3354.388,-1783.451,-639.454
1,3355.388,-1782.487,-639.192
1,3356.387,-1781.523,-638.927
1,3357.387,-1780.560,-638.658
1,3358.387,-1779.598,-638.386
1,3359.387,-1778.636,-638.113
1,3360.387,-1777.673,-637.842
1,3361.386,-1776.710,-637.573
1,3362.386,-1775.747,-637.307
1,3363.386,-1774.782,-637.045
1,3364.386,-1773.816,-636.786
1,3365.386,-1772.850,-636.529
1,3366.386,-1771.884,-636.271
1,3367.385,-1770.919,-636.010
1,3368.385,-1769.955,-635.745
1,3369.385,-1768.991,-635.479
1,3370.385,-1768.027,-635.212
1,3371.385,-1767.065,-634.941
1,3372.384,-1766.103,-634.670
1,3373.384,-1765.140,-634.400
1,3374.384,-1764.177,-634.130
1,3375.384,-1763.214,-633.860
1,3376.384,-1762.252,-633.590
1,3377.383,-1761.289,-633.320
1,3378.383,-1760.326,-633.051
1,3379.383,-1759.364,-632.781
1,3380.383,-1758.401,-632.511
1,3381.383,-1757.438,-632.243
1,3382.383,-1756.475,-631.974
1,3383.382,-1755.512,-631.705
1,3384.382,-1754.549,-631.435
1,3385.382,-1753.587,-631.164
1,3386.382,-1752.623,-630.897
1,3387.382,-1751.659,-630.634
1,3388.381,-1750.693,-630.374
1,3389.381,-1749.726,-630.121
1,3390.381,-1748.757,-629.873
1,3391.381,-1747.788,-629.628
1,3392.381,-1746.818,-629.384
1,3393.381,-1745.848,-629.142
1,3394.380,-1744.878,-628.902
1,3395.380,-1743.907,-628.663
1,3396.380,-1742.936,-628.425
1,3397.380,-1741.964,-628.190
1,3398.380,-1740.991,-627.959
1,3399.379,-1740.019,-627.728
1,3400.379,-1739.045,-627.499
1,3401.379,-1738.071,-627.273
1,3402.379,-1737.097,-627.047
1,3403.379,-1736.124,-626.820
1,3404.379,-1735.151,-626.591
1,3405.378,-1734.178,-626.360
1,3406.378,-1733.205,-626.129
1,3407.378,-1732.232,-625.899
1,3408.378,-1731.259,-625.669
1,3409.378,-1730.285,-625.441
1,3410.377,-1729.311,-625.216
1,3411.377,-1728.337,-624.993
1,3412.377,-1727.361,-624.772
1,3413.377,-1726.385,-624.556
1,3414.377,-1725.408,-624.345
1,3415.377,-1724.430,-624.139
1,3416.376,-1723.451,-623.935
1,3417.376,-1722.471,-623.734
1,3418.376,-1721.492,-623.536
1,3419.376,-1720.511,-623.338
1,3420.376,-1719.531,-623.140
1,3421.375,-1718.551,-622.944
1,3422.375,-1717.571,-622.746
1,3423.375,-1716.591,-622.548
1,3424.375,-1715.612,-622.347
1,3425.375,-1714.632,-622.146
1,3426.375,-1713.652,-621.947
1,3427.374,-1712.672,-621.749
1,3428.374,-1711.692,-621.555
1,3429.374,-1710.710,-621.365
1,3430.374,-1709.728,-621.178
1,3431.374,-1708.745,-620.994
1,3432.373,-1707.762,-620.812
1,3433.373,-1706.779,-620.631
1,3434.373,-1705.795,-620.454
1,3435.373,-1704.810,-620.281
1,3436.373,-1703.825,-620.111
1,3437.373,-1702.839,-619.945
1,3438.372,-1701.852,-619.781
1,3439.372,-1700.866,-619.618
1,3440.372,-1699.879,-619.456
1,3441.372,-1698.893,-619.294
1,3442.372,-1697.906,-619.134
1,3443.371,-1696.919,-618.976
1,3444.371,-1695.931,-618.820
1,3445.371,-1694.943,-618.669
1,3446.371,-1693.954,-618.522
1,3447.371,-1692.964,-618.379
1,3448.371,-1691.974,-618.242
1,3449.370,-1690.983,-618.107
1,3450.370,-1689.992,-617.974
1,3451.370,-1689.001,-617.843
1,3452.370,-1688.010,-617.714
1,3453.370,-1687.018,-617.586
1,3454.369,-1686.026,-617.458
1,3455.369,-1685.035,-617.329
1,3456.369,-1684.044,-617.199
1,3457.369,-1683.052,-617.070
1,3458.369,-1682.060,-616.943
1,3459.369,-1681.068,-616.820
1,3460.368,-1680.076,-616.699
1,3461.368,-1679.083,-616.582
1,3462.368,-1678.090,-616.466
1,3463.368,-1677.096,-616.351
1,3464.368,-1676.103,-616.236
1,3465.367,-1675.110,-616.122
1,3466.367,-1674.117,-616.008
1,3467.367,-1673.123,-615.894
1,3468.367,-1672.130,-615.781
1,3469.367,-1671.136,-615.673
1,3470.367,-1670.141,-615.570
1,3471.366,-1669.146,-615.473
1,3472.366,-1668.151,-615.381
1,3473.366,-1667.155,-615.292
1,3474.366,-1666.159,-615.206
1,3475.366,-1665.163,-615.120
1,3476.365,-1664.167,-615.035
1,3477.365,-1663.171,-614.947
1,3478.365,-1662.175,-614.860
1,3479.365,-1661.179,-614.771
1,3480.365,-1660.183,-614.679
1,3481.365,-1659.187,-614.590
1,3482.364,-1658.191,-614.504
1,3483.364,-1657.195,-614.424
1,3484.364,-1656.198,-614.349
1,3485.364,-1655.200,-614.280
1,3486.364,-1654.202,-614.216
1,3487.363,-1653.205,-614.153
1,3488.363,-1652.207,-614.089
1,3489.363,-1651.209,-614.022
1,3490.363,-1650.212,-613.951
1,3491.363,-1649.215,-613.876
1,3492.363,-1648.218,-613.801
1,3493.362,-1647.221,-613.723
1,3494.362,-1646.224,-613.647
1,3495.362,-1645.227,-613.577
1,3496.362,-1644.229,-613.514
1,3497.362,-1643.231,-613.459
1,3498.361,-1642.232,-613.408
1,3499.361,-1641.234,-613.359
1,3500.361,-1640.235,-613.310
1,3501.361,-1639.237,-613.255
1,3502.361,-1638.239,-613.193
1,3503.360,-1637.241,-613.125
1,3504.360,-1636.244,-613.054
1,3505.360,-1635.247,-612.980
1,3506.360,-1634.250,-612.905
1,3507.360,-1633.253,-612.832
1,3508.360,-1632.255,-612.763
1,3509.359,-1631.258,-612.698
1,3510.359,-1630.259,-612.640
1,3511.359,-1629.261,-612.585
1,3512.359,-1628.263,-612.534
1,3513.359,-1627.264,-612.485
1,3514.358,-1626.265,-612.437
1,3515.358,-1625.267,-612.386
1,3516.358,-1624.268,-612.333
1,3517.358,-1623.270,-612.277
1,3518.358,-1622.272,-612.220
1,3519.358,-1621.274,-612.160
1,3520.357,-1620.276,-612.098
1,3521.357,-1619.278,-612.036
1,3522.357,-1618.280,-611.974
1,3523.357,-1617.282,-611.912
1,3524.357,-1616.285,-611.849
1,3525.356,-1615.287,-611.786
1,3526.356,-1614.289,-611.722
1,3527.356,-1613.291,-611.656
1,3528.356,-1612.294,-611.590
1,3529.356,-1611.296,-611.524
1,3530.356,-1610.298,-611.459
1,3531.355,-1609.300,-611.397
1,3532.355,-1608.302,-611.338
1,3533.355,-1607.304,-611.281
1,3534.355,-1606.306,-611.225
1,3535.355,-1605.308,-611.170
1,3536.354,-1604.309,-611.114
1,3537.354,-1603.311,-611.057
1,3538.354,-1602.313,-610.999
1,3539.354,-1601.315,-610.938
1,3540.354,-1600.317,-610.876
1,3541.354,-1599.319,-610.814
1,3542.353,-1598.321,-610.754
1,3543.353,-1597.323,-610.697
1,3544.353,-1596.325,-610.643
1,3545.353,-1595.326,-610.593
1,3546.353,-1594.328,-610.542
1,3547.352,-1593.329,-610.487
1,3548.352,-1592.331,-610.429
1,3549.352,-1591.333,-610.366
1,3550.352,-1590.336,-610.301
1,3551.352,-1589.338,-610.231
1,3552.352,-1588.341,-610.161
1,3553.351,-1587.344,-610.091
1,3554.351,-1586.346,-610.025
1,3555.351,-1585.348,-609.964
1,3556.351,-1584.350,-609.910
1,3557.351,-1583.351,-609.864
1,3558.350,-1582.352,-609.821
1,3559.350,-1581.353,-609.777
1,3560.350,-1580.354,-609.731
1,3561.350,-1579.356,-609.682
1,3562.350,-1578.358,-609.625
1,3563.350,-1577.360,-609.563
1,3564.349,-1576.362,-609.497
1,3565.349,-1575.365,-609.429
1,3566.349,-1574.367,-609.360
1,3567.349,-1573.370,-609.291
1,3568.349,-1572.372,-609.223
1,3569.348,-1571.374,-609.159
1,3570.348,-1570.376,-609.099
1,3571.348,-1569.378,-609.040
1,3572.348,-1568.380,-608.987
1,3573.348,-1567.381,-608.936
1,3574.348,-1566.383,-608.886
1,3575.347,-1565.384,-608.836
1,3576.347,-1564.386,-608.783
1,3577.347,-1563.388,-608.728
1,3578.347,-1562.389,-608.671
1,3579.347,-1561.391,-608.610
1,3580.346,-1560.394,-608.548
1,3581.346,-1559.396,-608.486
1,3582.346,-1558.398,-608.425
1,3583.346,-1557.400,-608.366
1,3584.346,-1556.402,-608.307
1,3585.346,-1555.403,-608.251
1,3586.345,-1554.405,-608.195
1,3587.345,-1553.407,-608.139
1,3588.345,-1552.409,-608.083
1,3589.345,-1551.410,-608.025
1,3590.345,-1550.412,-607.966
1,3591.344,-1549.414,-607.905
1,3592.344,-1548.417,-607.841
1,3593.344,-1547.419,-607.777
1,3594.344,-1546.421,-607.715
1,3595.344,-1545.423,-607.653
1,3596.344,-1544.425,-607.592
1,3597.343,-1543.427,-607.532
1,3598.343,-1542.429,-607.475
1,3599.343,-1541.431,-607.418
1,3600.343,-1540.432,-607.363
1,3601.343,-1539.434,-607.309
1,3602.342,-1538.436,-607.255
1,3603.342,-1537.437,-607.201
1,3604.342,-1536.439,-607.145
1,3605.342,-1535.441,-607.089
1,3606.342,-1534.443,-607.031
1,3607.342,-1533.445,-606.970
1,3608.341,-1532.447,-606.910
1,3609.341,-1531.449,-606.847
1,3610.341,-1530.451,-606.782
1,3611.341,-1529.454,-606.716
1,3612.341,-1528.456,-606.649
1,3613.340,-1527.459,-606.580
1,3614.340,-1526.461,-606.511
1,3615.340,-1525.464,-606.441
1,3616.340,-1524.466,-606.372
1,3617.340,-1523.469,-606.307
1,3618.340,-1522.471,-606.247
1,3619.339,-1521.472,-606.191
1,3620.339,-1520.474,-606.140
1,3621.339,-1519.475,-606.094
1,3622.339,-1518.476,-606.049
1,3623.339,-1517.478,-606.004
1,3624.338,-1516.479,-605.957
1,3625.338,-1515.480,-605.907
1,3626.338,-1514.482,-605.854
1,3627.338,-1513.484,-605.794
1,3628.338,-1512.486,-605.729
1,3629.338,-1511.488,-605.663
1,3630.337,-1510.491,-605.599
1,3631.337,-1509.493,-605.537
1,3632.337,-1508.495,-605.478
1,3633.337,-1507.496,-605.424
1,3634.337,-1506.498,-605.369
1,3635.336,-1505.500,-605.313
1,3636.336,-1504.502,-605.255
1,3637.336,-1503.504,-605.195
1,3638.336,-1502.506,-605.132
1,3639.336,-1501.508,-605.067
1,3640.335,-1500.510,-605.002
1,3641.335,-1499.513,-604.938
1,3642.335,-1498.515,-604.878
1,3643.335,-1497.516,-604.821
1,3644.335,-1496.518,-604.766
1,3645.335,-1495.520,-604.712
1,3646.334,-1494.522,-604.656
1,3647.334,-1493.523,-604.597
1,3648.334,-1492.526,-604.533
1,3649.334,-1491.528,-604.470
1,3650.334,-1490.530,-604.406
1,3651.333,-1489.532,-604.345
1,3652.333,-1488.534,-604.287
1,3653.333,-1487.536,-604.233
1,3654.333,-1486.537,-604.182
1,3655.333,-1485.539,-604.131
1,3656.333,-1484.540,-604.077
1,3657.332,-1483.542,-604.019
1,3658.332,-1482.544,-603.955
1,3659.332,-1481.547,-603.887
1,3660.332,-1480.550,-603.816
1,3661.332,-1479.552,-603.745
1,3662.331,-1478.555,-603.675
1,3663.331,-1477.557,-603.607
1,3664.331,-1476.560,-603.544
1,3665.331,-1475.562,-603.485
1,3666.331,-1474.563,-603.429
1,3667.331,-1473.565,-603.376
1,3668.330,-1472.566,-603.326
1,3669.330,-1471.568,-603.279
1,3670.330,-1470.569,-603.233
1,3671.330,-1469.570,-603.187
1,3672.330,-1468.571,-603.142
1,3673.329,-1467.572,-603.096
1,3674.329,-1466.574,-603.049
1,3675.329,-1465.575,-603.002
1,3676.329,-1464.576,-602.954
1,3677.329,-1463.578,-602.905
1,3678.329,-1462.579,-602.854
1,3679.328,-1461.581,-602.801
1,3680.328,-1460.583,-602.746
1,3681.328,-1459.584,-602.689
1,3682.328,-1458.586,-602.627
1,3683.328,-1457.589,-602.561
1,3684.327,-1456.591,-602.492
1,3685.327,-1455.594,-602.423
1,3686.327,-1454.596,-602.355
1,3687.327,-1453.599,-602.288
1,3688.327,-1452.601,-602.223
1,3689.327,-1451.603,-602.161
1,3690.326,-1450.605,-602.102
1,3691.326,-1449.607,-602.045
1,3692.326,-1448.609,-601.990
1,3693.326,-1447.610,-601.934
1,3694.326,-1446.612,-601.876
1,3695.325,-1445.614,-601.814
1,3696.325,-1444.617,-601.748
1,3697.325,-1443.619,-601.682
1,3698.325,-1442.622,-601.615
1,3699.325,-1441.624,-601.547
1,3700.325,-1440.627,-601.479
1,3701.324,-1439.629,-601.412
1,3702.324,-1438.631,-601.347
1,3703.324,-1437.633,-601.284
1,3704.324,-1436.635,-601.225
1,3705.324,-1435.637,-601.168
1,3706.323,-1434.639,-601.113
1,3707.323,-1433.640,-601.061
1,3708.323,-1432.642,-601.010
1,3709.323,-1431.644,-600.957
1,3710.323,-1430.645,-600.904
1,3711.323,-1429.647,-600.850
1,3712.322,-1428.648,-600.796
1,3713.322,-1427.650,-600.741
1,3714.322,-1426.652,-600.686
1,3715.322,-1425.653,-600.633
1,3716.322,-1424.655,-600.580
1,3717.321,-1423.657,-600.526
1,3718.321,-1422.658,-600.473
1,3719.321,-1421.660,-600.418
1,3720.321,-1420.662,-600.362
1,3721.321,-1419.663,-600.307
1,3722.321,-1418.665,-600.253
1,3723.320,-1417.667,-600.200
1,3724.320,-1416.668,-600.147
1,3725.320,-1415.670,-600.092
1,3726.320,-1414.672,-600.033
1,3727.320,-1413.674,-599.970
1,3728.319,-1412.676,-599.905
1,3729.319,-1411.679,-599.837
1,3730.319,-1410.681,-599.768
1,3731.319,-1409.684,-599.699
1,3732.319,-1408.686,-599.633
1,3733.319,-1407.689,-599.568
1,3734.318,-1406.691,-599.507
1,3735.318,-1405.692,-599.449
1,3736.318,-1404.694,-599.392
1,3737.318,-1403.696,-599.332
1,3738.318,-1402.698,-599.269
1,3739.317,-1401.701,-599.204
1,3740.317,-1400.703,-599.139
1,3741.317,-1399.705,-599.076
1,3742.317,-1398.707,-599.013
1,3743.317,-1397.709,-598.951
1,3744.317,-1396.711,-598.892
1,3745.316,-1395.713,-598.835
1,3746.316,-1394.715,-598.778
1,3747.316,-1393.717,-598.721
1,3748.316,-1392.719,-598.662
1,3749.316,-1391.721,-598.601
1,3750.315,-1390.723,-598.535
1,3751.315,-1389.726,-598.467
1,3752.315,-1388.728,-598.399
1,3753.315,-1387.730,-598.336
1,3754.315,-1386.732,-598.275
1,3755.315,-1385.734,-598.217
1,3756.314,-1384.736,-598.158
1,3757.314,-1383.738,-598.096
1,3758.314,-1382.741,-598.031
1,3759.314,-1381.743,-597.963
1,3760.314,-1380.746,-597.894
1,3761.313,-1379.748,-597.826
1,3762.313,-1378.751,-597.758
1,3763.313,-1377.753,-597.693
1,3764.313,-1376.755,-597.629
1,3765.313,-1375.757,-597.565
1,3766.312,-1374.760,-597.502
1,3767.312,-1373.762,-597.438
1,3768.312,-1372.764,-597.374
1,3769.312,-1371.766,-597.306
1,3770.312,-1370.769,-597.235
1,3771.312,-1369.772,-597.164
1,3772.311,-1368.774,-597.096
1,3773.311,-1367.777,-597.030
1,3774.311,-1366.779,-596.966
1,3775.311,-1365.781,-596.903
1,3776.311,-1364.783,-596.842
1,3777.310,-1363.785,-596.781
1,3778.310,-1362.787,-596.718
1,3779.310,-1361.790,-596.654
1,3780.310,-1360.792,-596.589
1,3781.310,-1359.794,-596.523
1,3782.310,-1358.797,-596.456
1,3783.309,-1357.799,-596.390
1,3784.309,-1356.801,-596.326
1,3785.309,-1355.804,-596.262
1,3786.309,-1354.806,-596.200
1,3787.309,-1353.808,-596.137
1,3788.308,-1352.810,-596.073
1,3789.308,-1351.812,-596.008
1,3790.308,-1350.815,-595.942
1,3791.308,-1349.817,-595.874
1,3792.308,-1348.820,-595.805
1,3793.308,-1347.822,-595.735
1,3794.307,-1346.825,-595.665
1,3795.307,-1345.828,-595.595
1,3796.307,-1344.830,-595.525
1,3797.307,-1343.833,-595.454
1,3798.307,-1342.836,-595.386
1,3799.306,-1341.838,-595.320
1,3800.306,-1340.840,-595.255
1,3801.306,-1339.842,-595.191
1,3802.306,-1338.845,-595.126
1,3803.306,-1337.847,-595.059
1,3804.306,-1336.850,-594.992
1,3805.305,-1335.852,-594.924
1,3806.305,-1334.855,-594.854
1,3807.305,-1333.857,-594.784
1,3808.305,-1332.860,-594.715
1,3809.305,-1331.862,-594.646
1,3810.304,-1330.865,-594.578
1,3811.304,-1329.868,-594.510
1,3812.304,-1328.870,-594.441
1,3813.304,-1327.873,-594.371
1,3814.304,-1326.875,-594.300
1,3815.304,-1325.878,-594.230
1,3816.303,-1324.881,-594.161
1,3817.303,-1323.883,-594.092
1,3818.303,-1322.886,-594.025
1,3819.303,-1321.888,-593.961
1,3820.303,-1320.890,-593.898
1,3821.302,-1319.892,-593.836
1,3822.302,-1318.894,-593.774
1,3823.302,-1317.897,-593.709
1,3824.302,-1316.899,-593.641
1,3825.302,-1315.902,-593.572
1,3826.302,-1314.904,-593.502
1,3827.301,-1313.907,-593.431
1,3828.301,-1312.910,-593.360
1,3829.301,-1311.912,-593.291
1,3830.301,-1310.915,-593.221
1,3831.301,-1309.918,-593.151
1,3832.300,-1308.920,-593.083
1,3833.300,-1307.922,-593.016
1,3834.300,-1306.925,-592.950
1,3835.300,-1305.927,-592.883
1,3836.300,-1304.930,-592.815
1,3837.300,-1303.932,-592.745
1,3838.299,-1302.935,-592.673
1,3839.299,-1301.938,-592.602
1,3840.299,-1300.941,-592.531
1,3841.299,-1299.943,-592.460
1,3842.299,-1298.946,-592.391
1,3843.298,-1297.948,-592.325
1,3844.298,-1296.951,-592.259
1,3845.298,-1295.953,-592.192
1,3846.298,-1294.955,-592.125
1,3847.298,-1293.958,-592.058
1,3848.298,-1292.960,-591.992
1,3849.297,-1291.963,-591.925
1,3850.297,-1290.965,-591.858
1,3851.297,-1289.968,-591.790
1,3852.297,-1288.970,-591.724
1,3853.297,-1287.972,-591.658
1,3854.296,-1286.975,-591.591
1,3855.296,-1285.977,-591.524
1,3856.296,-1284.980,-591.457
1,3857.296,-1283.982,-591.390
1,3858.296,-1282.984,-591.323
1,3859.296,-1281.987,-591.256
1,3860.295,-1280.989,-591.190
1,3861.295,-1279.992,-591.124
1,3862.295,-1278.994,-591.057
1,3863.295,-1277.996,-590.991
1,3864.295,-1276.999,-590.923
1,3865.294,-1276.001,-590.855
1,3866.294,-1275.004,-590.787
1,3867.294,-1274.006,-590.719
1,3868.294,-1273.009,-590.652
1,3869.294,-1272.011,-590.586
1,3870.294,-1271.014,-590.520
1,3871.293,-1270.016,-590.455
1,3872.293,-1269.018,-590.388
1,3873.293,-1268.021,-590.319
1,3874.293,-1267.023,-590.252
1,3875.293,-1266.026,-590.186
1,3876.292,-1265.028,-590.120
1,3877.292,-1264.030,-590.052
1,3878.292,-1263.033,-589.984
1,3879.292,-1262.035,-589.917
1,3880.292,-1261.038,-589.850
1,3881.292,-1260.040,-589.784
1,3882.291,-1259.043,-589.718
1,3883.291,-1258.045,-589.650
1,3884.291,-1257.048,-589.579
1,3885.291,-1256.051,-589.506
1,3886.291,-1255.053,-589.433
1,3887.290,-1254.056,-589.362
1,3888.290,-1253.059,-589.294
1,3889.290,-1252.061,-589.227
1,3890.290,-1251.064,-589.160
1,3891.290,-1250.066,-589.093
1,3892.290,-1249.068,-589.026
1,3893.289,-1248.071,-588.958
1,3894.289,-1247.073,-588.889
1,3895.289,-1246.076,-588.819
1,3896.289,-1245.079,-588.751
1,3897.289,-1244.081,-588.683
1,3898.288,-1243.083,-588.617
1,3899.288,-1242.086,-588.552
1,3900.288,-1241.088,-588.486
1,3901.288,-1240.091,-588.419
1,3902.288,-1239.093,-588.352
1,3903.287,-1238.095,-588.285
1,3904.287,-1237.098,-588.217
1,3905.287,-1236.100,-588.148
1,3906.287,-1235.103,-588.078
1,3907.287,-1234.106,-588.008
1,3908.287,-1233.109,-587.936
1,3909.286,-1232.111,-587.866
1,3910.286,-1231.114,-587.797
1,3911.286,-1230.116,-587.728
1,3912.286,-1229.119,-587.660
1,3913.286,-1228.121,-587.594
1,3914.285,-1227.124,-587.527
1,3915.285,-1226.126,-587.461
1,3916.285,-1225.128,-587.393
1,3917.285,-1224.131,-587.325
1,3918.285,-1223.134,-587.256
1,3919.285,-1222.136,-587.186
1,3920.284,-1221.139,-587.117
1,3921.284,-1220.141,-587.047
1,3922.284,-1219.144,-586.975
1,3923.284,-1218.147,-586.902
1,3924.284,-1217.150,-586.829
1,3925.283,-1216.153,-586.757
1,3926.283,-1215.155,-586.688
1,3927.283,-1214.158,-586.621
1,3928.283,-1213.160,-586.555
1,3929.283,-1212.162,-586.489
1,3930.283,-1211.165,-586.424
1,3931.282,-1210.167,-586.359
1,3932.282,-1209.169,-586.293
1,3933.282,-1208.172,-586.226
1,3934.282,-1207.174,-586.160
1,3935.282,-1206.177,-586.091
1,3936.281,-1205.179,-586.022
1,3937.281,-1204.182,-585.953
1,3938.281,-1203.184,-585.883
1,3939.281,-1202.187,-585.815
1,3940.281,-1201.189,-585.748
1,3941.281,-1200.192,-585.682
1,3942.280,-1199.194,-585.618
1,3943.280,-1198.196,-585.553
1,3944.280,-1197.199,-585.486
1,3945.280,-1196.201,-585.419
1,3946.280,-1195.204,-585.349
1,3947.279,-1194.206,-585.279
1,3948.279,-1193.209,-585.209
1,3949.279,-1192.212,-585.140
1,3950.279,-1191.214,-585.071
1,3951.279,-1190.217,-585.003
1,3952.279,-1189.219,-584.935
1,3953.278,-1188.222,-584.868
1,3954.278,-1187.224,-584.801
1,3955.278,-1186.226,-584.733
1,3956.278,-1185.229,-584.666
1,3957.278,-1184.231,-584.600
1,3958.277,-1183.234,-584.535
1,3959.277,-1182.236,-584.471
1,3960.277,-1181.238,-584.405
1,3961.277,-1180.241,-584.338
1,3962.277,-1179.243,-584.267
1,3963.277,-1178.246,-584.192
1,3964.276,-1177.249,-584.116
1,3965.276,-1176.252,-584.044
1,3966.276,-1175.254,-583.979
1,3967.276,-1174.256,-583.921
1,3968.276,-1173.258,-583.871
1,3969.275,-1172.259,-583.825
1,3970.275,-1171.260,-583.780
1,3971.275,-1170.262,-583.723
1,3972.275,-1169.265,-583.642
1,3973.275,-1168.270,-583.548
1,3974.275,-1167.275,-583.452
1,3975.274,-1166.280,-583.356
1,3976.274,-1165.283,-583.271
1,3977.274,-1164.286,-583.207
1,3978.274,-1163.287,-583.157
1,3979.274,-1162.289,-583.107
1,3980.273,-1161.290,-583.051
1,3981.273,-1160.292,-582.989
1,3982.273,-1159.295,-582.921
1,3983.273,-1158.298,-582.846
1,3984.273,-1157.301,-582.768
1,3985.273,-1156.304,-582.691
1,3986.272,-1155.307,-582.618
1,3987.272,-1154.310,-582.549
1,3988.272,-1153.312,-582.481
1,3989.272,-1152.315,-582.414
1,3990.272,-1151.317,-582.346
1,3991.271,-1150.320,-582.277
1,3992.271,-1149.322,-582.208
1,3993.271,-1148.325,-582.139
1,3994.271,-1147.327,-582.072
1,3995.271,-1146.330,-582.007
1,3996.271,-1145.332,-581.942
1,3997.270,-1144.334,-581.876
1,3998.270,-1143.337,-581.811
1,3999.270,-1142.339,-581.743
1,4000.270,-1141.342,-581.674
1,4001.270,-1140.344,-581.602
1,4002.269,-1139.347,-581.528
1,4003.269,-1138.350,-581.457
1,4004.269,-1137.353,-581.388
1,4005.269,-1136.355,-581.320
1,4006.269,-1135.357,-581.255
1,4007.269,-1134.360,-581.190
1,4008.268,-1133.362,-581.125
1,4009.268,-1132.364,-581.058
1,4010.268,-1131.367,-580.991
1,4011.268,-1130.369,-580.921
1,4012.268,-1129.372,-580.849
1,4013.267,-1128.375,-580.778
1,4014.267,-1127.378,-580.708
1,4015.267,-1126.380,-580.638
1,4016.267,-1125.383,-580.569
1,4017.267,-1124.385,-580.506
1,4018.267,-1123.387,-580.445
1,4019.266,-1122.389,-580.385
1,4020.266,-1121.391,-580.323
1,4021.266,-1120.393,-580.257
1,4022.266,-1119.396,-580.189
1,4023.266,-1118.399,-580.117
1,4024.265,-1117.402,-580.045
1,4025.265,-1116.404,-579.972
1,4026.265,-1115.407,-579.901
1,4027.265,-1114.410,-579.831
1,4028.265,-1113.412,-579.760
1,4029.265,-1112.415,-579.689
1,4030.264,-1111.418,-579.620
1,4031.264,-1110.420,-579.553
1,4032.264,-1109.423,-579.485
1,4033.264,-1108.425,-579.416
1,4034.264,-1107.428,-579.350
1,4035.263,-1106.430,-579.286
1,4036.263,-1105.432,-579.223
1,4037.263,-1104.434,-579.159
1,4038.263,-1103.436,-579.095
1,4039.263,-1102.439,-579.030
1,4040.262,-1101.441,-578.963
1,4041.262,-1100.444,-578.897
1,4042.262,-1099.446,-578.830
1,4043.262,-1098.448,-578.762
1,4044.262,-1097.451,-578.694
1,4045.262,-1096.454,-578.624
1,4046.261,-1095.456,-578.554
1,4047.261,-1094.459,-578.485
1,4048.261,-1093.461,-578.417
1,4049.261,-1092.464,-578.350
1,4050.261,-1091.466,-578.284
1,4051.260,-1090.468,-578.217
1,4052.260,-1089.471,-578.151
1,4053.260,-1088.473,-578.085
1,4054.260,-1087.476,-578.019
1,4055.260,-1086.478,-577.952
1,4056.260,-1085.480,-577.884
1,4057.259,-1084.483,-577.817
1,4058.259,-1083.485,-577.748
1,4059.259,-1082.488,-577.678
1,4060.259,-1081.491,-577.608
1,4061.259,-1080.493,-577.538
1,4062.258,-1079.496,-577.468
1,4063.258,-1078.499,-577.398
1,4064.258,-1077.501,-577.329
1,4065.258,-1076.504,-577.261
1,4066.258,-1075.506,-577.196
1,4067.258,-1074.508,-577.131
1,4068.257,-1073.511,-577.067
1,4069.257,-1072.513,-577.001
1,4070.257,-1071.515,-576.935
1,4071.257,-1070.518,-576.867
1,4072.257,-1069.520,-576.796
1,4073.256,-1068.523,-576.726
1,4074.256,-1067.526,-576.657
1,4075.256,-1066.528,-576.587
1,4076.256,-1065.531,-576.517
1,4077.256,-1064.534,-576.448
1,4078.256,-1063.536,-576.380
1,4079.255,-1062.539,-576.312
1,4080.255,-1061.541,-576.245
1,4081.255,-1060.544,-576.176
1,4082.255,-1059.546,-576.108
1,4083.255,-1058.549,-576.040
1,4084.254,-1057.551,-575.972
1,4085.254,-1056.554,-575.903
1,4086.254,-1055.556,-575.834
1,4087.254,-1054.559,-575.766
1,4088.254,-1053.561,-575.697
1,4089.254,-1052.564,-575.629
1,4090.253,-1051.566,-575.560
1,4091.253,-1050.569,-575.492
1,4092.253,-1049.571,-575.425
1,4093.253,-1048.573,-575.360
1,4094.253,-1047.576,-575.297
1,4095.252,-1046.578,-575.235
1,4096.252,-1045.580,-575.172
1,4097.252,-1044.582,-575.107
1,4098.252,-1043.585,-575.039
1,4099.252,-1042.587,-574.971
1,4100.252,-1041.590,-574.901
1,4101.251,-1040.592,-574.831
1,4102.251,-1039.595,-574.762
1,4103.251,-1038.598,-574.695
1,4104.251,-1037.600,-574.628
1,4105.251,-1036.602,-574.560
1,4106.250,-1035.605,-574.493
1,4107.250,-1034.607,-574.425
1,4108.250,-1033.610,-574.358
1,4109.250,-1032.612,-574.291
1,4110.250,-1031.615,-574.224
1,4111.250,-1030.617,-574.159
1,4112.249,-1029.619,-574.092
1,4113.249,-1028.622,-574.025
1,4114.249,-1027.624,-573.956
1,4115.249,-1026.627,-573.886
1,4116.249,-1025.630,-573.817
1,4117.248,-1024.632,-573.748
1,4118.248,-1023.635,-573.679
1,4119.248,-1022.637,-573.610
1,4120.248,-1021.640,-573.542
1,4121.248,-1020.642,-573.474
1,4122.248,-1019.645,-573.406
1,4123.247,-1018.647,-573.337
1,4124.247,-1017.650,-573.268
1,4125.247,-1016.653,-573.197
1,4126.247,-1015.655,-573.127
1,4127.247,-1014.658,-573.056
1,4128.246,-1013.661,-572.987
1,4129.246,-1012.663,-572.918
1,4130.246,-1011.666,-572.849
1,4131.246,-1010.668,-572.781
1,4132.246,-1009.671,-572.713
1,4133.246,-1008.673,-572.645
1,4134.245,-1007.676,-572.578
1,4135.245,-1006.678,-572.510
1,4136.245,-1005.681,-572.441
1,4137.245,-1004.683,-572.373
1,4138.245,-1003.686,-572.304
1,4139.244,-1002.688,-572.236
1,4140.244,-1001.691,-572.168
1,4141.244,-1000.693,-572.099
1,4142.244,-999.696,-572.029
1,4143.244,-998.699,-571.958
1,4144.244,-997.701,-571.885
1,4145.243,-996.704,-571.811
1,4146.243,-995.707,-571.740
1,4147.243,-994.710,-571.671
1,4148.243,-993.712,-571.606
1,4149.243,-992.714,-571.543
1,4150.242,-991.716,-571.481
1,4151.242,-990.718,-571.419
1,4152.242,-989.721,-571.355
1,4153.242,-988.723,-571.289
1,4154.242,-987.725,-571.222
1,4155.242,-986.728,-571.151
1,4156.241,-985.731,-571.080
1,4157.241,-984.733,-571.010
1,4158.241,-983.736,-570.941
1,4159.241,-982.738,-570.874
1,4160.241,-981.741,-570.810
1,4161.240,-980.743,-570.746
1,4162.240,-979.745,-570.681
1,4163.240,-978.747,-570.616
1,4164.240,-977.750,-570.548
1,4165.240,-976.752,-570.480
1,4166.239,-975.755,-570.411
1,4167.239,-974.758,-570.342
1,4168.239,-973.760,-570.273
1,4169.239,-972.763,-570.205
1,4170.239,-971.765,-570.136
1,4171.239,-970.768,-570.067
1,4172.238,-969.770,-569.998
1,4173.238,-968.773,-569.929
1,4174.238,-967.775,-569.863
1,4175.238,-966.778,-569.799
1,4176.238,-965.780,-569.737
1,4177.237,-964.782,-569.674
1,4178.237,-963.784,-569.610
1,4179.237,-962.786,-569.545
1,4180.237,-961.789,-569.480
1,4181.237,-960.791,-569.413
1,4182.237,-959.794,-569.344
1,4183.236,-958.796,-569.273
1,4184.236,-957.799,-569.201
1,4185.236,-956.802,-569.128
1,4186.236,-955.805,-569.056
1,4187.236,-954.807,-568.984
1,4188.235,-953.810,-568.914
1,4189.235,-952.813,-568.846
1,4190.235,-951.815,-568.778
1,4191.235,-950.818,-568.710
1,4192.235,-949.820,-568.645
1,4193.235,-948.822,-568.579
1,4194.234,-947.825,-568.514
1,4195.234,-946.827,-568.448
1,4196.234,-945.829,-568.382
1,4197.234,-944.832,-568.315
1,4198.234,-943.834,-568.248
1,4199.233,-942.837,-568.179
1,4200.233,-941.839,-568.110
1,4201.233,-940.842,-568.043
1,4202.233,-939.844,-567.976
1,4203.233,-938.847,-567.910
1,4204.233,-937.849,-567.844
1,4205.232,-936.851,-567.777
1,4206.232,-935.854,-567.709
1,4207.232,-934.856,-567.639
1,4208.232,-933.859,-567.568
1,4209.232,-932.862,-567.495
1,4210.231,-931.865,-567.421
1,4211.231,-930.868,-567.346
1,4212.231,-929.871,-567.273
1,4213.231,-928.874,-567.201
1,4214.231,-927.876,-567.132
1,4215.231,-926.879,-567.065
1,4216.230,-925.881,-567.000
1,4217.230,-924.883,-566.936
1,4218.230,-923.885,-566.873
1,4219.230,-922.887,-566.810
1,4220.230,-921.890,-566.744
1,4221.229,-920.892,-566.676
1,4222.229,-919.895,-566.608
1,4223.229,-918.897,-566.539
1,4224.229,-917.900,-566.470
1,4225.229,-916.903,-566.401
1,4226.229,-915.905,-566.331
1,4227.228,-914.908,-566.264
1,4228.228,-913.910,-566.197
1,4229.228,-912.912,-566.132
1,4230.228,-911.915,-566.067
1,4231.228,-910.917,-566.003
1,4232.227,-909.919,-565.938
1,4233.227,-908.922,-565.870
1,4234.227,-907.924,-565.801
1,4235.227,-906.927,-565.732
1,4236.227,-905.929,-565.665
1,4237.227,-904.932,-565.595
1,4238.226,-903.934,-565.525
1,4239.226,-902.937,-565.457
1,4240.226,-901.939,-565.390
1,4241.226,-900.942,-565.323
1,4242.226,-899.944,-565.256
1,4243.225,-898.947,-565.187
1,4244.225,-897.949,-565.120
1,4245.225,-896.952,-565.053
1,4246.225,-895.954,-564.987
1,4247.225,-894.956,-564.921
1,4248.225,-893.959,-564.857
1,4249.224,-892.961,-564.791
1,4250.224,-891.963,-564.725
1,4251.224,-890.966,-564.657
1,4252.224,-889.968,-564.592
1,4253.224,-888.971,-564.524
1,4254.223,-887.973,-564.454
1,4255.223,-886.976,-564.383
1,4256.223,-885.979,-564.311
1,4257.223,-884.981,-564.242
1,4258.223,-883.984,-564.175
1,4259.223,-882.986,-564.108
1,4260.222,-881.989,-564.041
1,4261.222,-880.991,-563.973
1,4262.222,-879.994,-563.905
1,4263.222,-878.996,-563.838
1,4264.222,-877.998,-563.772
1,4265.221,-877.001,-563.706
1,4266.221,-876.003,-563.639
1,4267.221,-875.006,-563.572
1,4268.221,-874.008,-563.503
1,4269.221,-873.011,-563.433
1,4270.221,-872.013,-563.363
1,4271.220,-871.016,-563.294
1,4272.220,-870.019,-563.226
1,4273.220,-869.021,-563.159
1,4274.220,-868.023,-563.093
1,4275.220,-867.026,-563.029
1,4276.219,-866.028,-562.966
1,4277.219,-865.030,-562.901
1,4278.219,-864.032,-562.835
1,4279.219,-863.035,-562.766
1,4280.219,-862.038,-562.697
1,4281.219,-861.040,-562.629
1,4282.218,-860.043,-562.558
1,4283.218,-859.045,-562.489
1,4284.218,-858.048,-562.421
1,4285.218,-857.050,-562.354
1,4286.218,-856.053,-562.286
1,4287.217,-855.055,-562.218
1,4288.217,-854.058,-562.151
1,4289.217,-853.060,-562.084
1,4290.217,-852.063,-562.016
1,4291.217,-851.065,-561.949
1,4292.217,-850.067,-561.882
1,4293.216,-849.070,-561.815
1,4294.216,-848.072,-561.748
1,4295.216,-847.075,-561.679
1,4296.216,-846.077,-561.611
1,4297.216,-845.080,-561.543
1,4298.215,-844.082,-561.475
1,4299.215,-843.085,-561.407
1,4300.215,-842.087,-561.338
1,4301.215,-841.090,-561.268
1,4302.215,-840.093,-561.197
1,4303.214,-839.095,-561.127
1,4304.214,-838.098,-561.058
1,4305.214,-837.100,-560.990
1,4306.214,-836.103,-560.921
1,4307.214,-835.106,-560.852
1,4308.214,-834.108,-560.782
1,4309.213,-833.111,-560.712
1,4310.213,-832.113,-560.644
1,4311.213,-831.116,-560.577
1,4312.213,-830.118,-560.511
1,4313.213,-829.120,-560.447
1,4314.212,-828.123,-560.382
1,4315.212,-827.125,-560.318
1,4316.212,-826.127,-560.256
1,4317.212,-825.129,-560.193
1,4318.212,-824.131,-560.130
1,4319.212,-823.134,-560.067
1,4320.211,-822.136,-560.002
1,4321.211,-821.138,-559.935
1,4322.211,-820.141,-559.868
1,4323.211,-819.143,-559.801
1,4324.211,-818.146,-559.734
1,4325.210,-817.148,-559.666
1,4326.210,-816.151,-559.598
1,4327.210,-815.153,-559.528
1,4328.210,-814.156,-559.457
1,4329.210,-813.159,-559.384
1,4330.210,-812.162,-559.310
1,4331.209,-811.165,-559.236
1,4332.209,-810.167,-559.163
1,4333.209,-809.170,-559.089
1,4334.209,-808.173,-559.017
1,4335.209,-807.176,-558.946
1,4336.208,-806.178,-558.878
1,4337.208,-805.181,-558.811
1,4338.208,-804.183,-558.746
1,4339.208,-803.185,-558.680
1,4340.208,-802.188,-558.616
1,4341.208,-801.190,-558.550
1,4342.207,-800.192,-558.484
1,4343.207,-799.195,-558.418
1,4344.207,-798.197,-558.351
1,4345.207,-797.200,-558.281
1,4346.207,-796.203,-558.209
1,4347.206,-795.206,-558.134
1,4348.206,-794.209,-558.058
1,4349.206,-793.212,-557.980
1,4350.206,-792.215,-557.901
1,4351.206,-791.218,-557.823
1,4352.206,-790.221,-557.749
1,4353.205,-789.224,-557.677
1,4354.205,-788.227,-557.607
1,4355.205,-787.229,-557.536
1,4356.205,-786.232,-557.465
1,4357.205,-785.235,-557.392
1,4358.204,-784.238,-557.319
1,4359.204,-783.241,-557.243
1,4360.204,-782.244,-557.169
1,4361.204,-781.247,-557.097
1,4362.204,-780.249,-557.026
1,4363.204,-779.252,-556.957
1,4364.203,-778.254,-556.890
1,4365.203,-777.257,-556.824
1,4366.203,-776.259,-556.758
1,4367.203,-775.262,-556.691
1,4368.203,-774.264,-556.624
1,4369.202,-773.266,-556.556
1,4370.202,-772.269,-556.487
1,4371.202,-771.272,-556.415
1,4372.202,-770.275,-556.343
1,4373.202,-769.277,-556.270
1,4374.202,-768.280,-556.197
1,4375.201,-767.283,-556.126
1,4376.201,-766.286,-556.054
1,4377.201,-765.288,-555.983
1,4378.201,-764.291,-555.911
1,4379.201,-763.294,-555.838
1,4380.200,-762.297,-555.766
1,4381.200,-761.300,-555.694
1,4382.200,-760.302,-555.623
1,4383.200,-759.305,-555.553
1,4384.200,-758.308,-555.484
1,4385.200,-757.310,-555.414
1,4386.199,-756.313,-555.343
1,4387.199,-755.316,-555.272
1,4388.199,-754.318,-555.199
1,4389.199,-753.321,-555.124
1,4390.199,-752.325,-555.048
1,4391.198,-751.328,-554.973
1,4392.198,-750.330,-554.899
1,4393.198,-749.333,-554.829
1,4394.198,-748.336,-554.761
1,4395.198,-747.338,-554.694
1,4396.198,-746.340,-554.627
1,4397.197,-745.343,-554.557
1,4398.197,-744.346,-554.486
1,4399.197,-743.348,-554.417
1,4400.197,-742.351,-554.349
1,4401.197,-741.353,-554.284
1,4402.196,-740.356,-554.217
1,4403.196,-739.358,-554.146
1,4404.196,-738.361,-554.069
1,4405.196,-737.365,-553.988
1,4406.196,-736.369,-553.905
1,4407.196,-735.372,-553.823
1,4408.195,-734.376,-553.743
1,4409.195,-733.379,-553.665
1,4410.195,-732.382,-553.591
1,4411.195,-731.385,-553.517
1,4412.195,-730.387,-553.445
1,4413.194,-729.390,-553.371
1,4414.194,-728.393,-553.296
1,4415.194,-727.396,-553.222
1,4416.194,-726.399,-553.149
1,4417.194,-725.402,-553.076
1,4418.194,-724.405,-553.005
1,4419.193,-723.407,-552.934
1,4420.193,-722.410,-552.861
1,4421.193,-721.413,-552.786
1,4422.193,-720.416,-552.709
1,4423.193,-719.419,-552.632
1,4424.192,-718.423,-552.556
1,4425.192,-717.425,-552.482
1,4426.192,-716.428,-552.412
1,4427.192,-715.431,-552.344
1,4428.192,-714.433,-552.281
1,4429.191,-713.435,-552.216
1,4430.191,-712.437,-552.151
1,4431.191,-711.440,-552.083
1,4432.191,-710.442,-552.014
1,4433.191,-709.445,-551.948
1,4434.191,-708.447,-551.883
1,4435.190,-707.449,-551.817
1,4436.190,-706.452,-551.746
1,4437.190,-705.455,-551.670
1,4438.190,-704.458,-551.592
1,4439.190,-703.462,-551.516
1,4440.189,-702.464,-551.442
1,4441.189,-701.467,-551.370
1,4442.189,-700.470,-551.301
1,4443.189,-699.472,-551.232
1,4444.189,-698.475,-551.161
1,4445.189,-697.478,-551.088
1,4446.188,-696.481,-551.013
1,4447.188,-695.484,-550.941
1,4448.188,-694.487,-550.868
1,4449.188,-693.489,-550.796
1,4450.188,-692.492,-550.724
1,4451.187,-691.495,-550.652
1,4452.187,-690.498,-550.578
1,4453.187,-689.501,-550.499
1,4454.187,-688.505,-550.417
1,4455.187,-687.509,-550.331
1,4456.187,-686.513,-550.242
1,4457.186,-685.517,-550.149
1,4458.186,-684.522,-550.053
1,4459.186,-683.527,-549.955
1,4460.186,-682.532,-549.857
1,4461.186,-681.537,-549.762
1,4462.185,-680.541,-549.670
1,4463.185,-679.545,-549.579
1,4464.185,-678.550,-549.488
1,4465.185,-677.554,-549.395
1,4466.185,-676.559,-549.301
1,4467.185,-675.564,-549.207
1,4468.184,-674.568,-549.113
1,4469.184,-673.573,-549.019
1,4470.184,-672.578,-548.922
1,4471.184,-671.583,-548.824
1,4472.184,-670.588,-548.724
1,4473.183,-669.593,-548.623
1,4474.183,-668.599,-548.519
1,4475.183,-667.605,-548.412
1,4476.183,-666.611,-548.304
1,4477.183,-665.617,-548.192
1,4478.183,-664.624,-548.078
1,4479.182,-663.631,-547.965
1,4480.182,-662.637,-547.849
1,4481.182,-661.645,-547.730
1,4482.182,-660.652,-547.608
1,4483.182,-659.660,-547.485
1,4484.181,-658.668,-547.362
1,4485.181,-657.676,-547.238
1,4486.181,-656.684,-547.113
1,4487.181,-655.692,-546.985
1,4488.181,-654.701,-546.854
1,4489.181,-653.710,-546.723
1,4490.180,-652.718,-546.596
1,4491.180,-651.726,-546.469
1,4492.180,-650.735,-546.343
1,4493.180,-649.743,-546.217
1,4494.180,-648.751,-546.090
1,4495.179,-647.759,-545.963
1,4496.179,-646.768,-545.832
1,4497.179,-645.777,-545.699
1,4498.179,-644.787,-545.562
1,4499.179,-643.797,-545.424
1,4500.179,-642.806,-545.289
1,4501.178,-641.815,-545.153
1,4502.178,-640.825,-545.015
1,4503.178,-639.835,-544.873
1,4504.178,-638.847,-544.724
1,4505.178,-637.859,-544.572
1,4506.177,-636.870,-544.423
1,4507.177,-635.880,-544.280
1,4508.177,-634.890,-544.142
1,4509.177,-633.899,-544.012
1,4510.177,-632.907,-543.882
1,4511.177,-631.916,-543.754
1,4512.176,-630.924,-543.629
1,4513.176,-629.932,-543.506
1,4514.176,-628.940,-543.382
1,4515.176,-627.948,-543.256
1,4516.176,-626.956,-543.131
1,4517.175,-625.963,-543.011
1,4518.175,-624.970,-542.893
1,4519.175,-623.978,-542.775
1,4520.175,-622.985,-542.654
1,4521.175,-621.993,-542.531
1,4522.175,-621.001,-542.405
1,4523.174,-620.009,-542.278
1,4524.174,-619.018,-542.150
1,4525.174,-618.026,-542.023
1,4526.174,-617.034,-541.898
1,4527.174,-616.042,-541.771
1,4528.173,-615.051,-541.642
1,4529.173,-614.060,-541.509
1,4530.173,-613.069,-541.373
1,4531.173,-612.079,-541.235
1,4532.173,-611.089,-541.095
1,4533.173,-610.099,-540.955
1,4534.172,-609.109,-540.818
1,4535.172,-608.118,-540.685
1,4536.172,-607.126,-540.556
1,4537.172,-606.135,-540.428
1,4538.172,-605.143,-540.299
1,4539.171,-604.152,-540.171
1,4540.171,-603.160,-540.043
1,4541.171,-602.169,-539.914
1,4542.171,-601.178,-539.783
1,4543.171,-600.186,-539.653
1,4544.171,-599.195,-539.524
1,4545.170,-598.203,-539.395
1,4546.170,-597.212,-539.264
1,4547.170,-596.221,-539.131
1,4548.170,-595.230,-538.997
1,4549.170,-594.240,-538.861
1,4550.169,-593.249,-538.724
1,4551.169,-592.259,-538.586
1,4552.169,-591.269,-538.448
1,4553.169,-590.279,-538.310
1,4554.169,-589.288,-538.172
1,4555.169,-588.298,-538.036
1,4556.168,-587.307,-537.900
1,4557.168,-586.316,-537.767
1,4558.168,-585.325,-537.635
1,4559.168,-584.334,-537.505
1,4560.168,-583.343,-537.375
1,4561.167,-582.351,-537.246
1,4562.167,-581.360,-537.116
1,4563.167,-580.368,-536.988
1,4564.167,-579.377,-536.858
1,4565.167,-578.386,-536.727
1,4566.166,-577.395,-536.596
1,4567.166,-576.403,-536.465
1,4568.166,-575.412,-536.335
1,4569.166,-574.421,-536.204
1,4570.166,-573.430,-536.074
1,4571.166,-572.438,-535.943
1,4572.165,-571.447,-535.810
1,4573.165,-570.457,-535.676
1,4574.165,-569.466,-535.540
1,4575.165,-568.476,-535.403
1,4576.165,-567.485,-535.268
1,4577.164,-566.494,-535.135
1,4578.164,-565.503,-535.002
1,4579.164,-564.512,-534.871
1,4580.164,-563.521,-534.739
1,4581.164,-562.530,-534.607
1,4582.164,-561.539,-534.477
1,4583.163,-560.547,-534.347
1,4584.163,-559.556,-534.217
1,4585.163,-558.565,-534.087
1,4586.163,-557.573,-533.957
1,4587.163,-556.582,-533.827
1,4588.162,-555.591,-533.696
1,4589.162,-554.599,-533.566
1,4590.162,-553.608,-533.434
1,4591.162,-552.617,-533.300
1,4592.162,-551.627,-533.164
1,4593.162,-550.637,-533.025
1,4594.161,-549.647,-532.886
1,4595.161,-548.656,-532.748
1,4596.161,-547.666,-532.611
1,4597.161,-546.676,-532.475
1,4598.161,-545.684,-532.343
1,4599.160,-544.693,-532.214
1,4600.160,-543.702,-532.085
1,4601.160,-542.710,-531.957
1,4602.160,-541.719,-531.828
1,4603.160,-540.727,-531.698
1,4604.160,-539.736,-531.569
1,4605.159,-538.744,-531.439
1,4606.159,-537.753,-531.312
1,4607.159,-536.761,-531.184
1,4608.159,-535.769,-531.057
1,4609.159,-534.778,-530.931
1,4610.158,-533.786,-530.805
1,4611.158,-532.794,-530.679
1,4612.158,-531.802,-530.551
1,4613.158,-530.811,-530.421
1,4614.158,-529.820,-530.288
1,4615.158,-528.829,-530.153
1,4616.157,-527.839,-530.017
1,4617.157,-526.849,-529.879
1,4618.157,-525.858,-529.742
1,4619.157,-524.868,-529.605
1,4620.157,-523.877,-529.469
1,4621.156,-522.887,-529.333
1,4622.156,-521.896,-529.199
1,4623.156,-520.905,-529.065
1,4624.156,-519.914,-528.933
1,4625.156,-518.923,-528.802
1,4626.156,-517.932,-528.672
1,4627.155,-516.940,-528.544
1,4628.155,-515.948,-528.418
1,4629.155,-514.956,-528.294
1,4630.155,-513.964,-528.169
1,4631.155,-512.972,-528.044
1,4632.154,-511.980,-527.917
1,4633.154,-510.989,-527.788
1,4634.154,-509.998,-527.657
1,4635.154,-509.007,-527.523
1,4636.154,-508.016,-527.387
1,4637.154,-507.026,-527.250
1,4638.153,-506.036,-527.111
1,4639.153,-505.046,-526.973
1,4640.153,-504.055,-526.834
1,4641.153,-503.065,-526.697
1,4642.153,-502.075,-526.560
1,4643.152,-501.084,-526.426
1,4644.152,-500.093,-526.292
1,4645.152,-499.102,-526.160
1,4646.152,-498.111,-526.029
1,4647.152,-497.119,-525.900
1,4648.152,-496.128,-525.772
1,4649.151,-495.136,-525.645
1,4650.151,-494.144,-525.518
1,4651.151,-493.153,-525.391
1,4652.151,-492.161,-525.262
1,4653.151,-491.170,-525.132
1,4654.150,-490.179,-524.997
1,4655.150,-489.189,-524.858
1,4656.150,-488.199,-524.716
1,4657.150,-487.210,-524.570
1,4658.150,-486.221,-524.422
1,4659.150,-485.233,-524.274
1,4660.149,-484.244,-524.128
1,4661.149,-483.254,-523.984
1,4662.149,-482.265,-523.842
1,4663.149,-481.275,-523.701
1,4664.149,-480.285,-523.558
1,4665.148,-479.296,-523.413
1,4666.148,-478.307,-523.265
1,4667.148,-477.319,-523.113
1,4668.148,-476.331,-522.958
1,4669.148,-475.344,-522.800
1,4670.148,-474.358,-522.637
1,4671.147,-473.372,-522.469
1,4672.147,-472.387,-522.298
1,4673.147,-471.402,-522.125
1,4674.147,-470.417,-521.955
1,4675.147,-469.431,-521.787
1,4676.146,-468.446,-521.619
1,4677.146,-467.461,-521.447
1,4678.146,-466.476,-521.272
1,4679.146,-465.492,-521.095
1,4680.146,-464.508,-520.918
1,4681.146,-463.524,-520.740
1,4682.145,-462.541,-520.561
1,4683.145,-461.557,-520.380
1,4684.145,-460.574,-520.197
1,4685.145,-459.592,-520.014
1,4686.145,-458.609,-519.831
1,4687.144,-457.626,-519.649
1,4688.144,-456.642,-519.467
1,4689.144,-455.659,-519.284
1,4690.144,-454.677,-519.101
1,4691.144,-453.694,-518.917
1,4692.143,-452.711,-518.734
1,4693.143,-451.728,-518.552
1,4694.143,-450.745,-518.369
1,4695.143,-449.762,-518.185
1,4696.143,-448.780,-517.998
1,4697.143,-447.798,-517.810
1,4698.142,-446.817,-517.617
1,4699.142,-445.837,-517.421
1,4700.142,-444.857,-517.222
1,4701.142,-443.878,-517.019
1,4702.142,-442.899,-516.817
1,4703.141,-441.920,-516.612
1,4704.141,-440.942,-516.405
1,4705.141,-439.964,-516.195
1,4706.141,-438.987,-515.984
1,4707.141,-438.011,-515.769
1,4708.141,-437.035,-515.552
1,4709.140,-436.060,-515.331
1,4710.140,-435.085,-515.106
1,4711.140,-434.112,-514.876
1,4712.140,-433.141,-514.641
1,4713.140,-432.170,-514.401
1,4714.139,-431.201,-514.156
1,4715.139,-430.232,-513.907
1,4716.139,-429.265,-513.654
1,4717.139,-428.299,-513.396
1,4718.139,-427.335,-513.132
1,4719.139,-426.371,-512.865
1,4720.138,-425.409,-512.593
1,4721.138,-424.449,-512.315
1,4722.138,-423.490,-512.030
1,4723.138,-422.534,-511.740
1,4724.138,-421.579,-511.444
1,4725.137,-420.625,-511.143
1,4726.137,-419.673,-510.837
1,4727.137,-418.722,-510.528
1,4728.137,-417.773,-510.216
1,4729.137,-416.824,-509.900
1,4730.137,-415.877,-509.580
1,4731.136,-414.930,-509.258
1,4732.136,-413.985,-508.931
1,4733.136,-413.041,-508.603
1,4734.136,-412.097,-508.272
1,4735.136,-411.155,-507.939
1,4736.135,-410.213,-507.604
1,4737.135,-409.272,-507.266
1,4738.135,-408.332,-506.924
1,4739.135,-407.395,-506.577
1,4740.135,-406.458,-506.228
1,4741.135,-405.522,-505.876
1,4742.134,-404.588,-505.519
1,4743.134,-403.655,-505.159
1,4744.134,-402.723,-504.797
1,4745.134,-401.793,-504.432
1,4746.134,-400.863,-504.063
1,4747.133,-399.935,-503.692
1,4748.133,-399.007,-503.320
1,4749.133,-398.079,-502.946
1,4750.133,-397.153,-502.571
1,4751.133,-396.226,-502.196
1,4752.133,-395.299,-501.822
1,4753.132,-394.371,-501.448
1,4754.132,-393.444,-501.074
1,4755.132,-392.518,-500.698
1,4756.132,-391.591,-500.323
1,4757.132,-390.664,-499.949
1,4758.131,-389.736,-499.575
1,4759.131,-388.809,-499.202
1,4760.131,-387.882,-498.827
1,4761.131,-386.955,-498.453
1,4762.131,-386.028,-498.077
1,4763.131,-385.102,-497.700
1,4764.130,-384.177,-497.322
1,4765.130,-383.251,-496.943
1,4766.130,-382.326,-496.564
1,4767.130,-381.401,-496.186
1,4768.130,-380.475,-495.807
1,4769.129,-379.551,-495.426
1,4770.129,-378.628,-495.043
1,4771.129,-377.704,-494.660
1,4772.129,-376.779,-494.280
1,4773.129,-375.855,-493.898
1,4774.129,-374.933,-493.513
1,4775.128,-374.012,-493.123
1,4776.128,-373.093,-492.729
1,4777.128,-372.176,-492.331
1,4778.128,-371.259,-491.931
1,4779.128,-370.344,-491.529
1,4780.127,-369.430,-491.124
1,4781.127,-368.518,-490.714
1,4782.127,-367.609,-490.297
1,4783.127,-366.703,-489.875
1,4784.127,-365.797,-489.451
1,4785.127,-364.892,-489.026
1,4786.126,-363.990,-488.595
1,4787.126,-363.091,-488.158
1,4788.126,-362.194,-487.716
1,4789.126,-361.297,-487.274
1,4790.126,-360.401,-486.830
1,4791.125,-359.506,-486.386
1,4792.125,-358.612,-485.939
1,4793.125,-357.719,-485.488
1,4794.125,-356.829,-485.032
1,4795.125,-355.942,-484.572
1,4796.125,-355.056,-484.107
1,4797.124,-354.171,-483.644
1,4798.124,-353.286,-483.177
1,4799.124,-352.404,-482.707
1,4800.124,-351.523,-482.235
1,4801.124,-350.640,-481.764
1,4802.123,-349.758,-481.294
1,4803.123,-348.875,-480.826
1,4804.123,-347.993,-480.355
1,4805.123,-347.112,-479.881
1,4806.123,-346.235,-479.401
1,4807.123,-345.361,-478.916
1,4808.122,-344.489,-478.427
1,4809.122,-343.619,-477.933
1,4810.122,-342.754,-477.433
1,4811.122,-341.892,-476.927
1,4812.122,-341.034,-476.413
1,4813.121,-340.178,-475.897
1,4814.121,-339.322,-475.379
1,4815.121,-338.466,-474.863
1,4816.121,-337.610,-474.346
1,4817.121,-336.756,-473.826
1,4818.121,-335.905,-473.302
1,4819.120,-335.056,-472.773
1,4820.120,-334.210,-472.240
1,4821.120,-333.366,-471.704
1,4822.120,-332.525,-471.164
1,4823.120,-331.688,-470.617
1,4824.119,-330.856,-470.063
1,4825.119,-330.027,-469.504
1,4826.119,-329.199,-468.943
1,4827.119,-328.373,-468.381
1,4828.119,-327.548,-467.815
1,4829.118,-326.725,-467.247
1,4830.118,-325.905,-466.676
1,4831.118,-325.088,-466.099
1,4832.118,-324.274,-465.518
1,4833.118,-323.460,-464.938
1,4834.118,-322.643,-464.361
1,4835.117,-321.829,-463.781
1,4836.117,-321.019,-463.195
1,4837.117,-320.214,-462.603
1,4838.117,-319.410,-462.007
1,4839.117,-318.608,-461.411
1,4840.116,-317.806,-460.813
1,4841.116,-317.006,-460.215
1,4842.116,-316.206,-459.614
1,4843.116,-315.409,-459.010
1,4844.116,-314.613,-458.406
1,4845.116,-313.818,-457.800
1,4846.115,-313.022,-457.194
1,4847.115,-312.227,-456.588
1,4848.115,-311.433,-455.981
1,4849.115,-310.642,-455.369
1,4850.115,-309.852,-454.756
1,4851.114,-309.062,-454.143
1,4852.114,-308.274,-453.528
1,4853.114,-307.489,-452.908
1,4854.114,-306.709,-452.283
1,4855.114,-305.932,-451.654
1,4856.114,-305.158,-451.021
1,4857.113,-304.387,-450.384
1,4858.113,-303.621,-449.742
1,4859.113,-302.861,-449.093
1,4860.113,-302.107,-448.436
1,4861.113,-301.360,-447.772
1,4862.112,-300.617,-447.103
1,4863.112,-299.876,-446.431
1,4864.112,-299.134,-445.760
1,4865.112,-298.393,-445.090
1,4866.112,-297.651,-444.420
1,4867.112,-296.910,-443.748
1,4868.111,-296.171,-443.075
1,4869.111,-295.432,-442.401
1,4870.111,-294.695,-441.725
1,4871.111,-293.960,-441.048
1,4872.111,-293.229,-440.366
1,4873.110,-292.501,-439.680
1,4874.110,-291.776,-438.992
1,4875.110,-291.052,-438.302
1,4876.110,-290.330,-437.611
1,4877.110,-289.612,-436.915
1,4878.110,-288.901,-436.213
1,4879.109,-288.198,-435.501
1,4880.109,-287.502,-434.783
1,4881.109,-286.811,-434.061
1,4882.109,-286.122,-433.336
1,4883.109,-285.435,-432.610
1,4884.108,-284.750,-431.881
1,4885.108,-284.067,-431.152
1,4886.108,-283.387,-430.418
1,4887.108,-282.711,-429.682
1,4888.108,-282.040,-428.940
1,4889.108,-281.374,-428.195
1,4890.107,-280.713,-427.445
1,4891.107,-280.055,-426.692
1,4892.107,-279.397,-425.939
1,4893.107,-278.735,-425.190
1,4894.107,-278.068,-424.445
1,4895.106,-277.399,-423.702
1,4896.106,-276.728,-422.961
1,4897.106,-276.055,-422.222
1,4898.106,-275.382,-421.482
1,4899.106,-274.714,-420.738
1,4900.106,-274.055,-419.986
1,4901.105,-273.403,-419.228
1,4902.105,-272.757,-418.465
1,4903.105,-272.115,-417.699
1,4904.105,-271.476,-416.930
1,4905.105,-270.842,-416.157
1,4906.104,-270.210,-415.382
1,4907.104,-269.585,-414.602
1,4908.104,-268.964,-413.818
1,4909.104,-268.346,-413.032
1,4910.104,-267.731,-412.243
1,4911.104,-267.123,-411.450
1,4912.103,-266.520,-410.652
1,4913.103,-265.924,-409.850
1,4914.103,-265.331,-409.045
1,4915.103,-264.741,-408.237
1,4916.103,-264.153,-407.429
1,4917.102,-263.568,-406.619
1,4918.102,-262.986,-405.805
1,4919.102,-262.409,-404.989
1,4920.102,-261.831,-404.173
1,4921.102,-261.253,-403.357
1,4922.102,-260.673,-402.543
1,4923.101,-260.093,-401.728
1,4924.101,-259.514,-400.913
1,4925.101,-258.937,-400.096
1,4926.101,-258.360,-399.280
1,4927.101,-257.783,-398.463
1,4928.100,-257.210,-397.645
1,4929.100,-256.637,-396.825
1,4930.100,-256.068,-396.003
1,4931.100,-255.500,-395.180
1,4932.100,-254.937,-394.354
1,4933.100,-254.380,-393.523
1,4934.099,-253.828,-392.690
1,4935.099,-253.281,-391.853
1,4936.099,-252.739,-391.013
1,4937.099,-252.201,-390.170
1,4938.099,-251.661,-389.328
1,4939.098,-251.117,-388.490
1,4940.098,-250.570,-387.653
1,4941.098,-250.020,-386.818
1,4942.098,-249.467,-385.985
1,4943.098,-248.909,-385.155
1,4944.098,-248.350,-384.326
1,4945.097,-247.790,-383.498
1,4946.097,-247.229,-382.670
1,4947.097,-246.668,-381.843
1,4948.097,-246.107,-381.015
1,4949.097,-245.547,-380.187
1,4950.096,-244.987,-379.359
1,4951.096,-244.429,-378.529
1,4952.096,-243.873,-377.698
1,4953.096,-243.320,-376.865
1,4954.096,-242.768,-376.032
1,4955.095,-242.217,-375.197
1,4956.095,-241.667,-374.362
1,4957.095,-241.119,-373.526
1,4958.095,-240.570,-372.691
1,4959.095,-240.021,-371.855
1,4960.095,-239.471,-371.020
1,4961.094,-238.920,-370.186
1,4962.094,-238.367,-369.353
1,4963.094,-237.810,-368.522
1,4964.094,-237.251,-367.694
1,4965.094,-236.688,-366.867
1,4966.093,-236.122,-366.043
1,4967.093,-235.551,-365.222
1,4968.093,-234.982,-364.400
1,4969.093,-234.415,-363.576
1,4970.093,-233.852,-362.750
1,4971.093,-233.292,-361.922
1,4972.092,-232.736,-361.091
1,4973.092,-232.186,-360.257
1,4974.092,-231.638,-359.420
1,4975.092,-231.095,-358.581
1,4976.092,-230.554,-357.740
1,4977.091,-230.013,-356.899
1,4978.091,-229.473,-356.057
1,4979.091,-228.931,-355.217
1,4980.091,-228.382,-354.382
1,4981.091,-227.830,-353.548
1,4982.091,-227.276,-352.716
1,4983.090,-226.718,-351.886
1,4984.090,-226.157,-351.058
1,4985.090,-225.598,-350.230
1,4986.090,-225.040,-349.400
1,4987.090,-224.483,-348.569
1,4988.089,-223.928,-347.738
1,4989.089,-223.374,-346.906
1,4990.089,-222.822,-346.072
1,4991.089,-222.269,-345.239
1,4992.089,-221.717,-344.405
1,4993.089,-221.162,-343.574
1,4994.088,-220.606,-342.743
1,4995.088,-220.047,-341.914
1,4996.088,-219.489,-341.084
1,4997.088,-218.931,-340.255
1,4998.088,-218.375,-339.424
1,4999.087,-217.820,-338.592
1,5000.087,-217.267,-337.759
1,5001.087,-216.714,-336.926
1,5002.087,-216.161,-336.093
1,5003.087,-215.609,-335.260
1,5004.087,-215.056,-334.427
1,5005.086,-214.504,-333.593
1,5006.086,-213.951,-332.760
1,5007.086,-213.399,-331.927
1,5008.086,-212.847,-331.093
1,5009.086,-212.292,-330.261
1,5010.085,-211.737,-329.430
1,5011.085,-211.179,-328.600
1,5012.085,-210.620,-327.771
1,5013.085,-210.059,-326.943
1,5014.085,-209.499,-326.115
1,5015.085,-208.940,-325.286
1,5016.084,-208.381,-324.457
1,5017.084,-207.823,-323.628
1,5018.084,-207.266,-322.797
1,5019.084,-206.712,-321.965
1,5020.084,-206.157,-321.133
1,5021.083,-205.605,-320.300
1,5022.083,-205.054,-319.466
1,5023.083,-204.504,-318.630
1,5024.083,-203.955,-317.795
1,5025.083,-203.407,-316.959
1,5026.083,-202.860,-316.122
1,5027.082,-202.311,-315.286
1,5028.082,-201.762,-314.450
1,5029.082,-201.211,-313.617
1,5030.082,-200.659,-312.783
1,5031.082,-200.105,-311.951
1,5032.081,-199.547,-311.121
1,5033.081,-198.988,-310.292
1,5034.081,-198.426,-309.465
1,5035.081,-197.864,-308.638
1,5036.081,-197.304,-307.810
1,5037.081,-196.746,-306.980
1,5038.080,-196.190,-306.149
1,5039.080,-195.639,-305.315
1,5040.080,-195.089,-304.480
1,5041.080,-194.540,-303.644
1,5042.080,-193.991,-302.808
1,5043.079,-193.445,-301.971
1,5044.079,-192.897,-301.135
1,5045.079,-192.347,-300.300
1,5046.079,-191.795,-299.466
1,5047.079,-191.242,-298.633
1,5048.079,-190.685,-297.803
1,5049.078,-190.124,-296.975
1,5050.078,-189.560,-296.150
1,5051.078,-188.996,-295.324
1,5052.078,-188.432,-294.499
1,5053.078,-187.871,-293.671
1,5054.077,-187.312,-292.842
1,5055.077,-186.756,-292.011
1,5056.077,-186.204,-291.178
1,5057.077,-185.654,-290.343
1,5058.077,-185.102,-289.509
1,5059.077,-184.550,-288.675
1,5060.076,-183.999,-287.841
1,5061.076,-183.448,-287.007
1,5062.076,-182.896,-286.173
1,5063.076,-182.343,-285.340
1,5064.076,-181.788,-284.509
1,5065.075,-181.230,-283.679
1,5066.075,-180.669,-282.851
1,5067.075,-180.107,-282.024
1,5068.075,-179.545,-281.198
1,5069.075,-178.983,-280.370
1,5070.075,-178.426,-279.541
1,5071.074,-177.869,-278.710
1,5072.074,-177.315,-277.878
1,5073.074,-176.763,-277.044
1,5074.074,-176.212,-276.210
1,5075.074,-175.662,-275.375
1,5076.073,-175.112,-274.540
1,5077.073,-174.560,-273.706
1,5078.073,-174.007,-272.873
1,5079.073,-173.453,-272.041
1,5080.073,-172.897,-271.210
1,5081.073,-172.341,-270.379
1,5082.072,-171.785,-269.548
1,5083.072,-171.230,-268.717
1,5084.072,-170.675,-267.885
1,5085.072,-170.120,-267.053
1,5086.072,-169.565,-266.222
1,5087.071,-169.008,-265.392
1,5088.071,-168.449,-264.562
1,5089.071,-167.890,-263.733
1,5090.071,-167.332,-262.904
1,5091.071,-166.777,-262.072
1,5092.070,-166.224,-261.239
1,5093.070,-165.673,-260.405
1,5094.070,-165.123,-259.570
1,5095.070,-164.572,-258.736
1,5096.070,-164.020,-257.902
1,5097.070,-163.466,-257.070
1,5098.069,-162.911,-256.238
1,5099.069,-162.355,-255.407
1,5100.069,-161.800,-254.576
1,5101.069,-161.246,-253.743
1,5102.069,-160.693,-252.910
1,5103.068,-160.144,-252.075
1,5104.068,-159.595,-251.239
1,5105.068,-159.046,-250.404
1,5106.068,-158.496,-249.569
1,5107.068,-157.942,-248.736
1,5108.068,-157.387,-247.905
1,5109.067,-156.830,-247.074
1,5110.067,-156.272,-246.245
1,5111.067,-155.714,-245.415
1,5112.067,-155.157,-244.585
1,5113.067,-154.602,-243.753
1,5114.066,-154.049,-242.920
1,5115.066,-153.498,-242.086
1,5116.066,-152.948,-241.251
1,5117.066,-152.399,-240.415
1,5118.066,-151.848,-239.581
1,5119.066,-151.296,-238.747
1,5120.065,-150.744,-237.914
1,5121.065,-150.191,-237.081
1,5122.065,-149.640,-236.246
1,5123.065,-149.090,-235.412
1,5124.065,-148.539,-234.577
1,5125.064,-147.988,-233.743
1,5126.064,-147.436,-232.910
1,5127.064,-146.883,-232.077
1,5128.064,-146.329,-231.245
1,5129.064,-145.774,-230.413
1,5130.064,-145.217,-229.582
1,5131.063,-144.658,-228.753
1,5132.063,-144.100,-227.924
1,5133.063,-143.543,-227.093
1,5134.063,-142.987,-226.262
1,5135.063,-142.434,-225.430
1,5136.062,-141.881,-224.597
1,5137.062,-141.328,-223.763
1,5138.062,-140.775,-222.931
1,5139.062,-140.221,-222.099
1,5140.062,-139.664,-221.268
1,5141.062,-139.106,-220.438
1,5142.061,-138.547,-219.610
1,5143.061,-137.986,-218.782
1,5144.061,-137.425,-217.954
1,5145.061,-136.866,-217.125
1,5146.061,-136.309,-216.295
1,5147.060,-135.755,-215.463
1,5148.060,-135.203,-214.629
1,5149.060,-134.652,-213.795
1,5150.060,-134.103,-212.959
1,5151.060,-133.554,-212.123
1,5152.060,-133.005,-211.288
1,5153.059,-132.453,-210.454
1,5154.059,-131.898,-209.622
1,5155.059,-131.341,-208.792
1,5156.059,-130.782,-207.964
1,5157.059,-130.221,-207.136
1,5158.058,-129.661,-206.308
1,5159.058,-129.103,-205.478
1,5160.058,-128.546,-204.647
1,5161.058,-127.991,-203.816
1,5162.058,-127.435,-202.985
1,5163.058,-126.882,-202.152
1,5164.057,-126.329,-201.319
1,5165.057,-125.775,-200.487
1,5166.057,-125.222,-199.654
1,5167.057,-124.668,-198.822
1,5168.057,-124.112,-197.990
1,5169.056,-123.555,-197.160
1,5170.056,-122.996,-196.331
1,5171.056,-122.436,-195.503
1,5172.056,-121.877,-194.674
1,5173.056,-121.319,-193.845
1,5174.056,-120.762,-193.015
1,5175.055,-120.206,-192.183
1,5176.055,-119.653,-191.350
1,5177.055,-119.101,-190.517
1,5178.055,-118.549,-189.683
1,5179.055,-117.999,-188.848
1,5180.054,-117.448,-188.014
1,5181.054,-116.898,-187.179
1,5182.054,-116.345,-186.346
1,5183.054,-115.788,-185.516
1,5184.054,-115.228,-184.688
1,5185.054,-114.666,-183.860
1,5186.053,-114.105,-183.033
1,5187.053,-113.546,-182.204
1,5188.053,-112.988,-181.374
1,5189.053,-112.431,-180.544
1,5190.053,-111.875,-179.713
1,5191.052,-111.316,-178.884
1,5192.052,-110.756,-178.056
1,5193.052,-110.197,-177.227
1,5194.052,-109.639,-176.397
1,5195.052,-109.085,-175.565
1,5196.052,-108.533,-174.731
1,5197.051,-107.985,-173.895
1,5198.051,-107.438,-173.058
1,5199.051,-106.890,-172.222
1,5200.051,-106.340,-171.387
1,5201.051,-105.789,-170.553
1,5202.050,-105.236,-169.720
1,5203.050,-104.681,-168.888
1,5204.050,-104.125,-168.057
1,5205.050,-103.569,-167.226
1,5206.050,-103.012,-166.396
1,5207.050,-102.455,-165.565
1,5208.049,-101.899,-164.735
1,5209.049,-101.343,-163.903
1,5210.049,-100.787,-163.073
1,5211.049,-100.231,-162.242
1,5212.049,-99.674,-161.411
1,5213.048,-99.118,-160.581
1,5214.048,-98.560,-159.751
1,5215.048,-98.000,-158.923
1,5216.048,-97.439,-158.095
1,5217.048,-96.878,-157.267
1,5218.048,-96.319,-156.439
1,5219.047,-95.761,-155.609
1,5220.047,-95.207,-154.777
1,5221.047,-94.654,-153.943
1,5222.047,-94.103,-153.109
1,5223.047,-93.551,-152.276
1,5224.046,-92.996,-151.444
1,5225.046,-92.438,-150.614
1,5226.046,-91.877,-149.787
1,5227.046,-91.314,-148.960
1,5228.046,-90.753,-148.133
1,5229.045,-90.194,-147.304
1,5230.045,-89.642,-146.470
1,5231.045,-89.096,-145.633
1,5232.045,-88.554,-144.792
1,5233.045,-88.013,-143.952
1,5234.045,-87.470,-143.112
1,5235.044,-86.919,-142.278
1,5236.044,-86.360,-141.449
1,5237.044,-85.790,-140.628
1,5238.044,-85.212,-139.812
1,5239.044,-84.634,-138.996
1,5240.043,-84.065,-138.174
1,5241.043,-83.506,-137.345
1,5242.043,-82.959,-136.508
1,5243.043,-82.423,-135.664
1,5244.043,-81.896,-134.814
1,5245.043,-81.371,-133.964
1,5246.042,-80.845,-133.113
1,5247.042,-80.307,-132.270
1,5248.042,-79.742,-131.446
1,5249.042,-79.154,-130.637
1,5250.042,-78.559,-129.834
1,5251.041,-77.962,-129.031
1,5252.041,-77.384,-128.216
1,5253.041,-76.839,-127.378
1,5254.041,-76.315,-126.526
1,5255.041,-75.795,-125.672
1,5256.041,-75.269,-124.822
1,5257.040,-74.730,-123.980
1,5258.040,-74.175,-123.148
1,5259.040,-73.608,-122.325
1,5260.040,-73.034,-121.506
1,5261.040,-72.459,-120.688
1,5262.039,-71.887,-119.868
1,5263.039,-71.323,-119.043
1,5264.039,-70.765,-118.213
1,5265.039,-70.213,-117.379
1,5266.039,-69.665,-116.543
1,5267.039,-69.118,-115.706
1,5268.038,-68.572,-114.868
1,5269.038,-68.027,-114.030
1,5270.038,-67.479,-113.194
1,5271.038,-66.929,-112.359
1,5272.038,-66.371,-111.529
1,5273.037,-65.812,-110.700
1,5274.037,-65.253,-109.871
1,5275.037,-64.695,-109.042
1,5276.037,-64.138,-108.212
1,5277.037,-63.578,-107.384
1,5278.037,-63.011,-106.560
1,5279.036,-62.438,-105.740
1,5280.036,-61.856,-104.928
1,5281.036,-61.267,-104.120
1,5282.036,-60.673,-103.315
1,5283.036,-60.072,-102.516
1,5284.035,-59.466,-101.721
1,5285.035,-58.863,-100.924
1,5286.035,-58.273,-100.117
1,5287.035,-57.706,-99.293
1,5288.035,-57.164,-98.453
1,5289.035,-56.648,-97.596
1,5290.034,-56.160,-96.724
1,5291.034,-55.697,-95.838
1,5292.034,-55.258,-94.940
1,5293.034,-54.858,-94.023
1,5294.034,-54.486,-93.095
1,5295.033,-54.147,-92.155
1,5296.033,-53.845,-91.202
1,5297.033,-53.582,-90.237
1,5298.033,-53.356,-89.263
1,5299.033,-53.169,-88.281
1,5300.033,-53.023,-87.292
1,5301.032,-52.913,-86.298
1,5302.032,-52.837,-85.301
1,5303.032,-52.795,-84.302
1,5304.032,-52.787,-83.302
1,5305.032,-52.816,-82.303
1,5306.031,-52.851,-81.304
1,5307.031,-52.897,-80.305
1,5308.031,-52.944,-79.306
1,5309.031,-53.001,-78.308
1,5310.031,-53.066,-77.310
1,5311.031,-53.137,-76.313
1,5312.030,-53.206,-75.316
1,5313.030,-53.275,-74.318
1,5314.030,-53.332,-73.320
1,5315.030,-53.374,-72.321
1,5316.030,-53.400,-71.322
1,5317.029,-53.414,-70.322
1,5318.029,-53.410,-69.322
1,5319.029,-53.388,-68.323
1,5320.029,-53.334,-67.324
1,5321.029,-53.264,-66.327
1,5322.029,-53.170,-65.332
1,5323.028,-53.055,-64.338
1,5324.028,-52.918,-63.348
1,5325.028,-52.757,-62.361
1,5326.028,-52.573,-61.379
1,5327.028,-52.364,-60.401
1,5328.027,-52.134,-59.428
1,5329.027,-51.882,-58.460
1,5330.027,-51.608,-57.499
1,5331.027,-51.315,-56.543
1,5332.027,-51.000,-55.594
1,5333.027,-50.662,-54.653
1,5334.026,-50.302,-53.720
1,5335.026,-49.918,-52.797
1,5336.026,-49.514,-51.882
1,5337.026,-49.094,-50.975
1,5338.026,-48.651,-50.079
1,5339.025,-48.187,-49.193
1,5340.025,-47.702,-48.319
1,5341.025,-47.195,-47.457
1,5342.025,-46.662,-46.611
1,5343.025,-46.104,-45.782
1,5344.025,-45.524,-44.967
1,5345.024,-44.925,-44.167
1,5346.024,-44.304,-43.383
1,5347.024,-43.663,-42.616
1,5348.024,-43.008,-41.861
1,5349.024,-42.342,-41.115
1,5350.023,-41.672,-40.373
1,5351.023,-41.002,-39.630
1,5352.023,-40.335,-38.886
1,5353.023,-39.674,-38.135
1,5354.023,-39.016,-37.383
1,5355.022,-38.358,-36.630
1,5356.022,-37.700,-35.877
1,5357.022,-37.046,-35.121
1,5358.022,-36.391,-34.366
1,5359.022,-35.724,-33.621
1,5360.022,-35.039,-32.892
1,5361.021,-34.334,-32.184
1,5362.021,-33.607,-31.497
1,5363.021,-32.859,-30.833
1,5364.021,-32.092,-30.192
1,5365.021,-31.313,-29.566
1,5366.020,-30.524,-28.951
1,5367.020,-29.730,-28.343
1,5368.020,-28.930,-27.744
1,5369.020,-28.128,-27.148
1,5370.020,-27.328,-26.547
1,5371.020,-26.534,-25.939
1,5372.019,-25.743,-25.328
1,5373.019,-24.957,-24.711
1,5374.019,-24.176,-24.086
1,5375.019,-23.401,-23.455
1,5376.019,-22.624,-22.825
1,5377.018,-21.846,-22.197
1,5378.018,-21.066,-21.572
1,5379.018,-20.286,-20.946
1,5380.018,-19.505,-20.322
1,5381.018,-18.720,-19.703
1,5382.018,-17.928,-19.093
1,5383.017,-17.129,-18.492
1,5384.017,-16.326,-17.896
1,5385.017,-15.522,-17.302
1,5386.017,-14.716,-16.711
1,5387.017,-13.911,-16.118
1,5388.016,-13.109,-15.520
1,5389.016,-12.312,-14.916
1,5390.016,-11.522,-14.304
1,5391.016,-10.742,-13.678
1,5392.016,-9.977,-13.034
1,5393.016,-9.223,-12.378
1,5394.015,-8.483,-11.706
1,5395.015,-7.758,-11.017
1,5396.015,-7.054,-10.307
1,5397.015,-6.367,-9.581
1,5398.015,-5.703,-8.834
1,5399.014,-5.062,-8.066
1,5400.014,-4.500,-7.239
1,5401.014,-3.965,-6.395
1,5402.014,-3.451,-5.537
1,5403.014,-2.961,-4.666
1,5404.014,-2.492,-3.783
1,5405.013,-2.043,-2.889
1,5406.013,-1.614,-1.986
1,5407.013,-1.194,-1.079
2,0.000,-4572.752,-1168.693
2,0.999,-4573.680,-1169.063
2,1.998,-4574.609,-1169.430
2,2.996,-4575.539,-1169.795
2,3.995,-4576.469,-1170.158
2,4.994,-4577.400,-1170.519
2,5.993,-4578.332,-1170.879
2,6.991,-4579.264,-1171.237
2,7.990,-4580.198,-1171.592
2,8.989,-4581.132,-1171.946
2,9.988,-4582.066,-1172.300
2,10.986,-4582.999,-1172.656
2,11.985,-4583.931,-1173.013
2,12.984,-4584.863,-1173.373
2,13.983,-4585.794,-1173.735
2,14.981,-4586.725,-1174.097
2,15.980,-4587.655,-1174.461
2,16.979,-4588.585,-1174.824
2,17.978,-4589.517,-1175.184
2,18.976,-4590.450,-1175.539
2,19.975,-4591.385,-1175.890
2,20.974,-4592.321,-1176.240
2,21.973,-4593.257,-1176.590
2,22.971,-4594.192,-1176.941
2,23.970,-4595.126,-1177.292
2,24.969,-4596.062,-1177.643
2,25.968,-4596.998,-1177.990
2,26.966,-4597.935,-1178.336
2,27.965,-4598.872,-1178.683
2,28.964,-4599.807,-1179.032
2,29.963,-4600.741,-1179.385
2,30.961,-4601.674,-1179.742
2,31.960,-4602.607,-1180.100
2,32.959,-4603.539,-1180.458
2,33.958,-4604.472,-1180.815
2,34.956,-4605.405,-1181.171
2,35.955,-4606.339,-1181.526
2,36.954,-4607.272,-1181.880
2,37.953,-4608.207,-1182.233
2,38.951,-4609.142,-1182.585
2,39.950,-4610.077,-1182.935
2,40.949,-4611.012,-1183.285
2,41.948,-4611.948,-1183.635
2,42.946,-4612.884,-1183.984
2,43.945,-4613.820,-1184.332
2,44.944,-4614.756,-1184.680
2,45.943,-4615.692,-1185.028
2,46.941,-4616.628,-1185.375
2,47.940,-4617.564,-1185.726
2,48.939,-4618.499,-1186.076
2,49.938,-4619.434,-1186.426
2,50.936,-4620.371,-1186.774
2,51.935,-4621.307,-1187.121
2,52.934,-4622.244,-1187.468
2,53.933,-4623.180,-1187.816
2,54.931,-4624.117,-1188.162
2,55.930,-4625.054,-1188.508
2,56.929,-4625.991,-1188.854
2,57.928,-4626.927,-1189.200
2,58.926,-4627.864,-1189.548
2,59.925,-4628.798,-1189.900
2,60.924,-4629.732,-1190.255
2,61.923,-4630.666,-1190.610
2,62.921,-4631.601,-1190.960
2,63.920,-4632.539,-1191.303
2,64.919,-4633.480,-1191.636
2,65.918,-4634.426,-1191.958
2,66.916,-4635.374,-1192.272
2,67.915,-4636.325,-1192.576
2,68.914,-4637.279,-1192.872
2,69.913,-4638.233,-1193.166
2,70.912,-4639.187,-1193.465
2,71.910,-4640.135,-1193.779
2,72.909,-4641.074,-1194.119
2,73.908,-4641.998,-1194.496
2,74.907,-4642.908,-1194.908
2,75.905,-4643.799,-1195.359
2,76.904,-4644.672,-1195.845
2,77.903,-4645.527,-1196.360
2,78.902,-4646.366,-1196.903
2,79.900,-4647.188,-1197.470
2,80.899,-4648.001,-1198.049
2,81.898,-4648.804,-1198.643
2,82.897,-4649.595,-1199.252
2,83.895,-4650.373,-1199.879
2,84.894,-4651.130,-1200.530
2,85.893,-4651.858,-1201.214
2,86.892,-4652.556,-1201.929
2,87.890,-4653.224,-1202.671
2,88.889,-4653.860,-1203.441
2,89.888,-4654.472,-1204.230
2,90.887,-4655.059,-1205.039
2,91.885,-4655.619,-1205.865
2,92.884,-4656.152,-1206.710
2,93.883,-4656.666,-1207.566
2,94.882,-4657.154,-1208.438
2,95.880,-4657.623,-1209.319
2,96.879,-4658.066,-1210.214
2,97.878,-4658.484,-1211.122
2,98.877,-4658.872,-1212.042
2,99.875,-4659.229,-1212.974
2,100.874,-4659.540,-1213.924
2,101.873,-4659.812,-1214.885
2,102.872,-4660.040,-1215.857
2,103.870,-4660.220,-1216.839
2,104.869,-4660.353,-1217.829
2,105.868,-4660.442,-1218.824
2,106.867,-4660.492,-1219.821
2,107.865,-4660.493,-1220.820
2,108.864,-4660.446,-1221.818
2,109.863,-4660.345,-1222.811
2,110.862,-4660.194,-1223.798
2,111.860,-4659.989,-1224.776
2,112.859,-4659.735,-1225.742
2,113.858,-4659.435,-1226.694
2,114.857,-4659.086,-1227.630
2,115.855,-4658.690,-1228.547
2,116.854,-4658.246,-1229.441
2,117.853,-4657.756,-1230.311
2,118.852,-4657.220,-1231.154
2,119.850,-4656.640,-1231.967
2,120.849,-4656.021,-1232.751
2,121.848,-4655.362,-1233.501
2,122.847,-4654.665,-1234.216
2,123.845,-4653.935,-1234.897
2,124.844,-4653.172,-1235.542
2,125.843,-4652.378,-1236.147
2,126.842,-4651.556,-1236.715
2,127.840,-4650.711,-1237.247
2,128.839,-4649.844,-1237.742
2,129.838,-4648.959,-1238.206
2,130.837,-4648.061,-1238.643
2,131.835,-4647.149,-1239.049
2,132.834,-4646.223,-1239.424
2,133.833,-4645.285,-1239.764
2,134.832,-4644.331,-1240.061
2,135.830,-4643.362,-1240.302
2,136.829,-4642.381,-1240.486
2,137.828,-4641.389,-1240.601
2,138.827,-4640.392,-1240.638
2,139.825,-4639.394,-1240.602
2,140.824,-4638.401,-1240.499
2,141.823,-4637.417,-1240.330
2,142.822,-4636.443,-1240.110
2,143.821,-4635.479,-1239.849
2,144.819,-4634.526,-1239.551
2,145.818,-4633.581,-1239.227
2,146.817,-4632.644,-1238.882
2,147.816,-4631.715,-1238.515
2,148.814,-4630.796,-1238.124
2,149.813,-4629.888,-1237.709
2,150.812,-4628.995,-1237.261
2,151.811,-4628.123,-1236.776
2,152.809,-4627.273,-1236.251
2,153.808,-4626.451,-1235.685
2,154.807,-4625.658,-1235.077
2,155.806,-4624.896,-1234.432
2,156.804,-4624.162,-1233.756
2,157.803,-4623.448,-1233.057
2,158.802,-4622.749,-1232.344
2,159.801,-4622.054,-1231.627
2,160.799,-4621.362,-1230.907
2,161.798,-4620.672,-1230.184
2,162.797,-4619.984,-1229.460
2,163.796,-4619.298,-1228.734
2,164.794,-4618.613,-1228.008
2,165.793,-4617.926,-1227.283
2,166.792,-4617.237,-1226.559
2,167.791,-4616.547,-1225.837
2,168.789,-4615.856,-1225.116
2,169.788,-4615.164,-1224.396
2,170.787,-4614.471,-1223.677
2,171.786,-4613.776,-1222.960
2,172.784,-4613.079,-1222.245
2,173.783,-4612.379,-1221.532
2,174.782,-4611.678,-1220.821
2,175.781,-4610.978,-1220.108
2,176.779,-4610.279,-1219.394
2,177.778,-4609.582,-1218.680
2,178.777,-4608.886,-1217.963
3,0.000,-4609.568,-1240.190
3,0.998,-4608.723,-1239.659
3,1.995,-4607.879,-1239.127
3,2.993,-4607.035,-1238.595
3,3.991,-4606.192,-1238.062
3,4.989,-4605.349,-1237.528
3,5.986,-4604.506,-1236.994
3,6.984,-4603.663,-1236.461
3,7.982,-4602.819,-1235.928
3,8.980,-4601.975,-1235.396
3,9.977,-4601.129,-1234.867
3,10.975,-4600.279,-1234.344
3,11.973,-4599.428,-1233.823
3,12.971,-4598.582,-1233.295
3,13.968,-4597.743,-1232.755
3,14.966,-4596.918,-1232.194
3,15.964,-4596.112,-1231.605
3,16.962,-4595.326,-1230.991
3,17.959,-4594.564,-1230.347
3,18.957,-4593.799,-1229.707
3,19.955,-4592.982,-1229.134
3,20.953,-4592.122,-1228.629
3,21.950,-4591.223,-1228.195
3,22.948,-4590.293,-1227.834
3,23.946,-4589.339,-1227.544
3,24.944,-4588.373,-1227.291
3,25.941,-4587.423,-1226.989
3,26.939,-4586.489,-1226.637
3,27.937,-4585.569,-1226.251
3,28.935,-4584.658,-1225.845
3,29.932,-4583.747,-1225.436
3,30.930,-4582.831,-1225.042
3,31.928,-4581.904,-1224.673
3,32.926,-4580.963,-1224.340
3,33.923,-4580.022,-1224.008
3,34.921,-4579.112,-1223.600
3,35.919,-4578.241,-1223.113
3,36.917,-4577.418,-1222.550
3,37.914,-4576.655,-1221.908
3,38.912,-4575.959,-1221.193
3,39.910,-4575.311,-1220.435
3,40.908,-4574.647,-1219.690
3,41.905,-4573.962,-1218.965
3,42.903,-4573.256,-1218.260
3,43.901,-4572.536,-1217.569
3,44.899,-4571.811,-1216.884
3,45.896,-4571.085,-1216.199
3,46.894,-4570.364,-1215.509
3,47.892,-4569.656,-1214.807
3,48.890,-4568.962,-1214.089
3,49.887,-4568.280,-1213.361
3,50.885,-4567.608,-1212.624
3,51.883,-4566.946,-1211.877
3,52.881,-4566.291,-1211.125
3,53.878,-4565.641,-1210.368
3,54.876,-4565.001,-1209.602
3,55.874,-4564.372,-1208.828
3,56.872,-4563.756,-1208.043
3,57.869,-4563.153,-1207.248
3,58.867,-4562.560,-1206.446
3,59.865,-4561.972,-1205.640
3,60.862,-4561.390,-1204.829
3,61.860,-4560.815,-1204.014
3,62.858,-4560.246,-1203.194
3,63.856,-4559.683,-1202.371
3,64.853,-4559.125,-1201.543
3,65.851,-4558.574,-1200.712
3,66.849,-4558.023,-1199.879
3,67.847,-4557.473,-1199.047
3,68.844,-4556.924,-1198.214
3,69.842,-4556.381,-1197.377
3,70.840,-4555.846,-1196.535
3,71.838,-4555.318,-1195.688
3,72.835,-4554.796,-1194.838
3,73.833,-4554.283,-1193.982
3,74.831,-4553.778,-1193.122
3,75.829,-4553.278,-1192.259
3,76.826,-4552.779,-1191.395
3,77.824,-4552.279,-1190.531
3,78.822,-4551.780,-1189.667
3,79.820,-4551.285,-1188.801
3,80.817,-4550.793,-1187.932
3,81.815,-4550.306,-1187.062
3,82.813,-4549.821,-1186.190
3,83.811,-4549.338,-1185.317
3,84.808,-4548.853,-1184.445
3,85.806,-4548.367,-1183.574
3,86.804,-4547.881,-1182.702
3,87.802,-4547.402,-1181.827
3,88.799,-4546.927,-1180.950
3,89.797,-4546.452,-1180.072
3,90.795,-4545.979,-1179.193
3,91.793,-4545.511,-1178.312
3,92.790,-4545.051,-1177.427
3,93.788,-4544.603,-1176.535
3,94.786,-4544.163,-1175.640
3,95.784,-4543.730,-1174.741
3,96.781,-4543.302,-1173.840
3,97.779,-4542.873,-1172.939
3,98.777,-4542.442,-1172.039
3,99.775,-4542.012,-1171.139
3,100.772,-4541.587,-1170.236
3,101.770,-4541.166,-1169.331
3,102.768,-4540.746,-1168.427
3,103.766,-4540.329,-1167.520
3,104.763,-4539.914,-1166.613
3,105.761,-4539.503,-1165.704
3,106.759,-4539.097,-1164.792
3,107.757,-4538.700,-1163.877
3,108.754,-4538.312,-1162.958
3,109.752,-4537.933,-1162.035
3,110.750,-4537.564,-1161.108
3,111.748,-4537.205,-1160.177
3,112.745,-4536.859,-1159.241
3,113.743,-4536.527,-1158.300
3,114.741,-4536.207,-1157.355
3,115.738,-4535.895,-1156.407
3,116.736,-4535.593,-1155.456
3,117.734,-4535.298,-1154.503
3,118.732,-4535.010,-1153.548
3,119.729,-4534.726,-1152.591
3,120.727,-4534.439,-1151.636
3,121.725,-4534.141,-1150.684
3,122.723,-4533.834,-1149.734
3,123.720,-4533.512,-1148.790
3,124.718,-4533.176,-1147.851
3,125.716,-4532.830,-1146.915
3,126.714,-4532.472,-1145.983
3,127.711,-4532.096,-1145.059
3,128.709,-4531.705,-1144.141
3,129.707,-4531.303,-1143.228
3,130.705,-4530.899,-1142.316
3,131.702,-4530.491,-1141.405
3,132.700,-4530.028,-1140.521
3,133.698,-4529.560,-1139.640
3,134.696,-4529.090,-1138.760
3,135.693,-4528.614,-1137.883
3,136.691,-4528.133,-1137.009
3,137.689,-4527.605,-1136.163
3,138.687,-4527.063,-1135.325
3,139.684,-4526.507,-1134.497
3,140.682,-4525.931,-1133.682
3,141.680,-4525.338,-1132.880
3,142.678,-4524.730,-1132.088
3,143.675,-4524.108,-1131.308
3,144.673,-4523.475,-1130.537
